context,question,answer
"Who Did Patrick's Homework?

Patrick never did homework. ""Too boring,"" he said. He played hockey and basketball and Nintendo instead. His teachers told him, ""Patrick! Do your homework or you won't learn a thing."" And it's true, sometimes he did feel like an ignoramus. But what could he do? He hated homework.

Then one day he found his cat playing with a little doll and he grabbed it away. To his surprise it wasn't a doll at all, but a man of the tiniest size. He had a little wool shirt with oldfashioned britches and a high tall hat much like a witch's. He yelled, ""Save me! Don't give me back to that cat. I'll grant you a wish, I promise you that.""

Patrick couldn't believe how lucky he was! Here was the answer to all of his problems. So he said, ""Only if you do all my homework till the end of the semester, that's 35 days. If you do a good enough job, I could even get A's.""

The little man's face wrinkled like a dishcloth thrown in the hamper. He kicked his legs and doubled his fists and he grimaced and scowled and pursed his lips, ""Oh, am I cursed! But I'll do it.""

And true to his word, that little elf began to do Patrick's homework. Except there was one glitch. The elf didn't always know what to do and he needed help. ""Help me! Help me!"" he'd say. And Patrick would have to help - in whatever way.

""I don't know this word,"" the elf squeaked while reading Patrick's homework. ""Get me a dictionary. No, what's even better, look up the word and sound it out by each letter.""

When it came to maths, Patrick was out of luck. ""What are times tables?"" the elf shrieked. ""We elves never need that. And addition and subtraction and division and fractions? Here, sit down beside me, you simply must guide me."" Elves know nothing of human history, to them it's a mystery. So the little elf, already a shouter, just got louder. ""Go to the library, I need books. More and more books. And you can help me read them too.""

As a matter of fact, every day in every way that little elf was a nag! Patrick was working harder than ever and was it a drag! He was staying up nights, had never felt so weary, was going to school with his eyes puffed and bleary.

Finally, the last day of school arrived and the elf was free to go. As for homework, there was no more, so he quietly and slyly slipped out the back door.

Patrick got his A's; his classmates were amazed; his teachers smiled and were full of praise. And his parents? They wondered what had happened to Patrick. He was now the model kid. Cleaned his room, did his chores, was cheerful, never rude, like he had developed a whole new attitude.

You see, in the end, Patrick still thought he'd made that tiny man do all his homework. But I'll share a secret, just between you and me. It wasn't the elf; Patrick had done it himself!",What did Patrick think his cat was playing with? What was it really?,"Patrick thought that his cat was playing with a doll. It was in-fact a small elf. This elf looked
like a miniature man."
"Who Did Patrick's Homework?

Patrick never did homework. ""Too boring,"" he said. He played hockey and basketball and Nintendo instead. His teachers told him, ""Patrick! Do your homework or you won't learn a thing."" And it's true, sometimes he did feel like an ignoramus. But what could he do? He hated homework.

Then one day he found his cat playing with a little doll and he grabbed it away. To his surprise it wasn't a doll at all, but a man of the tiniest size. He had a little wool shirt with oldfashioned britches and a high tall hat much like a witch's. He yelled, ""Save me! Don't give me back to that cat. I'll grant you a wish, I promise you that.""

Patrick couldn't believe how lucky he was! Here was the answer to all of his problems. So he said, ""Only if you do all my homework till the end of the semester, that's 35 days. If you do a good enough job, I could even get A's.""

The little man's face wrinkled like a dishcloth thrown in the hamper. He kicked his legs and doubled his fists and he grimaced and scowled and pursed his lips, ""Oh, am I cursed! But I'll do it.""

And true to his word, that little elf began to do Patrick's homework. Except there was one glitch. The elf didn't always know what to do and he needed help. ""Help me! Help me!"" he'd say. And Patrick would have to help - in whatever way.

""I don't know this word,"" the elf squeaked while reading Patrick's homework. ""Get me a dictionary. No, what's even better, look up the word and sound it out by each letter.""

When it came to maths, Patrick was out of luck. ""What are times tables?"" the elf shrieked. ""We elves never need that. And addition and subtraction and division and fractions? Here, sit down beside me, you simply must guide me."" Elves know nothing of human history, to them it's a mystery. So the little elf, already a shouter, just got louder. ""Go to the library, I need books. More and more books. And you can help me read them too.""

As a matter of fact, every day in every way that little elf was a nag! Patrick was working harder than ever and was it a drag! He was staying up nights, had never felt so weary, was going to school with his eyes puffed and bleary.

Finally, the last day of school arrived and the elf was free to go. As for homework, there was no more, so he quietly and slyly slipped out the back door.

Patrick got his A's; his classmates were amazed; his teachers smiled and were full of praise. And his parents? They wondered what had happened to Patrick. He was now the model kid. Cleaned his room, did his chores, was cheerful, never rude, like he had developed a whole new attitude.

You see, in the end, Patrick still thought he'd made that tiny man do all his homework. But I'll share a secret, just between you and me. It wasn't the elf; Patrick had done it himself!",Why did the little man grant Patrick a wish?,"The elf was happy and relieved that Patrick had saved him from the cat. For this, the elf
granted Patrick one wish."
"Who Did Patrick's Homework?

Patrick never did homework. ""Too boring,"" he said. He played hockey and basketball and Nintendo instead. His teachers told him, ""Patrick! Do your homework or you won't learn a thing."" And it's true, sometimes he did feel like an ignoramus. But what could he do? He hated homework.

Then one day he found his cat playing with a little doll and he grabbed it away. To his surprise it wasn't a doll at all, but a man of the tiniest size. He had a little wool shirt with oldfashioned britches and a high tall hat much like a witch's. He yelled, ""Save me! Don't give me back to that cat. I'll grant you a wish, I promise you that.""

Patrick couldn't believe how lucky he was! Here was the answer to all of his problems. So he said, ""Only if you do all my homework till the end of the semester, that's 35 days. If you do a good enough job, I could even get A's.""

The little man's face wrinkled like a dishcloth thrown in the hamper. He kicked his legs and doubled his fists and he grimaced and scowled and pursed his lips, ""Oh, am I cursed! But I'll do it.""

And true to his word, that little elf began to do Patrick's homework. Except there was one glitch. The elf didn't always know what to do and he needed help. ""Help me! Help me!"" he'd say. And Patrick would have to help - in whatever way.

""I don't know this word,"" the elf squeaked while reading Patrick's homework. ""Get me a dictionary. No, what's even better, look up the word and sound it out by each letter.""

When it came to maths, Patrick was out of luck. ""What are times tables?"" the elf shrieked. ""We elves never need that. And addition and subtraction and division and fractions? Here, sit down beside me, you simply must guide me."" Elves know nothing of human history, to them it's a mystery. So the little elf, already a shouter, just got louder. ""Go to the library, I need books. More and more books. And you can help me read them too.""

As a matter of fact, every day in every way that little elf was a nag! Patrick was working harder than ever and was it a drag! He was staying up nights, had never felt so weary, was going to school with his eyes puffed and bleary.

Finally, the last day of school arrived and the elf was free to go. As for homework, there was no more, so he quietly and slyly slipped out the back door.

Patrick got his A's; his classmates were amazed; his teachers smiled and were full of praise. And his parents? They wondered what had happened to Patrick. He was now the model kid. Cleaned his room, did his chores, was cheerful, never rude, like he had developed a whole new attitude.

You see, in the end, Patrick still thought he'd made that tiny man do all his homework. But I'll share a secret, just between you and me. It wasn't the elf; Patrick had done it himself!",What was Patrick’s wish?,"Patrick was a young boy who loved playing games and video games and hated doing
homework. So, when the elf granted him one wish, he asked the elf to do all his homework"
"Who Did Patrick's Homework?

Patrick never did homework. ""Too boring,"" he said. He played hockey and basketball and Nintendo instead. His teachers told him, ""Patrick! Do your homework or you won't learn a thing."" And it's true, sometimes he did feel like an ignoramus. But what could he do? He hated homework.

Then one day he found his cat playing with a little doll and he grabbed it away. To his surprise it wasn't a doll at all, but a man of the tiniest size. He had a little wool shirt with oldfashioned britches and a high tall hat much like a witch's. He yelled, ""Save me! Don't give me back to that cat. I'll grant you a wish, I promise you that.""

Patrick couldn't believe how lucky he was! Here was the answer to all of his problems. So he said, ""Only if you do all my homework till the end of the semester, that's 35 days. If you do a good enough job, I could even get A's.""

The little man's face wrinkled like a dishcloth thrown in the hamper. He kicked his legs and doubled his fists and he grimaced and scowled and pursed his lips, ""Oh, am I cursed! But I'll do it.""

And true to his word, that little elf began to do Patrick's homework. Except there was one glitch. The elf didn't always know what to do and he needed help. ""Help me! Help me!"" he'd say. And Patrick would have to help - in whatever way.

""I don't know this word,"" the elf squeaked while reading Patrick's homework. ""Get me a dictionary. No, what's even better, look up the word and sound it out by each letter.""

When it came to maths, Patrick was out of luck. ""What are times tables?"" the elf shrieked. ""We elves never need that. And addition and subtraction and division and fractions? Here, sit down beside me, you simply must guide me."" Elves know nothing of human history, to them it's a mystery. So the little elf, already a shouter, just got louder. ""Go to the library, I need books. More and more books. And you can help me read them too.""

As a matter of fact, every day in every way that little elf was a nag! Patrick was working harder than ever and was it a drag! He was staying up nights, had never felt so weary, was going to school with his eyes puffed and bleary.

Finally, the last day of school arrived and the elf was free to go. As for homework, there was no more, so he quietly and slyly slipped out the back door.

Patrick got his A's; his classmates were amazed; his teachers smiled and were full of praise. And his parents? They wondered what had happened to Patrick. He was now the model kid. Cleaned his room, did his chores, was cheerful, never rude, like he had developed a whole new attitude.

You see, in the end, Patrick still thought he'd made that tiny man do all his homework. But I'll share a secret, just between you and me. It wasn't the elf; Patrick had done it himself!","In what subjects did the little man need help, to do Patrick’s homework?","The elf needed help in English, Maths, and History subjects as he was very weak in these.
For these subjects, he constantly called out to Patrick, who helped him."
"Who Did Patrick's Homework?

Patrick never did homework. ""Too boring,"" he said. He played hockey and basketball and Nintendo instead. His teachers told him, ""Patrick! Do your homework or you won't learn a thing."" And it's true, sometimes he did feel like an ignoramus. But what could he do? He hated homework.

Then one day he found his cat playing with a little doll and he grabbed it away. To his surprise it wasn't a doll at all, but a man of the tiniest size. He had a little wool shirt with oldfashioned britches and a high tall hat much like a witch's. He yelled, ""Save me! Don't give me back to that cat. I'll grant you a wish, I promise you that.""

Patrick couldn't believe how lucky he was! Here was the answer to all of his problems. So he said, ""Only if you do all my homework till the end of the semester, that's 35 days. If you do a good enough job, I could even get A's.""

The little man's face wrinkled like a dishcloth thrown in the hamper. He kicked his legs and doubled his fists and he grimaced and scowled and pursed his lips, ""Oh, am I cursed! But I'll do it.""

And true to his word, that little elf began to do Patrick's homework. Except there was one glitch. The elf didn't always know what to do and he needed help. ""Help me! Help me!"" he'd say. And Patrick would have to help - in whatever way.

""I don't know this word,"" the elf squeaked while reading Patrick's homework. ""Get me a dictionary. No, what's even better, look up the word and sound it out by each letter.""

When it came to maths, Patrick was out of luck. ""What are times tables?"" the elf shrieked. ""We elves never need that. And addition and subtraction and division and fractions? Here, sit down beside me, you simply must guide me."" Elves know nothing of human history, to them it's a mystery. So the little elf, already a shouter, just got louder. ""Go to the library, I need books. More and more books. And you can help me read them too.""

As a matter of fact, every day in every way that little elf was a nag! Patrick was working harder than ever and was it a drag! He was staying up nights, had never felt so weary, was going to school with his eyes puffed and bleary.

Finally, the last day of school arrived and the elf was free to go. As for homework, there was no more, so he quietly and slyly slipped out the back door.

Patrick got his A's; his classmates were amazed; his teachers smiled and were full of praise. And his parents? They wondered what had happened to Patrick. He was now the model kid. Cleaned his room, did his chores, was cheerful, never rude, like he had developed a whole new attitude.

You see, in the end, Patrick still thought he'd made that tiny man do all his homework. But I'll share a secret, just between you and me. It wasn't the elf; Patrick had done it himself!",How did Patrick help him?,"Patrick was of great help to the elf. He would stay up late at night and help him while doing
the homework. He would often bring out books, read aloud from the dictionary and gave him
solutions to math problems."
"Who Did Patrick's Homework?

Patrick never did homework. ""Too boring,"" he said. He played hockey and basketball and Nintendo instead. His teachers told him, ""Patrick! Do your homework or you won't learn a thing."" And it's true, sometimes he did feel like an ignoramus. But what could he do? He hated homework.

Then one day he found his cat playing with a little doll and he grabbed it away. To his surprise it wasn't a doll at all, but a man of the tiniest size. He had a little wool shirt with oldfashioned britches and a high tall hat much like a witch's. He yelled, ""Save me! Don't give me back to that cat. I'll grant you a wish, I promise you that.""

Patrick couldn't believe how lucky he was! Here was the answer to all of his problems. So he said, ""Only if you do all my homework till the end of the semester, that's 35 days. If you do a good enough job, I could even get A's.""

The little man's face wrinkled like a dishcloth thrown in the hamper. He kicked his legs and doubled his fists and he grimaced and scowled and pursed his lips, ""Oh, am I cursed! But I'll do it.""

And true to his word, that little elf began to do Patrick's homework. Except there was one glitch. The elf didn't always know what to do and he needed help. ""Help me! Help me!"" he'd say. And Patrick would have to help - in whatever way.

""I don't know this word,"" the elf squeaked while reading Patrick's homework. ""Get me a dictionary. No, what's even better, look up the word and sound it out by each letter.""

When it came to maths, Patrick was out of luck. ""What are times tables?"" the elf shrieked. ""We elves never need that. And addition and subtraction and division and fractions? Here, sit down beside me, you simply must guide me."" Elves know nothing of human history, to them it's a mystery. So the little elf, already a shouter, just got louder. ""Go to the library, I need books. More and more books. And you can help me read them too.""

As a matter of fact, every day in every way that little elf was a nag! Patrick was working harder than ever and was it a drag! He was staying up nights, had never felt so weary, was going to school with his eyes puffed and bleary.

Finally, the last day of school arrived and the elf was free to go. As for homework, there was no more, so he quietly and slyly slipped out the back door.

Patrick got his A's; his classmates were amazed; his teachers smiled and were full of praise. And his parents? They wondered what had happened to Patrick. He was now the model kid. Cleaned his room, did his chores, was cheerful, never rude, like he had developed a whole new attitude.

You see, in the end, Patrick still thought he'd made that tiny man do all his homework. But I'll share a secret, just between you and me. It wasn't the elf; Patrick had done it himself!","Who do you think did Patrick’s homework — the little man, or Patrick himself? Give
reasons for your answer.","In conclusion, it was actually Patrick himself who did his own homework. He had to help the
elf over and over, guide him with various subjects, bring books and read up to then explain
them to the elf and read out words from the dictionary so that the elf could understand them."
"How the Dog Found Himself a Master!

1. Dogs were once their own masters and lived the way wolves do, in freedom, until a dog was born who was ill pleased with this way of life. He was sick and tired of wandering about by himself looking for food and being frightened of those who were stronger than he.  

2. He thought it over and decided that the best thing for him to do was to become the servant of one who was stronger than anyone on earth, and he set out to find such a master.  

3. He walked and he walked and he met a kinsman of his, a big wolf who was as strong as he was fierce.  
""Where are you going, Dog?"" the Wolf asked.  
""I am looking for someone to take up service with. Would you like to be my master, Wolf?""  
""I don't see why not!"" the Wolf said, and this agreed upon, the two of them went on together.  

4. They walked and they walked, and all of a sudden the Wolf lifted his nose, sniffed, darted quickly off the path and into the bushes and crept deeper into the forest. The Dog was much surprised.  
""What's come over you, master?"" he asked. ""What has frightened you so?""  
""Can't you see? There's a Bear out there, and he might eat up both of us – you and me.""  

5. Seeing that the Bear was stronger than the Wolf, the Dog decided to take up service with him, and he left the Wolf and asked the Bear to be his master. The Bear agreed to this readily and said, ""Let us go and find a herd of cows. I’ll kill a cow and then we can both eat our fill.""  

6. They walked on and soon saw a herd of cows, but just as they were about to come up to it they were stopped by a terrible noise. The cows were mooing loudly and running in a panic in all directions.  

7. The Bear looked out from behind a tree, and then he too ran hastily deeper into the forest.  
""Now, why did I have to come here!"" said he to the Dog. ""It is the Lion who rules the forest in these parts.""  
""The Lion? Who’s he?""  
""Don’t you know? He is the strongest beast on earth!""  
""Well, then, I’ll say goodbye to you, Bear. I want a master who is stronger than anyone on earth!""  

8. And off the Dog went to ask the Lion to be his master. The Lion agreed to it, and the Dog stayed with him and served him for a long, long time. It was a good life, and he had nothing to complain of, for there was no stronger beast in the forest than the Lion, and no one dared touch the Dog or offend him in any way.  

9. But one day the two of them were walking side by side along a path that ran amid bare cliffs when all of a sudden the Lion stopped. He gave a great roar and struck the ground angrily with his paw with such force that a hole formed there. Then he began to back away very quietly.  
""What is it, Master, is anything wrong?"" asked the Dog, surprised.  
""I smell a man coming this way,"" the Lion said. ""We’d better run for it or we’ll be in trouble.""  
""Oh, well, then I’ll say goodbye to you, Lion. I want a master who is stronger than anyone on earth!""  

10. And off the Dog went to join the man and he stayed with him and served him faithfully. This happened long, long ago, but to this day the dog is man’s most loyal servant and knows no other master.  ",Why did the dog feel the need for a master?,"The dog felt the need for a master because he was frightened of others
stronger than him and was also tired of wandering and looking around for food."
"How the Dog Found Himself a Master!

1. Dogs were once their own masters and lived the way wolves do, in freedom, until a dog was born who was ill pleased with this way of life. He was sick and tired of wandering about by himself looking for food and being frightened of those who were stronger than he.  

2. He thought it over and decided that the best thing for him to do was to become the servant of one who was stronger than anyone on earth, and he set out to find such a master.  

3. He walked and he walked and he met a kinsman of his, a big wolf who was as strong as he was fierce.  
""Where are you going, Dog?"" the Wolf asked.  
""I am looking for someone to take up service with. Would you like to be my master, Wolf?""  
""I don't see why not!"" the Wolf said, and this agreed upon, the two of them went on together.  

4. They walked and they walked, and all of a sudden the Wolf lifted his nose, sniffed, darted quickly off the path and into the bushes and crept deeper into the forest. The Dog was much surprised.  
""What's come over you, master?"" he asked. ""What has frightened you so?""  
""Can't you see? There's a Bear out there, and he might eat up both of us – you and me.""  

5. Seeing that the Bear was stronger than the Wolf, the Dog decided to take up service with him, and he left the Wolf and asked the Bear to be his master. The Bear agreed to this readily and said, ""Let us go and find a herd of cows. I’ll kill a cow and then we can both eat our fill.""  

6. They walked on and soon saw a herd of cows, but just as they were about to come up to it they were stopped by a terrible noise. The cows were mooing loudly and running in a panic in all directions.  

7. The Bear looked out from behind a tree, and then he too ran hastily deeper into the forest.  
""Now, why did I have to come here!"" said he to the Dog. ""It is the Lion who rules the forest in these parts.""  
""The Lion? Who’s he?""  
""Don’t you know? He is the strongest beast on earth!""  
""Well, then, I’ll say goodbye to you, Bear. I want a master who is stronger than anyone on earth!""  

8. And off the Dog went to ask the Lion to be his master. The Lion agreed to it, and the Dog stayed with him and served him for a long, long time. It was a good life, and he had nothing to complain of, for there was no stronger beast in the forest than the Lion, and no one dared touch the Dog or offend him in any way.  

9. But one day the two of them were walking side by side along a path that ran amid bare cliffs when all of a sudden the Lion stopped. He gave a great roar and struck the ground angrily with his paw with such force that a hole formed there. Then he began to back away very quietly.  
""What is it, Master, is anything wrong?"" asked the Dog, surprised.  
""I smell a man coming this way,"" the Lion said. ""We’d better run for it or we’ll be in trouble.""  
""Oh, well, then I’ll say goodbye to you, Lion. I want a master who is stronger than anyone on earth!""  

10. And off the Dog went to join the man and he stayed with him and served him faithfully. This happened long, long ago, but to this day the dog is man’s most loyal servant and knows no other master.  ",Who did he first choose as his master? Why did he leave that master?,"He chose the wolf as his first master. He left his master as the wolf was
scared of the bear, who was stronger than him."
"How the Dog Found Himself a Master!

1. Dogs were once their own masters and lived the way wolves do, in freedom, until a dog was born who was ill pleased with this way of life. He was sick and tired of wandering about by himself looking for food and being frightened of those who were stronger than he.  

2. He thought it over and decided that the best thing for him to do was to become the servant of one who was stronger than anyone on earth, and he set out to find such a master.  

3. He walked and he walked and he met a kinsman of his, a big wolf who was as strong as he was fierce.  
""Where are you going, Dog?"" the Wolf asked.  
""I am looking for someone to take up service with. Would you like to be my master, Wolf?""  
""I don't see why not!"" the Wolf said, and this agreed upon, the two of them went on together.  

4. They walked and they walked, and all of a sudden the Wolf lifted his nose, sniffed, darted quickly off the path and into the bushes and crept deeper into the forest. The Dog was much surprised.  
""What's come over you, master?"" he asked. ""What has frightened you so?""  
""Can't you see? There's a Bear out there, and he might eat up both of us – you and me.""  

5. Seeing that the Bear was stronger than the Wolf, the Dog decided to take up service with him, and he left the Wolf and asked the Bear to be his master. The Bear agreed to this readily and said, ""Let us go and find a herd of cows. I’ll kill a cow and then we can both eat our fill.""  

6. They walked on and soon saw a herd of cows, but just as they were about to come up to it they were stopped by a terrible noise. The cows were mooing loudly and running in a panic in all directions.  

7. The Bear looked out from behind a tree, and then he too ran hastily deeper into the forest.  
""Now, why did I have to come here!"" said he to the Dog. ""It is the Lion who rules the forest in these parts.""  
""The Lion? Who’s he?""  
""Don’t you know? He is the strongest beast on earth!""  
""Well, then, I’ll say goodbye to you, Bear. I want a master who is stronger than anyone on earth!""  

8. And off the Dog went to ask the Lion to be his master. The Lion agreed to it, and the Dog stayed with him and served him for a long, long time. It was a good life, and he had nothing to complain of, for there was no stronger beast in the forest than the Lion, and no one dared touch the Dog or offend him in any way.  

9. But one day the two of them were walking side by side along a path that ran amid bare cliffs when all of a sudden the Lion stopped. He gave a great roar and struck the ground angrily with his paw with such force that a hole formed there. Then he began to back away very quietly.  
""What is it, Master, is anything wrong?"" asked the Dog, surprised.  
""I smell a man coming this way,"" the Lion said. ""We’d better run for it or we’ll be in trouble.""  
""Oh, well, then I’ll say goodbye to you, Lion. I want a master who is stronger than anyone on earth!""  

10. And off the Dog went to join the man and he stayed with him and served him faithfully. This happened long, long ago, but to this day the dog is man’s most loyal servant and knows no other master.  ",Who did he choose next?,He chose the bear to be his master.
"How the Dog Found Himself a Master!

1. Dogs were once their own masters and lived the way wolves do, in freedom, until a dog was born who was ill pleased with this way of life. He was sick and tired of wandering about by himself looking for food and being frightened of those who were stronger than he.  

2. He thought it over and decided that the best thing for him to do was to become the servant of one who was stronger than anyone on earth, and he set out to find such a master.  

3. He walked and he walked and he met a kinsman of his, a big wolf who was as strong as he was fierce.  
""Where are you going, Dog?"" the Wolf asked.  
""I am looking for someone to take up service with. Would you like to be my master, Wolf?""  
""I don't see why not!"" the Wolf said, and this agreed upon, the two of them went on together.  

4. They walked and they walked, and all of a sudden the Wolf lifted his nose, sniffed, darted quickly off the path and into the bushes and crept deeper into the forest. The Dog was much surprised.  
""What's come over you, master?"" he asked. ""What has frightened you so?""  
""Can't you see? There's a Bear out there, and he might eat up both of us – you and me.""  

5. Seeing that the Bear was stronger than the Wolf, the Dog decided to take up service with him, and he left the Wolf and asked the Bear to be his master. The Bear agreed to this readily and said, ""Let us go and find a herd of cows. I’ll kill a cow and then we can both eat our fill.""  

6. They walked on and soon saw a herd of cows, but just as they were about to come up to it they were stopped by a terrible noise. The cows were mooing loudly and running in a panic in all directions.  

7. The Bear looked out from behind a tree, and then he too ran hastily deeper into the forest.  
""Now, why did I have to come here!"" said he to the Dog. ""It is the Lion who rules the forest in these parts.""  
""The Lion? Who’s he?""  
""Don’t you know? He is the strongest beast on earth!""  
""Well, then, I’ll say goodbye to you, Bear. I want a master who is stronger than anyone on earth!""  

8. And off the Dog went to ask the Lion to be his master. The Lion agreed to it, and the Dog stayed with him and served him for a long, long time. It was a good life, and he had nothing to complain of, for there was no stronger beast in the forest than the Lion, and no one dared touch the Dog or offend him in any way.  

9. But one day the two of them were walking side by side along a path that ran amid bare cliffs when all of a sudden the Lion stopped. He gave a great roar and struck the ground angrily with his paw with such force that a hole formed there. Then he began to back away very quietly.  
""What is it, Master, is anything wrong?"" asked the Dog, surprised.  
""I smell a man coming this way,"" the Lion said. ""We’d better run for it or we’ll be in trouble.""  
""Oh, well, then I’ll say goodbye to you, Lion. I want a master who is stronger than anyone on earth!""  

10. And off the Dog went to join the man and he stayed with him and served him faithfully. This happened long, long ago, but to this day the dog is man’s most loyal servant and knows no other master.  ",Why did he serve the Lion for a long time?,"He served the lion for a long time because there was no one stronger than
the lion. He was the strongest beast in the forest. He felt safe and secure with
the lion as his master and nobody in the forest dared to offend him in any way."
"How the Dog Found Himself a Master!

1. Dogs were once their own masters and lived the way wolves do, in freedom, until a dog was born who was ill pleased with this way of life. He was sick and tired of wandering about by himself looking for food and being frightened of those who were stronger than he.  

2. He thought it over and decided that the best thing for him to do was to become the servant of one who was stronger than anyone on earth, and he set out to find such a master.  

3. He walked and he walked and he met a kinsman of his, a big wolf who was as strong as he was fierce.  
""Where are you going, Dog?"" the Wolf asked.  
""I am looking for someone to take up service with. Would you like to be my master, Wolf?""  
""I don't see why not!"" the Wolf said, and this agreed upon, the two of them went on together.  

4. They walked and they walked, and all of a sudden the Wolf lifted his nose, sniffed, darted quickly off the path and into the bushes and crept deeper into the forest. The Dog was much surprised.  
""What's come over you, master?"" he asked. ""What has frightened you so?""  
""Can't you see? There's a Bear out there, and he might eat up both of us – you and me.""  

5. Seeing that the Bear was stronger than the Wolf, the Dog decided to take up service with him, and he left the Wolf and asked the Bear to be his master. The Bear agreed to this readily and said, ""Let us go and find a herd of cows. I’ll kill a cow and then we can both eat our fill.""  

6. They walked on and soon saw a herd of cows, but just as they were about to come up to it they were stopped by a terrible noise. The cows were mooing loudly and running in a panic in all directions.  

7. The Bear looked out from behind a tree, and then he too ran hastily deeper into the forest.  
""Now, why did I have to come here!"" said he to the Dog. ""It is the Lion who rules the forest in these parts.""  
""The Lion? Who’s he?""  
""Don’t you know? He is the strongest beast on earth!""  
""Well, then, I’ll say goodbye to you, Bear. I want a master who is stronger than anyone on earth!""  

8. And off the Dog went to ask the Lion to be his master. The Lion agreed to it, and the Dog stayed with him and served him for a long, long time. It was a good life, and he had nothing to complain of, for there was no stronger beast in the forest than the Lion, and no one dared touch the Dog or offend him in any way.  

9. But one day the two of them were walking side by side along a path that ran amid bare cliffs when all of a sudden the Lion stopped. He gave a great roar and struck the ground angrily with his paw with such force that a hole formed there. Then he began to back away very quietly.  
""What is it, Master, is anything wrong?"" asked the Dog, surprised.  
""I smell a man coming this way,"" the Lion said. ""We’d better run for it or we’ll be in trouble.""  
""Oh, well, then I’ll say goodbye to you, Lion. I want a master who is stronger than anyone on earth!""  

10. And off the Dog went to join the man and he stayed with him and served him faithfully. This happened long, long ago, but to this day the dog is man’s most loyal servant and knows no other master.  ",Who did he finally choose as his master and why?,"Finally he chose humans to be his master because even the lion was
scared of the man and the dog wanted someone who was stronger than anyone
on the earth."
"## Taro's Reward  

A young woodcutter named Taro lived with his mother and father on a lonely hillside. All day long he chopped wood in the forest. Though he worked very hard, he earned very little money. This made him sad, for he was a thoughtful son and wanted to give his old parents everything they needed.  

One evening, when Taro and his parents were sitting in a corner of their hut, a strong wind began to blow. It whistled through the cracks of the hut and everyone felt very cold. Suddenly Taro's father said, ""I wish I had a cup of saké; it would warm me and do my old heart good.""  

This made Taro sadder than ever, for the heart-warming drink called saké was very expensive. How do I earn more money?' he asked himself. 'How do I get a little sake for my poor old father?' He decided to work harder than before.  

Next morning, Taro jumped out of bed earlier than usual and made his way to the forest. He chopped and cut, chopped and cut as the sun climbed, and soon he was so warm that he had to take off his jacket. His mouth was dry, and his face was wet with sweat. 'My poor old father!' he thought. 'If only he was as warm as I!'  

And with that he began to chop even faster, thinking of the extra money he must earn to buy the sake to warm the old man's bones.  

Then suddenly Taro stopped chopping. What was that sound he heard? Could it be, could it possibly be rushing water?  

Taro could not remember ever seeing or hearing a rushing stream in that part of the forest. He was thirsty. The axe dropped out of his hands and he ran in the direction of the sound.  

Taro saw a beautiful little waterfall hidden behind a rock. Kneeling at a place where the water flowed quietly, he cupped a little in his hands and put it to his lips. Was it water? Or was it saké? He tasted it again and again, and always it was the delicious saké instead of cold water.  

Taro quickly filled the pitcher he had with him and hurried home. The old man was delighted with the saké. After only one swallow of the liquid he stopped shivering and did a little dance in the middle of the floor.  

That afternoon, a neighbour stopped by for a visit. Taro's father politely offered her a cup of the saké. The lady drank it greedily, and thanked the old man. Then Taro told her the story of the magic waterfall. Thanking them for the delicious drink, she left in a hurry. By nightfall she had spread the story throughout the whole village.  

That evening there was a long procession of visitors to the woodcutter's house. Each man heard the story of the waterfall, and took a sip of the saké. In less than an hour the pitcher was empty.  

Next morning, Taro started for work even earlier than the morning before. He carried with him the largest pitcher he owned, for he intended first of all to go to the waterfall. When he reached it, he found to his great surprise all his neighbours there. They were carrying pitchers, jars, buckets - anything they could find to hold the magic saké. Then one villager knelt and held his mouth under the waterfall to drink. He drank again and again, and then shouted angrily, ""Water! Nothing but water!"" Others also tried, but there was no saké, only cold water.  

""We have been tricked!"" shouted the villagers. ""Where is Taro? Let us drown him in this waterfall."" But Taro had been wise enough to slip behind a rock when he saw how things were going. He was nowhere to be found.  

Muttering their anger and disappointment, the villagers left the place one by one. Taro came out from his hiding place. Was it true, he wondered? Was the saké a dream? Once more he caught a little liquid in his hand and put it to his lips. It was the same fine saké. To the thoughtful son, the magic waterfall gave the delicious saké. To everyone else, it gave only cold water.  

The story of Taro and his magic waterfall reached the Emperor of Japan. He sent for the young woodcutter, and rewarded him with twenty pieces of gold for having been so good and kind. Then he named the most beautiful fountain in the city after Taro. This, said the Emperor, was to encourage all children to honour and obey their parents. 
",Why did Taro run in the direction of the stream?,"Taro ran in the direction of the stream because he wanted to hear the sound of
falling water which he had never heard before. At the same time, he was feeling
thirsty."
"## Taro's Reward  

A young woodcutter named Taro lived with his mother and father on a lonely hillside. All day long he chopped wood in the forest. Though he worked very hard, he earned very little money. This made him sad, for he was a thoughtful son and wanted to give his old parents everything they needed.  

One evening, when Taro and his parents were sitting in a corner of their hut, a strong wind began to blow. It whistled through the cracks of the hut and everyone felt very cold. Suddenly Taro's father said, ""I wish I had a cup of saké; it would warm me and do my old heart good.""  

This made Taro sadder than ever, for the heart-warming drink called saké was very expensive. How do I earn more money?' he asked himself. 'How do I get a little sake for my poor old father?' He decided to work harder than before.  

Next morning, Taro jumped out of bed earlier than usual and made his way to the forest. He chopped and cut, chopped and cut as the sun climbed, and soon he was so warm that he had to take off his jacket. His mouth was dry, and his face was wet with sweat. 'My poor old father!' he thought. 'If only he was as warm as I!'  

And with that he began to chop even faster, thinking of the extra money he must earn to buy the sake to warm the old man's bones.  

Then suddenly Taro stopped chopping. What was that sound he heard? Could it be, could it possibly be rushing water?  

Taro could not remember ever seeing or hearing a rushing stream in that part of the forest. He was thirsty. The axe dropped out of his hands and he ran in the direction of the sound.  

Taro saw a beautiful little waterfall hidden behind a rock. Kneeling at a place where the water flowed quietly, he cupped a little in his hands and put it to his lips. Was it water? Or was it saké? He tasted it again and again, and always it was the delicious saké instead of cold water.  

Taro quickly filled the pitcher he had with him and hurried home. The old man was delighted with the saké. After only one swallow of the liquid he stopped shivering and did a little dance in the middle of the floor.  

That afternoon, a neighbour stopped by for a visit. Taro's father politely offered her a cup of the saké. The lady drank it greedily, and thanked the old man. Then Taro told her the story of the magic waterfall. Thanking them for the delicious drink, she left in a hurry. By nightfall she had spread the story throughout the whole village.  

That evening there was a long procession of visitors to the woodcutter's house. Each man heard the story of the waterfall, and took a sip of the saké. In less than an hour the pitcher was empty.  

Next morning, Taro started for work even earlier than the morning before. He carried with him the largest pitcher he owned, for he intended first of all to go to the waterfall. When he reached it, he found to his great surprise all his neighbours there. They were carrying pitchers, jars, buckets - anything they could find to hold the magic saké. Then one villager knelt and held his mouth under the waterfall to drink. He drank again and again, and then shouted angrily, ""Water! Nothing but water!"" Others also tried, but there was no saké, only cold water.  

""We have been tricked!"" shouted the villagers. ""Where is Taro? Let us drown him in this waterfall."" But Taro had been wise enough to slip behind a rock when he saw how things were going. He was nowhere to be found.  

Muttering their anger and disappointment, the villagers left the place one by one. Taro came out from his hiding place. Was it true, he wondered? Was the saké a dream? Once more he caught a little liquid in his hand and put it to his lips. It was the same fine saké. To the thoughtful son, the magic waterfall gave the delicious saké. To everyone else, it gave only cold water.  

The story of Taro and his magic waterfall reached the Emperor of Japan. He sent for the young woodcutter, and rewarded him with twenty pieces of gold for having been so good and kind. Then he named the most beautiful fountain in the city after Taro. This, said the Emperor, was to encourage all children to honour and obey their parents. 
",How did Taro's father show his happiness after drinking sake?,"Taro's father shows his happiness after drinking sake by dancing. He stopped
shivering and felt warm as well as energetic."
"## Taro's Reward  

A young woodcutter named Taro lived with his mother and father on a lonely hillside. All day long he chopped wood in the forest. Though he worked very hard, he earned very little money. This made him sad, for he was a thoughtful son and wanted to give his old parents everything they needed.  

One evening, when Taro and his parents were sitting in a corner of their hut, a strong wind began to blow. It whistled through the cracks of the hut and everyone felt very cold. Suddenly Taro's father said, ""I wish I had a cup of saké; it would warm me and do my old heart good.""  

This made Taro sadder than ever, for the heart-warming drink called saké was very expensive. How do I earn more money?' he asked himself. 'How do I get a little sake for my poor old father?' He decided to work harder than before.  

Next morning, Taro jumped out of bed earlier than usual and made his way to the forest. He chopped and cut, chopped and cut as the sun climbed, and soon he was so warm that he had to take off his jacket. His mouth was dry, and his face was wet with sweat. 'My poor old father!' he thought. 'If only he was as warm as I!'  

And with that he began to chop even faster, thinking of the extra money he must earn to buy the sake to warm the old man's bones.  

Then suddenly Taro stopped chopping. What was that sound he heard? Could it be, could it possibly be rushing water?  

Taro could not remember ever seeing or hearing a rushing stream in that part of the forest. He was thirsty. The axe dropped out of his hands and he ran in the direction of the sound.  

Taro saw a beautiful little waterfall hidden behind a rock. Kneeling at a place where the water flowed quietly, he cupped a little in his hands and put it to his lips. Was it water? Or was it saké? He tasted it again and again, and always it was the delicious saké instead of cold water.  

Taro quickly filled the pitcher he had with him and hurried home. The old man was delighted with the saké. After only one swallow of the liquid he stopped shivering and did a little dance in the middle of the floor.  

That afternoon, a neighbour stopped by for a visit. Taro's father politely offered her a cup of the saké. The lady drank it greedily, and thanked the old man. Then Taro told her the story of the magic waterfall. Thanking them for the delicious drink, she left in a hurry. By nightfall she had spread the story throughout the whole village.  

That evening there was a long procession of visitors to the woodcutter's house. Each man heard the story of the waterfall, and took a sip of the saké. In less than an hour the pitcher was empty.  

Next morning, Taro started for work even earlier than the morning before. He carried with him the largest pitcher he owned, for he intended first of all to go to the waterfall. When he reached it, he found to his great surprise all his neighbours there. They were carrying pitchers, jars, buckets - anything they could find to hold the magic saké. Then one villager knelt and held his mouth under the waterfall to drink. He drank again and again, and then shouted angrily, ""Water! Nothing but water!"" Others also tried, but there was no saké, only cold water.  

""We have been tricked!"" shouted the villagers. ""Where is Taro? Let us drown him in this waterfall."" But Taro had been wise enough to slip behind a rock when he saw how things were going. He was nowhere to be found.  

Muttering their anger and disappointment, the villagers left the place one by one. Taro came out from his hiding place. Was it true, he wondered? Was the saké a dream? Once more he caught a little liquid in his hand and put it to his lips. It was the same fine saké. To the thoughtful son, the magic waterfall gave the delicious saké. To everyone else, it gave only cold water.  

The story of Taro and his magic waterfall reached the Emperor of Japan. He sent for the young woodcutter, and rewarded him with twenty pieces of gold for having been so good and kind. Then he named the most beautiful fountain in the city after Taro. This, said the Emperor, was to encourage all children to honour and obey their parents. 
",Why did the waterfall give Taro’s sake and others water?,"For Taro’s sake waterfall changed water into sake as a reward for him. He was
a thoughtful son but unlike him, the other people were greedy. So, it remained plain
water for other people."
"## Taro's Reward  

A young woodcutter named Taro lived with his mother and father on a lonely hillside. All day long he chopped wood in the forest. Though he worked very hard, he earned very little money. This made him sad, for he was a thoughtful son and wanted to give his old parents everything they needed.  

One evening, when Taro and his parents were sitting in a corner of their hut, a strong wind began to blow. It whistled through the cracks of the hut and everyone felt very cold. Suddenly Taro's father said, ""I wish I had a cup of saké; it would warm me and do my old heart good.""  

This made Taro sadder than ever, for the heart-warming drink called saké was very expensive. How do I earn more money?' he asked himself. 'How do I get a little sake for my poor old father?' He decided to work harder than before.  

Next morning, Taro jumped out of bed earlier than usual and made his way to the forest. He chopped and cut, chopped and cut as the sun climbed, and soon he was so warm that he had to take off his jacket. His mouth was dry, and his face was wet with sweat. 'My poor old father!' he thought. 'If only he was as warm as I!'  

And with that he began to chop even faster, thinking of the extra money he must earn to buy the sake to warm the old man's bones.  

Then suddenly Taro stopped chopping. What was that sound he heard? Could it be, could it possibly be rushing water?  

Taro could not remember ever seeing or hearing a rushing stream in that part of the forest. He was thirsty. The axe dropped out of his hands and he ran in the direction of the sound.  

Taro saw a beautiful little waterfall hidden behind a rock. Kneeling at a place where the water flowed quietly, he cupped a little in his hands and put it to his lips. Was it water? Or was it saké? He tasted it again and again, and always it was the delicious saké instead of cold water.  

Taro quickly filled the pitcher he had with him and hurried home. The old man was delighted with the saké. After only one swallow of the liquid he stopped shivering and did a little dance in the middle of the floor.  

That afternoon, a neighbour stopped by for a visit. Taro's father politely offered her a cup of the saké. The lady drank it greedily, and thanked the old man. Then Taro told her the story of the magic waterfall. Thanking them for the delicious drink, she left in a hurry. By nightfall she had spread the story throughout the whole village.  

That evening there was a long procession of visitors to the woodcutter's house. Each man heard the story of the waterfall, and took a sip of the saké. In less than an hour the pitcher was empty.  

Next morning, Taro started for work even earlier than the morning before. He carried with him the largest pitcher he owned, for he intended first of all to go to the waterfall. When he reached it, he found to his great surprise all his neighbours there. They were carrying pitchers, jars, buckets - anything they could find to hold the magic saké. Then one villager knelt and held his mouth under the waterfall to drink. He drank again and again, and then shouted angrily, ""Water! Nothing but water!"" Others also tried, but there was no saké, only cold water.  

""We have been tricked!"" shouted the villagers. ""Where is Taro? Let us drown him in this waterfall."" But Taro had been wise enough to slip behind a rock when he saw how things were going. He was nowhere to be found.  

Muttering their anger and disappointment, the villagers left the place one by one. Taro came out from his hiding place. Was it true, he wondered? Was the saké a dream? Once more he caught a little liquid in his hand and put it to his lips. It was the same fine saké. To the thoughtful son, the magic waterfall gave the delicious saké. To everyone else, it gave only cold water.  

The story of Taro and his magic waterfall reached the Emperor of Japan. He sent for the young woodcutter, and rewarded him with twenty pieces of gold for having been so good and kind. Then he named the most beautiful fountain in the city after Taro. This, said the Emperor, was to encourage all children to honour and obey their parents. 
",Why did the villagers want to drown Taro?,"Villagers wanted to drown Taro as they thought Taro had fooled them. The
villagers too wanted to collect sake but they got only plain water. So, they wanted
to punish him for playing tricks with them."
"## Taro's Reward  

A young woodcutter named Taro lived with his mother and father on a lonely hillside. All day long he chopped wood in the forest. Though he worked very hard, he earned very little money. This made him sad, for he was a thoughtful son and wanted to give his old parents everything they needed.  

One evening, when Taro and his parents were sitting in a corner of their hut, a strong wind began to blow. It whistled through the cracks of the hut and everyone felt very cold. Suddenly Taro's father said, ""I wish I had a cup of saké; it would warm me and do my old heart good.""  

This made Taro sadder than ever, for the heart-warming drink called saké was very expensive. How do I earn more money?' he asked himself. 'How do I get a little sake for my poor old father?' He decided to work harder than before.  

Next morning, Taro jumped out of bed earlier than usual and made his way to the forest. He chopped and cut, chopped and cut as the sun climbed, and soon he was so warm that he had to take off his jacket. His mouth was dry, and his face was wet with sweat. 'My poor old father!' he thought. 'If only he was as warm as I!'  

And with that he began to chop even faster, thinking of the extra money he must earn to buy the sake to warm the old man's bones.  

Then suddenly Taro stopped chopping. What was that sound he heard? Could it be, could it possibly be rushing water?  

Taro could not remember ever seeing or hearing a rushing stream in that part of the forest. He was thirsty. The axe dropped out of his hands and he ran in the direction of the sound.  

Taro saw a beautiful little waterfall hidden behind a rock. Kneeling at a place where the water flowed quietly, he cupped a little in his hands and put it to his lips. Was it water? Or was it saké? He tasted it again and again, and always it was the delicious saké instead of cold water.  

Taro quickly filled the pitcher he had with him and hurried home. The old man was delighted with the saké. After only one swallow of the liquid he stopped shivering and did a little dance in the middle of the floor.  

That afternoon, a neighbour stopped by for a visit. Taro's father politely offered her a cup of the saké. The lady drank it greedily, and thanked the old man. Then Taro told her the story of the magic waterfall. Thanking them for the delicious drink, she left in a hurry. By nightfall she had spread the story throughout the whole village.  

That evening there was a long procession of visitors to the woodcutter's house. Each man heard the story of the waterfall, and took a sip of the saké. In less than an hour the pitcher was empty.  

Next morning, Taro started for work even earlier than the morning before. He carried with him the largest pitcher he owned, for he intended first of all to go to the waterfall. When he reached it, he found to his great surprise all his neighbours there. They were carrying pitchers, jars, buckets - anything they could find to hold the magic saké. Then one villager knelt and held his mouth under the waterfall to drink. He drank again and again, and then shouted angrily, ""Water! Nothing but water!"" Others also tried, but there was no saké, only cold water.  

""We have been tricked!"" shouted the villagers. ""Where is Taro? Let us drown him in this waterfall."" But Taro had been wise enough to slip behind a rock when he saw how things were going. He was nowhere to be found.  

Muttering their anger and disappointment, the villagers left the place one by one. Taro came out from his hiding place. Was it true, he wondered? Was the saké a dream? Once more he caught a little liquid in his hand and put it to his lips. It was the same fine saké. To the thoughtful son, the magic waterfall gave the delicious saké. To everyone else, it gave only cold water.  

The story of Taro and his magic waterfall reached the Emperor of Japan. He sent for the young woodcutter, and rewarded him with twenty pieces of gold for having been so good and kind. Then he named the most beautiful fountain in the city after Taro. This, said the Emperor, was to encourage all children to honour and obey their parents. 
",Why did the emperor reward Taro?,"The emperor rewarded Taro to establish him as a role model. Taro was kind
and obeyed his parents. He was fully devoted towards them. The emperor wanted to
encourage all children to follow in his steps and respect, obey and serve their parents."
"## Taro's Reward  

A young woodcutter named Taro lived with his mother and father on a lonely hillside. All day long he chopped wood in the forest. Though he worked very hard, he earned very little money. This made him sad, for he was a thoughtful son and wanted to give his old parents everything they needed.  

One evening, when Taro and his parents were sitting in a corner of their hut, a strong wind began to blow. It whistled through the cracks of the hut and everyone felt very cold. Suddenly Taro's father said, ""I wish I had a cup of saké; it would warm me and do my old heart good.""  

This made Taro sadder than ever, for the heart-warming drink called saké was very expensive. How do I earn more money?' he asked himself. 'How do I get a little sake for my poor old father?' He decided to work harder than before.  

Next morning, Taro jumped out of bed earlier than usual and made his way to the forest. He chopped and cut, chopped and cut as the sun climbed, and soon he was so warm that he had to take off his jacket. His mouth was dry, and his face was wet with sweat. 'My poor old father!' he thought. 'If only he was as warm as I!'  

And with that he began to chop even faster, thinking of the extra money he must earn to buy the sake to warm the old man's bones.  

Then suddenly Taro stopped chopping. What was that sound he heard? Could it be, could it possibly be rushing water?  

Taro could not remember ever seeing or hearing a rushing stream in that part of the forest. He was thirsty. The axe dropped out of his hands and he ran in the direction of the sound.  

Taro saw a beautiful little waterfall hidden behind a rock. Kneeling at a place where the water flowed quietly, he cupped a little in his hands and put it to his lips. Was it water? Or was it saké? He tasted it again and again, and always it was the delicious saké instead of cold water.  

Taro quickly filled the pitcher he had with him and hurried home. The old man was delighted with the saké. After only one swallow of the liquid he stopped shivering and did a little dance in the middle of the floor.  

That afternoon, a neighbour stopped by for a visit. Taro's father politely offered her a cup of the saké. The lady drank it greedily, and thanked the old man. Then Taro told her the story of the magic waterfall. Thanking them for the delicious drink, she left in a hurry. By nightfall she had spread the story throughout the whole village.  

That evening there was a long procession of visitors to the woodcutter's house. Each man heard the story of the waterfall, and took a sip of the saké. In less than an hour the pitcher was empty.  

Next morning, Taro started for work even earlier than the morning before. He carried with him the largest pitcher he owned, for he intended first of all to go to the waterfall. When he reached it, he found to his great surprise all his neighbours there. They were carrying pitchers, jars, buckets - anything they could find to hold the magic saké. Then one villager knelt and held his mouth under the waterfall to drink. He drank again and again, and then shouted angrily, ""Water! Nothing but water!"" Others also tried, but there was no saké, only cold water.  

""We have been tricked!"" shouted the villagers. ""Where is Taro? Let us drown him in this waterfall."" But Taro had been wise enough to slip behind a rock when he saw how things were going. He was nowhere to be found.  

Muttering their anger and disappointment, the villagers left the place one by one. Taro came out from his hiding place. Was it true, he wondered? Was the saké a dream? Once more he caught a little liquid in his hand and put it to his lips. It was the same fine saké. To the thoughtful son, the magic waterfall gave the delicious saké. To everyone else, it gave only cold water.  

The story of Taro and his magic waterfall reached the Emperor of Japan. He sent for the young woodcutter, and rewarded him with twenty pieces of gold for having been so good and kind. Then he named the most beautiful fountain in the city after Taro. This, said the Emperor, was to encourage all children to honour and obey their parents. 
","The story 'Taro's Reward' shows that Taro is thoughtful, hardworking and
also wise. Read aloud the parts of the story that show these qualities in Taro.","The part of the story which highlights this is ""All day long he chopped wood
in the forest. Though he worked very hard, he earned very little money. This made
him sad, for he was a thoughtful son and wanted to give his old parents everything
they needed."""
"## Taro's Reward  

A young woodcutter named Taro lived with his mother and father on a lonely hillside. All day long he chopped wood in the forest. Though he worked very hard, he earned very little money. This made him sad, for he was a thoughtful son and wanted to give his old parents everything they needed.  

One evening, when Taro and his parents were sitting in a corner of their hut, a strong wind began to blow. It whistled through the cracks of the hut and everyone felt very cold. Suddenly Taro's father said, ""I wish I had a cup of saké; it would warm me and do my old heart good.""  

This made Taro sadder than ever, for the heart-warming drink called saké was very expensive. How do I earn more money?' he asked himself. 'How do I get a little sake for my poor old father?' He decided to work harder than before.  

Next morning, Taro jumped out of bed earlier than usual and made his way to the forest. He chopped and cut, chopped and cut as the sun climbed, and soon he was so warm that he had to take off his jacket. His mouth was dry, and his face was wet with sweat. 'My poor old father!' he thought. 'If only he was as warm as I!'  

And with that he began to chop even faster, thinking of the extra money he must earn to buy the sake to warm the old man's bones.  

Then suddenly Taro stopped chopping. What was that sound he heard? Could it be, could it possibly be rushing water?  

Taro could not remember ever seeing or hearing a rushing stream in that part of the forest. He was thirsty. The axe dropped out of his hands and he ran in the direction of the sound.  

Taro saw a beautiful little waterfall hidden behind a rock. Kneeling at a place where the water flowed quietly, he cupped a little in his hands and put it to his lips. Was it water? Or was it saké? He tasted it again and again, and always it was the delicious saké instead of cold water.  

Taro quickly filled the pitcher he had with him and hurried home. The old man was delighted with the saké. After only one swallow of the liquid he stopped shivering and did a little dance in the middle of the floor.  

That afternoon, a neighbour stopped by for a visit. Taro's father politely offered her a cup of the saké. The lady drank it greedily, and thanked the old man. Then Taro told her the story of the magic waterfall. Thanking them for the delicious drink, she left in a hurry. By nightfall she had spread the story throughout the whole village.  

That evening there was a long procession of visitors to the woodcutter's house. Each man heard the story of the waterfall, and took a sip of the saké. In less than an hour the pitcher was empty.  

Next morning, Taro started for work even earlier than the morning before. He carried with him the largest pitcher he owned, for he intended first of all to go to the waterfall. When he reached it, he found to his great surprise all his neighbours there. They were carrying pitchers, jars, buckets - anything they could find to hold the magic saké. Then one villager knelt and held his mouth under the waterfall to drink. He drank again and again, and then shouted angrily, ""Water! Nothing but water!"" Others also tried, but there was no saké, only cold water.  

""We have been tricked!"" shouted the villagers. ""Where is Taro? Let us drown him in this waterfall."" But Taro had been wise enough to slip behind a rock when he saw how things were going. He was nowhere to be found.  

Muttering their anger and disappointment, the villagers left the place one by one. Taro came out from his hiding place. Was it true, he wondered? Was the saké a dream? Once more he caught a little liquid in his hand and put it to his lips. It was the same fine saké. To the thoughtful son, the magic waterfall gave the delicious saké. To everyone else, it gave only cold water.  

The story of Taro and his magic waterfall reached the Emperor of Japan. He sent for the young woodcutter, and rewarded him with twenty pieces of gold for having been so good and kind. Then he named the most beautiful fountain in the city after Taro. This, said the Emperor, was to encourage all children to honour and obey their parents. 
","Like Patrick in the story 'Who Did Patrick's Homework', Taro is helped by
magic. Do you believe in magic? What are the magical things that happen in
these stories?","No, I don't believe in magic. It’s just a result of continuous practice and some
tricks. In this story, the magic is visible in the way the waterfall appears behind the
rocks and tastes like sake for Taro and plain water for other people."
"## Taro's Reward  

A young woodcutter named Taro lived with his mother and father on a lonely hillside. All day long he chopped wood in the forest. Though he worked very hard, he earned very little money. This made him sad, for he was a thoughtful son and wanted to give his old parents everything they needed.  

One evening, when Taro and his parents were sitting in a corner of their hut, a strong wind began to blow. It whistled through the cracks of the hut and everyone felt very cold. Suddenly Taro's father said, ""I wish I had a cup of saké; it would warm me and do my old heart good.""  

This made Taro sadder than ever, for the heart-warming drink called saké was very expensive. How do I earn more money?' he asked himself. 'How do I get a little sake for my poor old father?' He decided to work harder than before.  

Next morning, Taro jumped out of bed earlier than usual and made his way to the forest. He chopped and cut, chopped and cut as the sun climbed, and soon he was so warm that he had to take off his jacket. His mouth was dry, and his face was wet with sweat. 'My poor old father!' he thought. 'If only he was as warm as I!'  

And with that he began to chop even faster, thinking of the extra money he must earn to buy the sake to warm the old man's bones.  

Then suddenly Taro stopped chopping. What was that sound he heard? Could it be, could it possibly be rushing water?  

Taro could not remember ever seeing or hearing a rushing stream in that part of the forest. He was thirsty. The axe dropped out of his hands and he ran in the direction of the sound.  

Taro saw a beautiful little waterfall hidden behind a rock. Kneeling at a place where the water flowed quietly, he cupped a little in his hands and put it to his lips. Was it water? Or was it saké? He tasted it again and again, and always it was the delicious saké instead of cold water.  

Taro quickly filled the pitcher he had with him and hurried home. The old man was delighted with the saké. After only one swallow of the liquid he stopped shivering and did a little dance in the middle of the floor.  

That afternoon, a neighbour stopped by for a visit. Taro's father politely offered her a cup of the saké. The lady drank it greedily, and thanked the old man. Then Taro told her the story of the magic waterfall. Thanking them for the delicious drink, she left in a hurry. By nightfall she had spread the story throughout the whole village.  

That evening there was a long procession of visitors to the woodcutter's house. Each man heard the story of the waterfall, and took a sip of the saké. In less than an hour the pitcher was empty.  

Next morning, Taro started for work even earlier than the morning before. He carried with him the largest pitcher he owned, for he intended first of all to go to the waterfall. When he reached it, he found to his great surprise all his neighbours there. They were carrying pitchers, jars, buckets - anything they could find to hold the magic saké. Then one villager knelt and held his mouth under the waterfall to drink. He drank again and again, and then shouted angrily, ""Water! Nothing but water!"" Others also tried, but there was no saké, only cold water.  

""We have been tricked!"" shouted the villagers. ""Where is Taro? Let us drown him in this waterfall."" But Taro had been wise enough to slip behind a rock when he saw how things were going. He was nowhere to be found.  

Muttering their anger and disappointment, the villagers left the place one by one. Taro came out from his hiding place. Was it true, he wondered? Was the saké a dream? Once more he caught a little liquid in his hand and put it to his lips. It was the same fine saké. To the thoughtful son, the magic waterfall gave the delicious saké. To everyone else, it gave only cold water.  

The story of Taro and his magic waterfall reached the Emperor of Japan. He sent for the young woodcutter, and rewarded him with twenty pieces of gold for having been so good and kind. Then he named the most beautiful fountain in the city after Taro. This, said the Emperor, was to encourage all children to honour and obey their parents. 
","Which story do you like better, and why? Do you know such stories in other
languages? Discuss these questions in class.","Both the stories are based on the value of hard work. It tells us that hard work
is the key to success. But I like Patrick's most as it is more adventurous than the
other one."
"## An Indian - American Woman in Space: Kalpana Chawla

A space shuttle is a spacecraft that is made for repeated space travel (unlike a rocket), for example, between earth and a space station.

In an unprecedented space tragedy, U.S. Space Shuttle Columbia, carrying India-born American astronaut Kalpana Chawla and six others, broke apart in flames as it streaked over Texas towards its landing strip on Saturday, 1 February 2003, killing all seven on board[1].

The shuttle lost contact with NASA at about 9 a.m. ( 19.30 hrs 1 ST ) as it came in for landing. It was flying at an altitude of over 200,000 feet and travelling at over 20,000 km per hour when ground control lost contact with the shuttle.

Columbia had lifted off on 16 January 2003, from the Kennedy Space Center, Florida. It had stayed in orbit for 16 days and the seven-member crew conducted 80 experiments before it began its downward journey, which ended in tragedy. This was Columbia's 28th space flight and the shuttle was said to be good for 100 flights.

Kalpana Chawla said that she never dreamed, as a child in Karnal, that she would cross the frontiers of space. It was enough that her parents allowed her to attend engineering college after she graduated from Tagore School.

After a Bachelor of Science degree in aeronautical engineering, against great opposition from her father, she went for a master's degree to the United States of America. She later earned her Ph.D. in aerospace engineering. Kalpana Chawla was the first Indian-American woman astronaut to blast off from the launch pad at Cape Canaveral, Florida, and participate in a successful mission in space. Her family from India cheered along with staff at the Kennedy Space Center as they watched the Columbia lift off.

Kalpana was born in Karnal, Haryana, but was a naturalised U.S. citizen, married to flight instructor Jean-Pierre Harrison. Besides being an astronaut, she was licensed to fly single and multiengine land airplanes, single-engine seaplanes and gliders. She was also a certified flight instructor. After qualifying as a pilot, Kalpana began to consider another challenge: applying to NASA's space shuttle program. She was first hired as a research scientist at NASA. In 1994 she was selected by NASA for training as an astronaut.

When asked what it was like being a woman in her field she replied, ""I really never, ever thought, while pursuing my studies or doing anything else, that I was a woman, or a person from a small city, or a different country. I pretty much had my dreams like anyone else and I followed them. And people who were around me, fortunately, always encouraged me and said, 'If that's what you want to do, carry on'.""

Kalpana's first space mission in the space shuttle, Columbia, was 15 days, 16 hours and 34 minutes long. During this time she went around the earth 252 times, travelling 10.45 million kilometres! The crew included a Japanese and a Ukranian astronaut. The crew performed experiments such as pollinating plants to observe food growth in space, and tests for making stronger metals and faster computer chips - all for a price tag of about 56 million dollars.

On the Saturday night when the news about the Columbia disaster broke, there was shock and disbelief. The town of Karnal spent a sleepless night as thousands of households stayed glued to their television sets in the hope that Kalpana and the crew had somehow survived. A journalist wrote:

She was a heroine. It takes enormous ability to become an astronaut. You need to know a lot about everything, from biology to astrophysics to aeronautical engineering. In this age of super-specialisation, you must have encyclopaedic knowledge to be an astronaut. Her achievement is awe-inspiring.

For millions of young Indians, the story of Kalpana Chawla, a girl from a small town who touched the skies, had become an inspiration. In a message that she sent from aboard the space shuttle, Columbia, to students of her college in Chandigarh, Kalpana said, ""The path from dreams to success does exist. May you have the vision to find it, the courage to get onto it... . Wishing you a great journey."" There will surely be many who start off on this journey to fulfil their dreams.",Where was Kalpana Chawla born? Why is she called an Indian -American?,"Kalpana Chawla was born in Karnal, a district in Haryana, India. She was called an Indian-American because she became a naturalised US citizen. citizen after marrying an American flight instructor named Jean-Pierre Harrison."
"## An Indian - American Woman in Space: Kalpana Chawla

A space shuttle is a spacecraft that is made for repeated space travel (unlike a rocket), for example, between earth and a space station.

In an unprecedented space tragedy, U.S. Space Shuttle Columbia, carrying India-born American astronaut Kalpana Chawla and six others, broke apart in flames as it streaked over Texas towards its landing strip on Saturday, 1 February 2003, killing all seven on board[1].

The shuttle lost contact with NASA at about 9 a.m. ( 19.30 hrs 1 ST ) as it came in for landing. It was flying at an altitude of over 200,000 feet and travelling at over 20,000 km per hour when ground control lost contact with the shuttle.

Columbia had lifted off on 16 January 2003, from the Kennedy Space Center, Florida. It had stayed in orbit for 16 days and the seven-member crew conducted 80 experiments before it began its downward journey, which ended in tragedy. This was Columbia's 28th space flight and the shuttle was said to be good for 100 flights.

Kalpana Chawla said that she never dreamed, as a child in Karnal, that she would cross the frontiers of space. It was enough that her parents allowed her to attend engineering college after she graduated from Tagore School.

After a Bachelor of Science degree in aeronautical engineering, against great opposition from her father, she went for a master's degree to the United States of America. She later earned her Ph.D. in aerospace engineering. Kalpana Chawla was the first Indian-American woman astronaut to blast off from the launch pad at Cape Canaveral, Florida, and participate in a successful mission in space. Her family from India cheered along with staff at the Kennedy Space Center as they watched the Columbia lift off.

Kalpana was born in Karnal, Haryana, but was a naturalised U.S. citizen, married to flight instructor Jean-Pierre Harrison. Besides being an astronaut, she was licensed to fly single and multiengine land airplanes, single-engine seaplanes and gliders. She was also a certified flight instructor. After qualifying as a pilot, Kalpana began to consider another challenge: applying to NASA's space shuttle program. She was first hired as a research scientist at NASA. In 1994 she was selected by NASA for training as an astronaut.

When asked what it was like being a woman in her field she replied, ""I really never, ever thought, while pursuing my studies or doing anything else, that I was a woman, or a person from a small city, or a different country. I pretty much had my dreams like anyone else and I followed them. And people who were around me, fortunately, always encouraged me and said, 'If that's what you want to do, carry on'.""

Kalpana's first space mission in the space shuttle, Columbia, was 15 days, 16 hours and 34 minutes long. During this time she went around the earth 252 times, travelling 10.45 million kilometres! The crew included a Japanese and a Ukranian astronaut. The crew performed experiments such as pollinating plants to observe food growth in space, and tests for making stronger metals and faster computer chips - all for a price tag of about 56 million dollars.

On the Saturday night when the news about the Columbia disaster broke, there was shock and disbelief. The town of Karnal spent a sleepless night as thousands of households stayed glued to their television sets in the hope that Kalpana and the crew had somehow survived. A journalist wrote:

She was a heroine. It takes enormous ability to become an astronaut. You need to know a lot about everything, from biology to astrophysics to aeronautical engineering. In this age of super-specialisation, you must have encyclopaedic knowledge to be an astronaut. Her achievement is awe-inspiring.

For millions of young Indians, the story of Kalpana Chawla, a girl from a small town who touched the skies, had become an inspiration. In a message that she sent from aboard the space shuttle, Columbia, to students of her college in Chandigarh, Kalpana said, ""The path from dreams to success does exist. May you have the vision to find it, the courage to get onto it... . Wishing you a great journey."" There will surely be many who start off on this journey to fulfil their dreams.",When and why did she go to the U.S.? Who did she marry?,"She went to the U.S. for her Master's degree after she completed her bachelor's
degree aeronautical engineering. She married a flight instructor named Jean-Pierre
Harrison who was an American."
"## An Indian - American Woman in Space: Kalpana Chawla

A space shuttle is a spacecraft that is made for repeated space travel (unlike a rocket), for example, between earth and a space station.

In an unprecedented space tragedy, U.S. Space Shuttle Columbia, carrying India-born American astronaut Kalpana Chawla and six others, broke apart in flames as it streaked over Texas towards its landing strip on Saturday, 1 February 2003, killing all seven on board[1].

The shuttle lost contact with NASA at about 9 a.m. ( 19.30 hrs 1 ST ) as it came in for landing. It was flying at an altitude of over 200,000 feet and travelling at over 20,000 km per hour when ground control lost contact with the shuttle.

Columbia had lifted off on 16 January 2003, from the Kennedy Space Center, Florida. It had stayed in orbit for 16 days and the seven-member crew conducted 80 experiments before it began its downward journey, which ended in tragedy. This was Columbia's 28th space flight and the shuttle was said to be good for 100 flights.

Kalpana Chawla said that she never dreamed, as a child in Karnal, that she would cross the frontiers of space. It was enough that her parents allowed her to attend engineering college after she graduated from Tagore School.

After a Bachelor of Science degree in aeronautical engineering, against great opposition from her father, she went for a master's degree to the United States of America. She later earned her Ph.D. in aerospace engineering. Kalpana Chawla was the first Indian-American woman astronaut to blast off from the launch pad at Cape Canaveral, Florida, and participate in a successful mission in space. Her family from India cheered along with staff at the Kennedy Space Center as they watched the Columbia lift off.

Kalpana was born in Karnal, Haryana, but was a naturalised U.S. citizen, married to flight instructor Jean-Pierre Harrison. Besides being an astronaut, she was licensed to fly single and multiengine land airplanes, single-engine seaplanes and gliders. She was also a certified flight instructor. After qualifying as a pilot, Kalpana began to consider another challenge: applying to NASA's space shuttle program. She was first hired as a research scientist at NASA. In 1994 she was selected by NASA for training as an astronaut.

When asked what it was like being a woman in her field she replied, ""I really never, ever thought, while pursuing my studies or doing anything else, that I was a woman, or a person from a small city, or a different country. I pretty much had my dreams like anyone else and I followed them. And people who were around me, fortunately, always encouraged me and said, 'If that's what you want to do, carry on'.""

Kalpana's first space mission in the space shuttle, Columbia, was 15 days, 16 hours and 34 minutes long. During this time she went around the earth 252 times, travelling 10.45 million kilometres! The crew included a Japanese and a Ukranian astronaut. The crew performed experiments such as pollinating plants to observe food growth in space, and tests for making stronger metals and faster computer chips - all for a price tag of about 56 million dollars.

On the Saturday night when the news about the Columbia disaster broke, there was shock and disbelief. The town of Karnal spent a sleepless night as thousands of households stayed glued to their television sets in the hope that Kalpana and the crew had somehow survived. A journalist wrote:

She was a heroine. It takes enormous ability to become an astronaut. You need to know a lot about everything, from biology to astrophysics to aeronautical engineering. In this age of super-specialisation, you must have encyclopaedic knowledge to be an astronaut. Her achievement is awe-inspiring.

For millions of young Indians, the story of Kalpana Chawla, a girl from a small town who touched the skies, had become an inspiration. In a message that she sent from aboard the space shuttle, Columbia, to students of her college in Chandigarh, Kalpana said, ""The path from dreams to success does exist. May you have the vision to find it, the courage to get onto it... . Wishing you a great journey."" There will surely be many who start off on this journey to fulfil their dreams.","How did she become an astronaut? What gave her the idea that she could be
an astronaut?","Kalpana liked challenging her limits. She was licensed to fly single and multi
engine land airplanes, single-engine seaplanes and gliders. She then applied to
NASA's space shuttle program. She was first hired as a research scientist at NASA.
Then in 1994 she was selected by NASA for training as an astronaut."
"## An Indian - American Woman in Space: Kalpana Chawla

A space shuttle is a spacecraft that is made for repeated space travel (unlike a rocket), for example, between earth and a space station.

In an unprecedented space tragedy, U.S. Space Shuttle Columbia, carrying India-born American astronaut Kalpana Chawla and six others, broke apart in flames as it streaked over Texas towards its landing strip on Saturday, 1 February 2003, killing all seven on board[1].

The shuttle lost contact with NASA at about 9 a.m. ( 19.30 hrs 1 ST ) as it came in for landing. It was flying at an altitude of over 200,000 feet and travelling at over 20,000 km per hour when ground control lost contact with the shuttle.

Columbia had lifted off on 16 January 2003, from the Kennedy Space Center, Florida. It had stayed in orbit for 16 days and the seven-member crew conducted 80 experiments before it began its downward journey, which ended in tragedy. This was Columbia's 28th space flight and the shuttle was said to be good for 100 flights.

Kalpana Chawla said that she never dreamed, as a child in Karnal, that she would cross the frontiers of space. It was enough that her parents allowed her to attend engineering college after she graduated from Tagore School.

After a Bachelor of Science degree in aeronautical engineering, against great opposition from her father, she went for a master's degree to the United States of America. She later earned her Ph.D. in aerospace engineering. Kalpana Chawla was the first Indian-American woman astronaut to blast off from the launch pad at Cape Canaveral, Florida, and participate in a successful mission in space. Her family from India cheered along with staff at the Kennedy Space Center as they watched the Columbia lift off.

Kalpana was born in Karnal, Haryana, but was a naturalised U.S. citizen, married to flight instructor Jean-Pierre Harrison. Besides being an astronaut, she was licensed to fly single and multiengine land airplanes, single-engine seaplanes and gliders. She was also a certified flight instructor. After qualifying as a pilot, Kalpana began to consider another challenge: applying to NASA's space shuttle program. She was first hired as a research scientist at NASA. In 1994 she was selected by NASA for training as an astronaut.

When asked what it was like being a woman in her field she replied, ""I really never, ever thought, while pursuing my studies or doing anything else, that I was a woman, or a person from a small city, or a different country. I pretty much had my dreams like anyone else and I followed them. And people who were around me, fortunately, always encouraged me and said, 'If that's what you want to do, carry on'.""

Kalpana's first space mission in the space shuttle, Columbia, was 15 days, 16 hours and 34 minutes long. During this time she went around the earth 252 times, travelling 10.45 million kilometres! The crew included a Japanese and a Ukranian astronaut. The crew performed experiments such as pollinating plants to observe food growth in space, and tests for making stronger metals and faster computer chips - all for a price tag of about 56 million dollars.

On the Saturday night when the news about the Columbia disaster broke, there was shock and disbelief. The town of Karnal spent a sleepless night as thousands of households stayed glued to their television sets in the hope that Kalpana and the crew had somehow survived. A journalist wrote:

She was a heroine. It takes enormous ability to become an astronaut. You need to know a lot about everything, from biology to astrophysics to aeronautical engineering. In this age of super-specialisation, you must have encyclopaedic knowledge to be an astronaut. Her achievement is awe-inspiring.

For millions of young Indians, the story of Kalpana Chawla, a girl from a small town who touched the skies, had become an inspiration. In a message that she sent from aboard the space shuttle, Columbia, to students of her college in Chandigarh, Kalpana said, ""The path from dreams to success does exist. May you have the vision to find it, the courage to get onto it... . Wishing you a great journey."" There will surely be many who start off on this journey to fulfil their dreams.","What abilities must an astronaut have, according to the journalist?","According to the journalist, an astronaut needs to know everything about
biology to astrophysics to aeronautical engineering."
"## An Indian - American Woman in Space: Kalpana Chawla

A space shuttle is a spacecraft that is made for repeated space travel (unlike a rocket), for example, between earth and a space station.

In an unprecedented space tragedy, U.S. Space Shuttle Columbia, carrying India-born American astronaut Kalpana Chawla and six others, broke apart in flames as it streaked over Texas towards its landing strip on Saturday, 1 February 2003, killing all seven on board[1].

The shuttle lost contact with NASA at about 9 a.m. ( 19.30 hrs 1 ST ) as it came in for landing. It was flying at an altitude of over 200,000 feet and travelling at over 20,000 km per hour when ground control lost contact with the shuttle.

Columbia had lifted off on 16 January 2003, from the Kennedy Space Center, Florida. It had stayed in orbit for 16 days and the seven-member crew conducted 80 experiments before it began its downward journey, which ended in tragedy. This was Columbia's 28th space flight and the shuttle was said to be good for 100 flights.

Kalpana Chawla said that she never dreamed, as a child in Karnal, that she would cross the frontiers of space. It was enough that her parents allowed her to attend engineering college after she graduated from Tagore School.

After a Bachelor of Science degree in aeronautical engineering, against great opposition from her father, she went for a master's degree to the United States of America. She later earned her Ph.D. in aerospace engineering. Kalpana Chawla was the first Indian-American woman astronaut to blast off from the launch pad at Cape Canaveral, Florida, and participate in a successful mission in space. Her family from India cheered along with staff at the Kennedy Space Center as they watched the Columbia lift off.

Kalpana was born in Karnal, Haryana, but was a naturalised U.S. citizen, married to flight instructor Jean-Pierre Harrison. Besides being an astronaut, she was licensed to fly single and multiengine land airplanes, single-engine seaplanes and gliders. She was also a certified flight instructor. After qualifying as a pilot, Kalpana began to consider another challenge: applying to NASA's space shuttle program. She was first hired as a research scientist at NASA. In 1994 she was selected by NASA for training as an astronaut.

When asked what it was like being a woman in her field she replied, ""I really never, ever thought, while pursuing my studies or doing anything else, that I was a woman, or a person from a small city, or a different country. I pretty much had my dreams like anyone else and I followed them. And people who were around me, fortunately, always encouraged me and said, 'If that's what you want to do, carry on'.""

Kalpana's first space mission in the space shuttle, Columbia, was 15 days, 16 hours and 34 minutes long. During this time she went around the earth 252 times, travelling 10.45 million kilometres! The crew included a Japanese and a Ukranian astronaut. The crew performed experiments such as pollinating plants to observe food growth in space, and tests for making stronger metals and faster computer chips - all for a price tag of about 56 million dollars.

On the Saturday night when the news about the Columbia disaster broke, there was shock and disbelief. The town of Karnal spent a sleepless night as thousands of households stayed glued to their television sets in the hope that Kalpana and the crew had somehow survived. A journalist wrote:

She was a heroine. It takes enormous ability to become an astronaut. You need to know a lot about everything, from biology to astrophysics to aeronautical engineering. In this age of super-specialisation, you must have encyclopaedic knowledge to be an astronaut. Her achievement is awe-inspiring.

For millions of young Indians, the story of Kalpana Chawla, a girl from a small town who touched the skies, had become an inspiration. In a message that she sent from aboard the space shuttle, Columbia, to students of her college in Chandigarh, Kalpana said, ""The path from dreams to success does exist. May you have the vision to find it, the courage to get onto it... . Wishing you a great journey."" There will surely be many who start off on this journey to fulfil their dreams.",Describe Kalpana Chawla's first mission in space.,"The first space mission in the shuttle named Columbia, was 15 days, 16 hours
and 34 minutes long. She went around 252 times round the earth, almost travelling
a distance of 10.45 million kilometres. The crew had a Japanese and a Ukrainian
astronaut. Many experiments were performed by the crew like pollinating plants to
observe growth of food in space, tests for making stronger metals and faster
computer chips."
"## An Indian - American Woman in Space: Kalpana Chawla

A space shuttle is a spacecraft that is made for repeated space travel (unlike a rocket), for example, between earth and a space station.

In an unprecedented space tragedy, U.S. Space Shuttle Columbia, carrying India-born American astronaut Kalpana Chawla and six others, broke apart in flames as it streaked over Texas towards its landing strip on Saturday, 1 February 2003, killing all seven on board[1].

The shuttle lost contact with NASA at about 9 a.m. ( 19.30 hrs 1 ST ) as it came in for landing. It was flying at an altitude of over 200,000 feet and travelling at over 20,000 km per hour when ground control lost contact with the shuttle.

Columbia had lifted off on 16 January 2003, from the Kennedy Space Center, Florida. It had stayed in orbit for 16 days and the seven-member crew conducted 80 experiments before it began its downward journey, which ended in tragedy. This was Columbia's 28th space flight and the shuttle was said to be good for 100 flights.

Kalpana Chawla said that she never dreamed, as a child in Karnal, that she would cross the frontiers of space. It was enough that her parents allowed her to attend engineering college after she graduated from Tagore School.

After a Bachelor of Science degree in aeronautical engineering, against great opposition from her father, she went for a master's degree to the United States of America. She later earned her Ph.D. in aerospace engineering. Kalpana Chawla was the first Indian-American woman astronaut to blast off from the launch pad at Cape Canaveral, Florida, and participate in a successful mission in space. Her family from India cheered along with staff at the Kennedy Space Center as they watched the Columbia lift off.

Kalpana was born in Karnal, Haryana, but was a naturalised U.S. citizen, married to flight instructor Jean-Pierre Harrison. Besides being an astronaut, she was licensed to fly single and multiengine land airplanes, single-engine seaplanes and gliders. She was also a certified flight instructor. After qualifying as a pilot, Kalpana began to consider another challenge: applying to NASA's space shuttle program. She was first hired as a research scientist at NASA. In 1994 she was selected by NASA for training as an astronaut.

When asked what it was like being a woman in her field she replied, ""I really never, ever thought, while pursuing my studies or doing anything else, that I was a woman, or a person from a small city, or a different country. I pretty much had my dreams like anyone else and I followed them. And people who were around me, fortunately, always encouraged me and said, 'If that's what you want to do, carry on'.""

Kalpana's first space mission in the space shuttle, Columbia, was 15 days, 16 hours and 34 minutes long. During this time she went around the earth 252 times, travelling 10.45 million kilometres! The crew included a Japanese and a Ukranian astronaut. The crew performed experiments such as pollinating plants to observe food growth in space, and tests for making stronger metals and faster computer chips - all for a price tag of about 56 million dollars.

On the Saturday night when the news about the Columbia disaster broke, there was shock and disbelief. The town of Karnal spent a sleepless night as thousands of households stayed glued to their television sets in the hope that Kalpana and the crew had somehow survived. A journalist wrote:

She was a heroine. It takes enormous ability to become an astronaut. You need to know a lot about everything, from biology to astrophysics to aeronautical engineering. In this age of super-specialisation, you must have encyclopaedic knowledge to be an astronaut. Her achievement is awe-inspiring.

For millions of young Indians, the story of Kalpana Chawla, a girl from a small town who touched the skies, had become an inspiration. In a message that she sent from aboard the space shuttle, Columbia, to students of her college in Chandigarh, Kalpana said, ""The path from dreams to success does exist. May you have the vision to find it, the courage to get onto it... . Wishing you a great journey."" There will surely be many who start off on this journey to fulfil their dreams."," What does Kalpana Chawla say about pursuing a dream? Do you agree with
her that success is possible?","Kalpana Chawla says that ""the path from dreams to success do exist. May you
have the vision to find it, the courage to get onto it …"" Yes, I do agree with what
she said. If we dare to dream we must have the dare and determination to walk on
the thorny paths too."
"## A Different Kind of School

I HAD heard a great deal about Miss Beam's school, but not till last week did the chance come to visit it.

When I arrived there was no one in sight but a girl of about twelve. Her eyes were covered with a bandage and she was being led carefully between the flower-beds by a little boy, who was about four years younger. She stopped, and it looked like she asked him who had come. He seemed to be describing me to her. Then they passed on.

Miss Beam was all that I had expected - middle-aged, full of authority, yet kindly and understanding. Her hair was beginning to turn grey, and she had the kind of plump figure that is likely to be comforting to a homesick child. I asked her some questions about her teaching methods, which I had heard were simple.

""No more than is needed to help them to learn how to do things - simple spelling, adding, subtracting, multiplying and writing. The rest is done by reading to them and by interesting talks, during which they have to sit still and keep their hands quiet. There are practically no other lessons.""

""The real aim of this school is not so much to teach thought as to teach thoughtfulness - kindness to others, and being responsible citizens. Look out of the window a minute, will you?""

I went to the window which overlooked a large garden and a playground at the back. ""What do you see?"" Miss Beam asked.

""I see some very beautiful grounds,"" I said, ""and a lot of jolly children. It pains me, though, to see that they are not all so healthy and active-looking. When I came in, I saw one poor little girl being led about. She has some trouble with her eyes. Now I can see two more with the same difficulty. And there's a girl with a crutch watching the others at play. She seems to be a hopeless cripple.""

Miss Beam laughed. ""Oh, no!"" she said. ""She's not really lame. This is only her lame day. The others are not blind either. It is only their blind day.""

I must have looked very surprised, for she laughed again.

""This is a very important part of our system. To make our children appreciate and understand misfortune, we make them share in misfortune too. Each term every child has one blind day, one lame day, one deaf day, one injured day and one dumb day. During the blind day their eyes are bandaged absolutely and they are on their honour not to peep. The bandage is put on overnight so they wake blind. This means that they need help with everything. Other children are given the duty of helping them and leading them about. They all learn so much this way - both the blind and the helpers.

""There is no misery about it,"" Miss Beam continued. ""Everyone is very kind, and it is really something of a game. Before the day is over, though, even the most thoughtless child realises what misfortune is.

""The blind day is, of course, really the worst, but some of the children tell me that the dumb day is the most difficult. We cannot bandage the children's mouths, so they really have to exercise their will-power. Come into the garden and see for yourself how the children feel about it.""

Miss Beam led me to one of the bandaged girls. ""Here's a gentleman come to talk to you,"" said Miss Beam, and left us.

""Don't you ever peep?"" I asked the girl.

""Oh, no!"" she exclaimed. ""That would be cheating! But I had no idea it was so awful to be blind. You can't see a thing. You feel you are going to be hit by something every moment. It's such a relief just to sit down.""

""Are your helpers kind to you?"" I asked.

""Fairly. But they are not as careful as I shall be when it is my turn. Those that have been blind already are the best helpers. It's perfectly ghastly not to see. I wish you'd try.""

""Shall I lead you anywhere?"" I asked.

""Oh, yes"", she said. ""Let's go for a little walk. Only you must tell me about things. I shall be so glad when today is over. The other bad days can't be half as bad as this. Having a leg tied up and hopping about on a crutch is almost fun, I guess. Having an arm tied up is a bit more troublesome, because you can't eat without help, and things like that. I don't think I'll mind being deaf for a day-at least not much. But being blind is so frightening. My head aches all the time just from worrying that I'll get hurt. Where are we now?""

""In the playground,"" I said. ""We're walking towards the house. Miss Beam is walking up and down the garden with a tall girl.""

""What is the girl wearing?"" my little friend asked.

""A blue cotton skirt and a pink blouse.""

""I think it's Millie?"" she said. ""What colour is her hair?""

""Very light,"" I said.

""Yes, that's Millie. She's the Head Girl.""

""There's an old man tying up roses,"" I said.

""Yes, that's Peter. He's the gardener. He's hundreds of years old!""

""And here comes a girl with curly red hair. She's on crutches.""

""That's Anita,"" she said.

And so we walked on. Gradually I discovered that I was ten times more thoughtful than I ever thought I could be. I also realised that if I had to describe people and things to someone else, it made them more interesting to me. When I finally had to leave, I told Miss Beam that I was very sorry to go.

""Ah!"" she replied, ""then there is something in my system after all.""

~ E.V. LUCAS (abridged and simplified)
","Put these sentences from the story in the right order and write them out in a paragraph.
Don't refer to the text.
• I shall be so glad when today is over.
• Having a leg tied up and hopping about on a crutch is almost fun, I guess.
• I don't think I'll mind being deaf for a day - at least not much.
• But being blind is so frightening.
• Only you must tell me about things.
• Let's go for a little walk.
• The other bad days can't be half as bad as this.","Let's go for a little walk. Only you must tell me about things. I shall be so glad when today is over. The other bad days can't be half as bad as this. Having a leg tied up and hopping about on a crutch is almost fun, I guess. I don't think I'll mind being deaf for a day - at least not much. But being blind is so frightening."
"## A Different Kind of School

I HAD heard a great deal about Miss Beam's school, but not till last week did the chance come to visit it.

When I arrived there was no one in sight but a girl of about twelve. Her eyes were covered with a bandage and she was being led carefully between the flower-beds by a little boy, who was about four years younger. She stopped, and it looked like she asked him who had come. He seemed to be describing me to her. Then they passed on.

Miss Beam was all that I had expected - middle-aged, full of authority, yet kindly and understanding. Her hair was beginning to turn grey, and she had the kind of plump figure that is likely to be comforting to a homesick child. I asked her some questions about her teaching methods, which I had heard were simple.

""No more than is needed to help them to learn how to do things - simple spelling, adding, subtracting, multiplying and writing. The rest is done by reading to them and by interesting talks, during which they have to sit still and keep their hands quiet. There are practically no other lessons.""

""The real aim of this school is not so much to teach thought as to teach thoughtfulness - kindness to others, and being responsible citizens. Look out of the window a minute, will you?""

I went to the window which overlooked a large garden and a playground at the back. ""What do you see?"" Miss Beam asked.

""I see some very beautiful grounds,"" I said, ""and a lot of jolly children. It pains me, though, to see that they are not all so healthy and active-looking. When I came in, I saw one poor little girl being led about. She has some trouble with her eyes. Now I can see two more with the same difficulty. And there's a girl with a crutch watching the others at play. She seems to be a hopeless cripple.""

Miss Beam laughed. ""Oh, no!"" she said. ""She's not really lame. This is only her lame day. The others are not blind either. It is only their blind day.""

I must have looked very surprised, for she laughed again.

""This is a very important part of our system. To make our children appreciate and understand misfortune, we make them share in misfortune too. Each term every child has one blind day, one lame day, one deaf day, one injured day and one dumb day. During the blind day their eyes are bandaged absolutely and they are on their honour not to peep. The bandage is put on overnight so they wake blind. This means that they need help with everything. Other children are given the duty of helping them and leading them about. They all learn so much this way - both the blind and the helpers.

""There is no misery about it,"" Miss Beam continued. ""Everyone is very kind, and it is really something of a game. Before the day is over, though, even the most thoughtless child realises what misfortune is.

""The blind day is, of course, really the worst, but some of the children tell me that the dumb day is the most difficult. We cannot bandage the children's mouths, so they really have to exercise their will-power. Come into the garden and see for yourself how the children feel about it.""

Miss Beam led me to one of the bandaged girls. ""Here's a gentleman come to talk to you,"" said Miss Beam, and left us.

""Don't you ever peep?"" I asked the girl.

""Oh, no!"" she exclaimed. ""That would be cheating! But I had no idea it was so awful to be blind. You can't see a thing. You feel you are going to be hit by something every moment. It's such a relief just to sit down.""

""Are your helpers kind to you?"" I asked.

""Fairly. But they are not as careful as I shall be when it is my turn. Those that have been blind already are the best helpers. It's perfectly ghastly not to see. I wish you'd try.""

""Shall I lead you anywhere?"" I asked.

""Oh, yes"", she said. ""Let's go for a little walk. Only you must tell me about things. I shall be so glad when today is over. The other bad days can't be half as bad as this. Having a leg tied up and hopping about on a crutch is almost fun, I guess. Having an arm tied up is a bit more troublesome, because you can't eat without help, and things like that. I don't think I'll mind being deaf for a day-at least not much. But being blind is so frightening. My head aches all the time just from worrying that I'll get hurt. Where are we now?""

""In the playground,"" I said. ""We're walking towards the house. Miss Beam is walking up and down the garden with a tall girl.""

""What is the girl wearing?"" my little friend asked.

""A blue cotton skirt and a pink blouse.""

""I think it's Millie?"" she said. ""What colour is her hair?""

""Very light,"" I said.

""Yes, that's Millie. She's the Head Girl.""

""There's an old man tying up roses,"" I said.

""Yes, that's Peter. He's the gardener. He's hundreds of years old!""

""And here comes a girl with curly red hair. She's on crutches.""

""That's Anita,"" she said.

And so we walked on. Gradually I discovered that I was ten times more thoughtful than I ever thought I could be. I also realised that if I had to describe people and things to someone else, it made them more interesting to me. When I finally had to leave, I told Miss Beam that I was very sorry to go.

""Ah!"" she replied, ""then there is something in my system after all.""

~ E.V. LUCAS (abridged and simplified)
",Why do you think the writer visited Miss Beam's school?,"The writer had heard much about Miss Beam's different teaching methods. He wanted to see these method personally. So, he visited to her school."
"## A Different Kind of School

I HAD heard a great deal about Miss Beam's school, but not till last week did the chance come to visit it.

When I arrived there was no one in sight but a girl of about twelve. Her eyes were covered with a bandage and she was being led carefully between the flower-beds by a little boy, who was about four years younger. She stopped, and it looked like she asked him who had come. He seemed to be describing me to her. Then they passed on.

Miss Beam was all that I had expected - middle-aged, full of authority, yet kindly and understanding. Her hair was beginning to turn grey, and she had the kind of plump figure that is likely to be comforting to a homesick child. I asked her some questions about her teaching methods, which I had heard were simple.

""No more than is needed to help them to learn how to do things - simple spelling, adding, subtracting, multiplying and writing. The rest is done by reading to them and by interesting talks, during which they have to sit still and keep their hands quiet. There are practically no other lessons.""

""The real aim of this school is not so much to teach thought as to teach thoughtfulness - kindness to others, and being responsible citizens. Look out of the window a minute, will you?""

I went to the window which overlooked a large garden and a playground at the back. ""What do you see?"" Miss Beam asked.

""I see some very beautiful grounds,"" I said, ""and a lot of jolly children. It pains me, though, to see that they are not all so healthy and active-looking. When I came in, I saw one poor little girl being led about. She has some trouble with her eyes. Now I can see two more with the same difficulty. And there's a girl with a crutch watching the others at play. She seems to be a hopeless cripple.""

Miss Beam laughed. ""Oh, no!"" she said. ""She's not really lame. This is only her lame day. The others are not blind either. It is only their blind day.""

I must have looked very surprised, for she laughed again.

""This is a very important part of our system. To make our children appreciate and understand misfortune, we make them share in misfortune too. Each term every child has one blind day, one lame day, one deaf day, one injured day and one dumb day. During the blind day their eyes are bandaged absolutely and they are on their honour not to peep. The bandage is put on overnight so they wake blind. This means that they need help with everything. Other children are given the duty of helping them and leading them about. They all learn so much this way - both the blind and the helpers.

""There is no misery about it,"" Miss Beam continued. ""Everyone is very kind, and it is really something of a game. Before the day is over, though, even the most thoughtless child realises what misfortune is.

""The blind day is, of course, really the worst, but some of the children tell me that the dumb day is the most difficult. We cannot bandage the children's mouths, so they really have to exercise their will-power. Come into the garden and see for yourself how the children feel about it.""

Miss Beam led me to one of the bandaged girls. ""Here's a gentleman come to talk to you,"" said Miss Beam, and left us.

""Don't you ever peep?"" I asked the girl.

""Oh, no!"" she exclaimed. ""That would be cheating! But I had no idea it was so awful to be blind. You can't see a thing. You feel you are going to be hit by something every moment. It's such a relief just to sit down.""

""Are your helpers kind to you?"" I asked.

""Fairly. But they are not as careful as I shall be when it is my turn. Those that have been blind already are the best helpers. It's perfectly ghastly not to see. I wish you'd try.""

""Shall I lead you anywhere?"" I asked.

""Oh, yes"", she said. ""Let's go for a little walk. Only you must tell me about things. I shall be so glad when today is over. The other bad days can't be half as bad as this. Having a leg tied up and hopping about on a crutch is almost fun, I guess. Having an arm tied up is a bit more troublesome, because you can't eat without help, and things like that. I don't think I'll mind being deaf for a day-at least not much. But being blind is so frightening. My head aches all the time just from worrying that I'll get hurt. Where are we now?""

""In the playground,"" I said. ""We're walking towards the house. Miss Beam is walking up and down the garden with a tall girl.""

""What is the girl wearing?"" my little friend asked.

""A blue cotton skirt and a pink blouse.""

""I think it's Millie?"" she said. ""What colour is her hair?""

""Very light,"" I said.

""Yes, that's Millie. She's the Head Girl.""

""There's an old man tying up roses,"" I said.

""Yes, that's Peter. He's the gardener. He's hundreds of years old!""

""And here comes a girl with curly red hair. She's on crutches.""

""That's Anita,"" she said.

And so we walked on. Gradually I discovered that I was ten times more thoughtful than I ever thought I could be. I also realised that if I had to describe people and things to someone else, it made them more interesting to me. When I finally had to leave, I told Miss Beam that I was very sorry to go.

""Ah!"" she replied, ""then there is something in my system after all.""

~ E.V. LUCAS (abridged and simplified)
",What was the 'game' that every child in the school had to play?,"Every child in the school had to play the role of being blind, deaf, dumb, injured and lame for a particular day. It was a game and part of training."
"## A Different Kind of School

I HAD heard a great deal about Miss Beam's school, but not till last week did the chance come to visit it.

When I arrived there was no one in sight but a girl of about twelve. Her eyes were covered with a bandage and she was being led carefully between the flower-beds by a little boy, who was about four years younger. She stopped, and it looked like she asked him who had come. He seemed to be describing me to her. Then they passed on.

Miss Beam was all that I had expected - middle-aged, full of authority, yet kindly and understanding. Her hair was beginning to turn grey, and she had the kind of plump figure that is likely to be comforting to a homesick child. I asked her some questions about her teaching methods, which I had heard were simple.

""No more than is needed to help them to learn how to do things - simple spelling, adding, subtracting, multiplying and writing. The rest is done by reading to them and by interesting talks, during which they have to sit still and keep their hands quiet. There are practically no other lessons.""

""The real aim of this school is not so much to teach thought as to teach thoughtfulness - kindness to others, and being responsible citizens. Look out of the window a minute, will you?""

I went to the window which overlooked a large garden and a playground at the back. ""What do you see?"" Miss Beam asked.

""I see some very beautiful grounds,"" I said, ""and a lot of jolly children. It pains me, though, to see that they are not all so healthy and active-looking. When I came in, I saw one poor little girl being led about. She has some trouble with her eyes. Now I can see two more with the same difficulty. And there's a girl with a crutch watching the others at play. She seems to be a hopeless cripple.""

Miss Beam laughed. ""Oh, no!"" she said. ""She's not really lame. This is only her lame day. The others are not blind either. It is only their blind day.""

I must have looked very surprised, for she laughed again.

""This is a very important part of our system. To make our children appreciate and understand misfortune, we make them share in misfortune too. Each term every child has one blind day, one lame day, one deaf day, one injured day and one dumb day. During the blind day their eyes are bandaged absolutely and they are on their honour not to peep. The bandage is put on overnight so they wake blind. This means that they need help with everything. Other children are given the duty of helping them and leading them about. They all learn so much this way - both the blind and the helpers.

""There is no misery about it,"" Miss Beam continued. ""Everyone is very kind, and it is really something of a game. Before the day is over, though, even the most thoughtless child realises what misfortune is.

""The blind day is, of course, really the worst, but some of the children tell me that the dumb day is the most difficult. We cannot bandage the children's mouths, so they really have to exercise their will-power. Come into the garden and see for yourself how the children feel about it.""

Miss Beam led me to one of the bandaged girls. ""Here's a gentleman come to talk to you,"" said Miss Beam, and left us.

""Don't you ever peep?"" I asked the girl.

""Oh, no!"" she exclaimed. ""That would be cheating! But I had no idea it was so awful to be blind. You can't see a thing. You feel you are going to be hit by something every moment. It's such a relief just to sit down.""

""Are your helpers kind to you?"" I asked.

""Fairly. But they are not as careful as I shall be when it is my turn. Those that have been blind already are the best helpers. It's perfectly ghastly not to see. I wish you'd try.""

""Shall I lead you anywhere?"" I asked.

""Oh, yes"", she said. ""Let's go for a little walk. Only you must tell me about things. I shall be so glad when today is over. The other bad days can't be half as bad as this. Having a leg tied up and hopping about on a crutch is almost fun, I guess. Having an arm tied up is a bit more troublesome, because you can't eat without help, and things like that. I don't think I'll mind being deaf for a day-at least not much. But being blind is so frightening. My head aches all the time just from worrying that I'll get hurt. Where are we now?""

""In the playground,"" I said. ""We're walking towards the house. Miss Beam is walking up and down the garden with a tall girl.""

""What is the girl wearing?"" my little friend asked.

""A blue cotton skirt and a pink blouse.""

""I think it's Millie?"" she said. ""What colour is her hair?""

""Very light,"" I said.

""Yes, that's Millie. She's the Head Girl.""

""There's an old man tying up roses,"" I said.

""Yes, that's Peter. He's the gardener. He's hundreds of years old!""

""And here comes a girl with curly red hair. She's on crutches.""

""That's Anita,"" she said.

And so we walked on. Gradually I discovered that I was ten times more thoughtful than I ever thought I could be. I also realised that if I had to describe people and things to someone else, it made them more interesting to me. When I finally had to leave, I told Miss Beam that I was very sorry to go.

""Ah!"" she replied, ""then there is something in my system after all.""

~ E.V. LUCAS (abridged and simplified)
","Each term every child has one blind day, one lame day... Complete the line. Which day was the hardest? Why was it the hardest?","Each term every child has one blind day, one lame day, one injured day and one dumb day. Blind day was the hardest day because students felt that they were going to hit by something every moment."
"## A Different Kind of School

I HAD heard a great deal about Miss Beam's school, but not till last week did the chance come to visit it.

When I arrived there was no one in sight but a girl of about twelve. Her eyes were covered with a bandage and she was being led carefully between the flower-beds by a little boy, who was about four years younger. She stopped, and it looked like she asked him who had come. He seemed to be describing me to her. Then they passed on.

Miss Beam was all that I had expected - middle-aged, full of authority, yet kindly and understanding. Her hair was beginning to turn grey, and she had the kind of plump figure that is likely to be comforting to a homesick child. I asked her some questions about her teaching methods, which I had heard were simple.

""No more than is needed to help them to learn how to do things - simple spelling, adding, subtracting, multiplying and writing. The rest is done by reading to them and by interesting talks, during which they have to sit still and keep their hands quiet. There are practically no other lessons.""

""The real aim of this school is not so much to teach thought as to teach thoughtfulness - kindness to others, and being responsible citizens. Look out of the window a minute, will you?""

I went to the window which overlooked a large garden and a playground at the back. ""What do you see?"" Miss Beam asked.

""I see some very beautiful grounds,"" I said, ""and a lot of jolly children. It pains me, though, to see that they are not all so healthy and active-looking. When I came in, I saw one poor little girl being led about. She has some trouble with her eyes. Now I can see two more with the same difficulty. And there's a girl with a crutch watching the others at play. She seems to be a hopeless cripple.""

Miss Beam laughed. ""Oh, no!"" she said. ""She's not really lame. This is only her lame day. The others are not blind either. It is only their blind day.""

I must have looked very surprised, for she laughed again.

""This is a very important part of our system. To make our children appreciate and understand misfortune, we make them share in misfortune too. Each term every child has one blind day, one lame day, one deaf day, one injured day and one dumb day. During the blind day their eyes are bandaged absolutely and they are on their honour not to peep. The bandage is put on overnight so they wake blind. This means that they need help with everything. Other children are given the duty of helping them and leading them about. They all learn so much this way - both the blind and the helpers.

""There is no misery about it,"" Miss Beam continued. ""Everyone is very kind, and it is really something of a game. Before the day is over, though, even the most thoughtless child realises what misfortune is.

""The blind day is, of course, really the worst, but some of the children tell me that the dumb day is the most difficult. We cannot bandage the children's mouths, so they really have to exercise their will-power. Come into the garden and see for yourself how the children feel about it.""

Miss Beam led me to one of the bandaged girls. ""Here's a gentleman come to talk to you,"" said Miss Beam, and left us.

""Don't you ever peep?"" I asked the girl.

""Oh, no!"" she exclaimed. ""That would be cheating! But I had no idea it was so awful to be blind. You can't see a thing. You feel you are going to be hit by something every moment. It's such a relief just to sit down.""

""Are your helpers kind to you?"" I asked.

""Fairly. But they are not as careful as I shall be when it is my turn. Those that have been blind already are the best helpers. It's perfectly ghastly not to see. I wish you'd try.""

""Shall I lead you anywhere?"" I asked.

""Oh, yes"", she said. ""Let's go for a little walk. Only you must tell me about things. I shall be so glad when today is over. The other bad days can't be half as bad as this. Having a leg tied up and hopping about on a crutch is almost fun, I guess. Having an arm tied up is a bit more troublesome, because you can't eat without help, and things like that. I don't think I'll mind being deaf for a day-at least not much. But being blind is so frightening. My head aches all the time just from worrying that I'll get hurt. Where are we now?""

""In the playground,"" I said. ""We're walking towards the house. Miss Beam is walking up and down the garden with a tall girl.""

""What is the girl wearing?"" my little friend asked.

""A blue cotton skirt and a pink blouse.""

""I think it's Millie?"" she said. ""What colour is her hair?""

""Very light,"" I said.

""Yes, that's Millie. She's the Head Girl.""

""There's an old man tying up roses,"" I said.

""Yes, that's Peter. He's the gardener. He's hundreds of years old!""

""And here comes a girl with curly red hair. She's on crutches.""

""That's Anita,"" she said.

And so we walked on. Gradually I discovered that I was ten times more thoughtful than I ever thought I could be. I also realised that if I had to describe people and things to someone else, it made them more interesting to me. When I finally had to leave, I told Miss Beam that I was very sorry to go.

""Ah!"" she replied, ""then there is something in my system after all.""

~ E.V. LUCAS (abridged and simplified)
",What was the purpose of these special days?,The main purpose of these special days was to realise the feelings of others difficulties. They learnt to help the needy in the society.
"## A Different Kind of School

I HAD heard a great deal about Miss Beam's school, but not till last week did the chance come to visit it.

When I arrived there was no one in sight but a girl of about twelve. Her eyes were covered with a bandage and she was being led carefully between the flower-beds by a little boy, who was about four years younger. She stopped, and it looked like she asked him who had come. He seemed to be describing me to her. Then they passed on.

Miss Beam was all that I had expected - middle-aged, full of authority, yet kindly and understanding. Her hair was beginning to turn grey, and she had the kind of plump figure that is likely to be comforting to a homesick child. I asked her some questions about her teaching methods, which I had heard were simple.

""No more than is needed to help them to learn how to do things - simple spelling, adding, subtracting, multiplying and writing. The rest is done by reading to them and by interesting talks, during which they have to sit still and keep their hands quiet. There are practically no other lessons.""

""The real aim of this school is not so much to teach thought as to teach thoughtfulness - kindness to others, and being responsible citizens. Look out of the window a minute, will you?""

I went to the window which overlooked a large garden and a playground at the back. ""What do you see?"" Miss Beam asked.

""I see some very beautiful grounds,"" I said, ""and a lot of jolly children. It pains me, though, to see that they are not all so healthy and active-looking. When I came in, I saw one poor little girl being led about. She has some trouble with her eyes. Now I can see two more with the same difficulty. And there's a girl with a crutch watching the others at play. She seems to be a hopeless cripple.""

Miss Beam laughed. ""Oh, no!"" she said. ""She's not really lame. This is only her lame day. The others are not blind either. It is only their blind day.""

I must have looked very surprised, for she laughed again.

""This is a very important part of our system. To make our children appreciate and understand misfortune, we make them share in misfortune too. Each term every child has one blind day, one lame day, one deaf day, one injured day and one dumb day. During the blind day their eyes are bandaged absolutely and they are on their honour not to peep. The bandage is put on overnight so they wake blind. This means that they need help with everything. Other children are given the duty of helping them and leading them about. They all learn so much this way - both the blind and the helpers.

""There is no misery about it,"" Miss Beam continued. ""Everyone is very kind, and it is really something of a game. Before the day is over, though, even the most thoughtless child realises what misfortune is.

""The blind day is, of course, really the worst, but some of the children tell me that the dumb day is the most difficult. We cannot bandage the children's mouths, so they really have to exercise their will-power. Come into the garden and see for yourself how the children feel about it.""

Miss Beam led me to one of the bandaged girls. ""Here's a gentleman come to talk to you,"" said Miss Beam, and left us.

""Don't you ever peep?"" I asked the girl.

""Oh, no!"" she exclaimed. ""That would be cheating! But I had no idea it was so awful to be blind. You can't see a thing. You feel you are going to be hit by something every moment. It's such a relief just to sit down.""

""Are your helpers kind to you?"" I asked.

""Fairly. But they are not as careful as I shall be when it is my turn. Those that have been blind already are the best helpers. It's perfectly ghastly not to see. I wish you'd try.""

""Shall I lead you anywhere?"" I asked.

""Oh, yes"", she said. ""Let's go for a little walk. Only you must tell me about things. I shall be so glad when today is over. The other bad days can't be half as bad as this. Having a leg tied up and hopping about on a crutch is almost fun, I guess. Having an arm tied up is a bit more troublesome, because you can't eat without help, and things like that. I don't think I'll mind being deaf for a day-at least not much. But being blind is so frightening. My head aches all the time just from worrying that I'll get hurt. Where are we now?""

""In the playground,"" I said. ""We're walking towards the house. Miss Beam is walking up and down the garden with a tall girl.""

""What is the girl wearing?"" my little friend asked.

""A blue cotton skirt and a pink blouse.""

""I think it's Millie?"" she said. ""What colour is her hair?""

""Very light,"" I said.

""Yes, that's Millie. She's the Head Girl.""

""There's an old man tying up roses,"" I said.

""Yes, that's Peter. He's the gardener. He's hundreds of years old!""

""And here comes a girl with curly red hair. She's on crutches.""

""That's Anita,"" she said.

And so we walked on. Gradually I discovered that I was ten times more thoughtful than I ever thought I could be. I also realised that if I had to describe people and things to someone else, it made them more interesting to me. When I finally had to leave, I told Miss Beam that I was very sorry to go.

""Ah!"" she replied, ""then there is something in my system after all.""

~ E.V. LUCAS (abridged and simplified)
",I had heard a great deal about Miss Beam's school.,The writer had heard people praising the teaching methods at Miss Beam's school.
"## A Different Kind of School

I HAD heard a great deal about Miss Beam's school, but not till last week did the chance come to visit it.

When I arrived there was no one in sight but a girl of about twelve. Her eyes were covered with a bandage and she was being led carefully between the flower-beds by a little boy, who was about four years younger. She stopped, and it looked like she asked him who had come. He seemed to be describing me to her. Then they passed on.

Miss Beam was all that I had expected - middle-aged, full of authority, yet kindly and understanding. Her hair was beginning to turn grey, and she had the kind of plump figure that is likely to be comforting to a homesick child. I asked her some questions about her teaching methods, which I had heard were simple.

""No more than is needed to help them to learn how to do things - simple spelling, adding, subtracting, multiplying and writing. The rest is done by reading to them and by interesting talks, during which they have to sit still and keep their hands quiet. There are practically no other lessons.""

""The real aim of this school is not so much to teach thought as to teach thoughtfulness - kindness to others, and being responsible citizens. Look out of the window a minute, will you?""

I went to the window which overlooked a large garden and a playground at the back. ""What do you see?"" Miss Beam asked.

""I see some very beautiful grounds,"" I said, ""and a lot of jolly children. It pains me, though, to see that they are not all so healthy and active-looking. When I came in, I saw one poor little girl being led about. She has some trouble with her eyes. Now I can see two more with the same difficulty. And there's a girl with a crutch watching the others at play. She seems to be a hopeless cripple.""

Miss Beam laughed. ""Oh, no!"" she said. ""She's not really lame. This is only her lame day. The others are not blind either. It is only their blind day.""

I must have looked very surprised, for she laughed again.

""This is a very important part of our system. To make our children appreciate and understand misfortune, we make them share in misfortune too. Each term every child has one blind day, one lame day, one deaf day, one injured day and one dumb day. During the blind day their eyes are bandaged absolutely and they are on their honour not to peep. The bandage is put on overnight so they wake blind. This means that they need help with everything. Other children are given the duty of helping them and leading them about. They all learn so much this way - both the blind and the helpers.

""There is no misery about it,"" Miss Beam continued. ""Everyone is very kind, and it is really something of a game. Before the day is over, though, even the most thoughtless child realises what misfortune is.

""The blind day is, of course, really the worst, but some of the children tell me that the dumb day is the most difficult. We cannot bandage the children's mouths, so they really have to exercise their will-power. Come into the garden and see for yourself how the children feel about it.""

Miss Beam led me to one of the bandaged girls. ""Here's a gentleman come to talk to you,"" said Miss Beam, and left us.

""Don't you ever peep?"" I asked the girl.

""Oh, no!"" she exclaimed. ""That would be cheating! But I had no idea it was so awful to be blind. You can't see a thing. You feel you are going to be hit by something every moment. It's such a relief just to sit down.""

""Are your helpers kind to you?"" I asked.

""Fairly. But they are not as careful as I shall be when it is my turn. Those that have been blind already are the best helpers. It's perfectly ghastly not to see. I wish you'd try.""

""Shall I lead you anywhere?"" I asked.

""Oh, yes"", she said. ""Let's go for a little walk. Only you must tell me about things. I shall be so glad when today is over. The other bad days can't be half as bad as this. Having a leg tied up and hopping about on a crutch is almost fun, I guess. Having an arm tied up is a bit more troublesome, because you can't eat without help, and things like that. I don't think I'll mind being deaf for a day-at least not much. But being blind is so frightening. My head aches all the time just from worrying that I'll get hurt. Where are we now?""

""In the playground,"" I said. ""We're walking towards the house. Miss Beam is walking up and down the garden with a tall girl.""

""What is the girl wearing?"" my little friend asked.

""A blue cotton skirt and a pink blouse.""

""I think it's Millie?"" she said. ""What colour is her hair?""

""Very light,"" I said.

""Yes, that's Millie. She's the Head Girl.""

""There's an old man tying up roses,"" I said.

""Yes, that's Peter. He's the gardener. He's hundreds of years old!""

""And here comes a girl with curly red hair. She's on crutches.""

""That's Anita,"" she said.

And so we walked on. Gradually I discovered that I was ten times more thoughtful than I ever thought I could be. I also realised that if I had to describe people and things to someone else, it made them more interesting to me. When I finally had to leave, I told Miss Beam that I was very sorry to go.

""Ah!"" she replied, ""then there is something in my system after all.""

~ E.V. LUCAS (abridged and simplified)
","Miss Beam was all that I had expected - middle-aged, full of authority.",The Writer found Miss Beam as a person of middle-aged and full of authority.
"## A Different Kind of School

I HAD heard a great deal about Miss Beam's school, but not till last week did the chance come to visit it.

When I arrived there was no one in sight but a girl of about twelve. Her eyes were covered with a bandage and she was being led carefully between the flower-beds by a little boy, who was about four years younger. She stopped, and it looked like she asked him who had come. He seemed to be describing me to her. Then they passed on.

Miss Beam was all that I had expected - middle-aged, full of authority, yet kindly and understanding. Her hair was beginning to turn grey, and she had the kind of plump figure that is likely to be comforting to a homesick child. I asked her some questions about her teaching methods, which I had heard were simple.

""No more than is needed to help them to learn how to do things - simple spelling, adding, subtracting, multiplying and writing. The rest is done by reading to them and by interesting talks, during which they have to sit still and keep their hands quiet. There are practically no other lessons.""

""The real aim of this school is not so much to teach thought as to teach thoughtfulness - kindness to others, and being responsible citizens. Look out of the window a minute, will you?""

I went to the window which overlooked a large garden and a playground at the back. ""What do you see?"" Miss Beam asked.

""I see some very beautiful grounds,"" I said, ""and a lot of jolly children. It pains me, though, to see that they are not all so healthy and active-looking. When I came in, I saw one poor little girl being led about. She has some trouble with her eyes. Now I can see two more with the same difficulty. And there's a girl with a crutch watching the others at play. She seems to be a hopeless cripple.""

Miss Beam laughed. ""Oh, no!"" she said. ""She's not really lame. This is only her lame day. The others are not blind either. It is only their blind day.""

I must have looked very surprised, for she laughed again.

""This is a very important part of our system. To make our children appreciate and understand misfortune, we make them share in misfortune too. Each term every child has one blind day, one lame day, one deaf day, one injured day and one dumb day. During the blind day their eyes are bandaged absolutely and they are on their honour not to peep. The bandage is put on overnight so they wake blind. This means that they need help with everything. Other children are given the duty of helping them and leading them about. They all learn so much this way - both the blind and the helpers.

""There is no misery about it,"" Miss Beam continued. ""Everyone is very kind, and it is really something of a game. Before the day is over, though, even the most thoughtless child realises what misfortune is.

""The blind day is, of course, really the worst, but some of the children tell me that the dumb day is the most difficult. We cannot bandage the children's mouths, so they really have to exercise their will-power. Come into the garden and see for yourself how the children feel about it.""

Miss Beam led me to one of the bandaged girls. ""Here's a gentleman come to talk to you,"" said Miss Beam, and left us.

""Don't you ever peep?"" I asked the girl.

""Oh, no!"" she exclaimed. ""That would be cheating! But I had no idea it was so awful to be blind. You can't see a thing. You feel you are going to be hit by something every moment. It's such a relief just to sit down.""

""Are your helpers kind to you?"" I asked.

""Fairly. But they are not as careful as I shall be when it is my turn. Those that have been blind already are the best helpers. It's perfectly ghastly not to see. I wish you'd try.""

""Shall I lead you anywhere?"" I asked.

""Oh, yes"", she said. ""Let's go for a little walk. Only you must tell me about things. I shall be so glad when today is over. The other bad days can't be half as bad as this. Having a leg tied up and hopping about on a crutch is almost fun, I guess. Having an arm tied up is a bit more troublesome, because you can't eat without help, and things like that. I don't think I'll mind being deaf for a day-at least not much. But being blind is so frightening. My head aches all the time just from worrying that I'll get hurt. Where are we now?""

""In the playground,"" I said. ""We're walking towards the house. Miss Beam is walking up and down the garden with a tall girl.""

""What is the girl wearing?"" my little friend asked.

""A blue cotton skirt and a pink blouse.""

""I think it's Millie?"" she said. ""What colour is her hair?""

""Very light,"" I said.

""Yes, that's Millie. She's the Head Girl.""

""There's an old man tying up roses,"" I said.

""Yes, that's Peter. He's the gardener. He's hundreds of years old!""

""And here comes a girl with curly red hair. She's on crutches.""

""That's Anita,"" she said.

And so we walked on. Gradually I discovered that I was ten times more thoughtful than I ever thought I could be. I also realised that if I had to describe people and things to someone else, it made them more interesting to me. When I finally had to leave, I told Miss Beam that I was very sorry to go.

""Ah!"" she replied, ""then there is something in my system after all.""

~ E.V. LUCAS (abridged and simplified)
",I went to the window which overlooked a large garden.,The writer looked out of a window and saw a large garden.
"## A Different Kind of School

I HAD heard a great deal about Miss Beam's school, but not till last week did the chance come to visit it.

When I arrived there was no one in sight but a girl of about twelve. Her eyes were covered with a bandage and she was being led carefully between the flower-beds by a little boy, who was about four years younger. She stopped, and it looked like she asked him who had come. He seemed to be describing me to her. Then they passed on.

Miss Beam was all that I had expected - middle-aged, full of authority, yet kindly and understanding. Her hair was beginning to turn grey, and she had the kind of plump figure that is likely to be comforting to a homesick child. I asked her some questions about her teaching methods, which I had heard were simple.

""No more than is needed to help them to learn how to do things - simple spelling, adding, subtracting, multiplying and writing. The rest is done by reading to them and by interesting talks, during which they have to sit still and keep their hands quiet. There are practically no other lessons.""

""The real aim of this school is not so much to teach thought as to teach thoughtfulness - kindness to others, and being responsible citizens. Look out of the window a minute, will you?""

I went to the window which overlooked a large garden and a playground at the back. ""What do you see?"" Miss Beam asked.

""I see some very beautiful grounds,"" I said, ""and a lot of jolly children. It pains me, though, to see that they are not all so healthy and active-looking. When I came in, I saw one poor little girl being led about. She has some trouble with her eyes. Now I can see two more with the same difficulty. And there's a girl with a crutch watching the others at play. She seems to be a hopeless cripple.""

Miss Beam laughed. ""Oh, no!"" she said. ""She's not really lame. This is only her lame day. The others are not blind either. It is only their blind day.""

I must have looked very surprised, for she laughed again.

""This is a very important part of our system. To make our children appreciate and understand misfortune, we make them share in misfortune too. Each term every child has one blind day, one lame day, one deaf day, one injured day and one dumb day. During the blind day their eyes are bandaged absolutely and they are on their honour not to peep. The bandage is put on overnight so they wake blind. This means that they need help with everything. Other children are given the duty of helping them and leading them about. They all learn so much this way - both the blind and the helpers.

""There is no misery about it,"" Miss Beam continued. ""Everyone is very kind, and it is really something of a game. Before the day is over, though, even the most thoughtless child realises what misfortune is.

""The blind day is, of course, really the worst, but some of the children tell me that the dumb day is the most difficult. We cannot bandage the children's mouths, so they really have to exercise their will-power. Come into the garden and see for yourself how the children feel about it.""

Miss Beam led me to one of the bandaged girls. ""Here's a gentleman come to talk to you,"" said Miss Beam, and left us.

""Don't you ever peep?"" I asked the girl.

""Oh, no!"" she exclaimed. ""That would be cheating! But I had no idea it was so awful to be blind. You can't see a thing. You feel you are going to be hit by something every moment. It's such a relief just to sit down.""

""Are your helpers kind to you?"" I asked.

""Fairly. But they are not as careful as I shall be when it is my turn. Those that have been blind already are the best helpers. It's perfectly ghastly not to see. I wish you'd try.""

""Shall I lead you anywhere?"" I asked.

""Oh, yes"", she said. ""Let's go for a little walk. Only you must tell me about things. I shall be so glad when today is over. The other bad days can't be half as bad as this. Having a leg tied up and hopping about on a crutch is almost fun, I guess. Having an arm tied up is a bit more troublesome, because you can't eat without help, and things like that. I don't think I'll mind being deaf for a day-at least not much. But being blind is so frightening. My head aches all the time just from worrying that I'll get hurt. Where are we now?""

""In the playground,"" I said. ""We're walking towards the house. Miss Beam is walking up and down the garden with a tall girl.""

""What is the girl wearing?"" my little friend asked.

""A blue cotton skirt and a pink blouse.""

""I think it's Millie?"" she said. ""What colour is her hair?""

""Very light,"" I said.

""Yes, that's Millie. She's the Head Girl.""

""There's an old man tying up roses,"" I said.

""Yes, that's Peter. He's the gardener. He's hundreds of years old!""

""And here comes a girl with curly red hair. She's on crutches.""

""That's Anita,"" she said.

And so we walked on. Gradually I discovered that I was ten times more thoughtful than I ever thought I could be. I also realised that if I had to describe people and things to someone else, it made them more interesting to me. When I finally had to leave, I told Miss Beam that I was very sorry to go.

""Ah!"" she replied, ""then there is something in my system after all.""

~ E.V. LUCAS (abridged and simplified)
","We cannot bandage the children's mouths, so they really have to exercise their willpower.",The children had to use their will power to keep quit.
"## Who I Am

### Part I MANY VOICES

RadHA

My favourite activity is climbing trees. Just outside our house, there is a guava tree which llove to go up. Its branches spread out, so it is simple to climb up the tree, and I can sit comfortably in the fork of two branches. My mother tells me it is not sensible for girls to climb trees, but one afternoon she climbed up too, and both of us sat there talking and eating raw mangoes. When I am high up in the tree, I feel like I can rule the whole world.

NASIR

When I grow up, I want to become a seed collector. We have cotton fields in our village and every year, my father spends a lot of money on buying new seeds to grow our cotton plants. My grandfather told me that many years ago, he could collect the seeds from his own plants which could be sown to grow new plants during the next year. But today that doesn't work so we have to spend money to buy new seeds every single year. I want to find out why that is so. I want to learn how to preserve seeds so that we can use them again and not spend money every year.

Rohit

If I had a huge amount of money I would travel and travel. I want to see the mountains of New Zealand because they looked beautiful in a magazine picture. I wish I could sail down the Amazon river in South America on a raft. I want to live on the beaches of Lakshadweep and dive down to see coral. I suppose I should go to the Konark temple in Orissa or the old city in Beijing in China and the Pyramids in Egypt too, but what I actually enjoy is seeing nature more than old buildings.

Serbilt

What makes me very angry is when people don't believe me when I am telling the truth. For example, if I tell my teacher that I couldn't do my homework because Ravi borrowed my book and forgot to return it. Or I tell my parents that it wasn't me but my little brother who started the fight. Or if I tell my teacher that I really did study for the test even if I have got bad marks. They all look at me as if they think I am telling lies. The look on their faces really angers me. Sometimes I have to look down at my shoes and count to ten so that I do not show that I am angry.

Dolma

When I grow up, I am going to be the Prime Minister of India. People always laugh when I say that, but I am sure that I will do it. Everyone in my class asks me what to do when they have a problem, and my teacher always trusts me when something needs to be done in school. I want to make things better for everyone. I want us to have good hospitals and roads and schools. I want to make sure that there are many good scientists in India who will invent cures for diseases and send a spaceship to Mars.

Peter

My favourite day is the second Sunday of every month. On this day our whole family always goes to the cinema hall to see a film. My father gets the tickets in advance and all of us - my grandmother, my parents, my two brothers and I - take the bus there. In the interval my father buys us peanuts and I love to sit in the darkness of the hall eating and watching the film. Afterwards we always stop to eat ice cream. Everyone is in a good mood and we all feel very lucky that we are such a happy family.",Peter’s favourite day of the week is Sunday because,on this day he goes to the cinema hall to watch a film with his whole family.
"## Who I Am

### Part I MANY VOICES

RadHA

My favourite activity is climbing trees. Just outside our house, there is a guava tree which llove to go up. Its branches spread out, so it is simple to climb up the tree, and I can sit comfortably in the fork of two branches. My mother tells me it is not sensible for girls to climb trees, but one afternoon she climbed up too, and both of us sat there talking and eating raw mangoes. When I am high up in the tree, I feel like I can rule the whole world.

NASIR

When I grow up, I want to become a seed collector. We have cotton fields in our village and every year, my father spends a lot of money on buying new seeds to grow our cotton plants. My grandfather told me that many years ago, he could collect the seeds from his own plants which could be sown to grow new plants during the next year. But today that doesn't work so we have to spend money to buy new seeds every single year. I want to find out why that is so. I want to learn how to preserve seeds so that we can use them again and not spend money every year.

Rohit

If I had a huge amount of money I would travel and travel. I want to see the mountains of New Zealand because they looked beautiful in a magazine picture. I wish I could sail down the Amazon river in South America on a raft. I want to live on the beaches of Lakshadweep and dive down to see coral. I suppose I should go to the Konark temple in Orissa or the old city in Beijing in China and the Pyramids in Egypt too, but what I actually enjoy is seeing nature more than old buildings.

Serbilt

What makes me very angry is when people don't believe me when I am telling the truth. For example, if I tell my teacher that I couldn't do my homework because Ravi borrowed my book and forgot to return it. Or I tell my parents that it wasn't me but my little brother who started the fight. Or if I tell my teacher that I really did study for the test even if I have got bad marks. They all look at me as if they think I am telling lies. The look on their faces really angers me. Sometimes I have to look down at my shoes and count to ten so that I do not show that I am angry.

Dolma

When I grow up, I am going to be the Prime Minister of India. People always laugh when I say that, but I am sure that I will do it. Everyone in my class asks me what to do when they have a problem, and my teacher always trusts me when something needs to be done in school. I want to make things better for everyone. I want us to have good hospitals and roads and schools. I want to make sure that there are many good scientists in India who will invent cures for diseases and send a spaceship to Mars.

Peter

My favourite day is the second Sunday of every month. On this day our whole family always goes to the cinema hall to see a film. My father gets the tickets in advance and all of us - my grandmother, my parents, my two brothers and I - take the bus there. In the interval my father buys us peanuts and I love to sit in the darkness of the hall eating and watching the film. Afterwards we always stop to eat ice cream. Everyone is in a good mood and we all feel very lucky that we are such a happy family.",Nasir wants to learn,how to preserve seeds so that they can be reused without investing money on them.
"## Who I Am

### Part I MANY VOICES

RadHA

My favourite activity is climbing trees. Just outside our house, there is a guava tree which llove to go up. Its branches spread out, so it is simple to climb up the tree, and I can sit comfortably in the fork of two branches. My mother tells me it is not sensible for girls to climb trees, but one afternoon she climbed up too, and both of us sat there talking and eating raw mangoes. When I am high up in the tree, I feel like I can rule the whole world.

NASIR

When I grow up, I want to become a seed collector. We have cotton fields in our village and every year, my father spends a lot of money on buying new seeds to grow our cotton plants. My grandfather told me that many years ago, he could collect the seeds from his own plants which could be sown to grow new plants during the next year. But today that doesn't work so we have to spend money to buy new seeds every single year. I want to find out why that is so. I want to learn how to preserve seeds so that we can use them again and not spend money every year.

Rohit

If I had a huge amount of money I would travel and travel. I want to see the mountains of New Zealand because they looked beautiful in a magazine picture. I wish I could sail down the Amazon river in South America on a raft. I want to live on the beaches of Lakshadweep and dive down to see coral. I suppose I should go to the Konark temple in Orissa or the old city in Beijing in China and the Pyramids in Egypt too, but what I actually enjoy is seeing nature more than old buildings.

Serbilt

What makes me very angry is when people don't believe me when I am telling the truth. For example, if I tell my teacher that I couldn't do my homework because Ravi borrowed my book and forgot to return it. Or I tell my parents that it wasn't me but my little brother who started the fight. Or if I tell my teacher that I really did study for the test even if I have got bad marks. They all look at me as if they think I am telling lies. The look on their faces really angers me. Sometimes I have to look down at my shoes and count to ten so that I do not show that I am angry.

Dolma

When I grow up, I am going to be the Prime Minister of India. People always laugh when I say that, but I am sure that I will do it. Everyone in my class asks me what to do when they have a problem, and my teacher always trusts me when something needs to be done in school. I want to make things better for everyone. I want us to have good hospitals and roads and schools. I want to make sure that there are many good scientists in India who will invent cures for diseases and send a spaceship to Mars.

Peter

My favourite day is the second Sunday of every month. On this day our whole family always goes to the cinema hall to see a film. My father gets the tickets in advance and all of us - my grandmother, my parents, my two brothers and I - take the bus there. In the interval my father buys us peanuts and I love to sit in the darkness of the hall eating and watching the film. Afterwards we always stop to eat ice cream. Everyone is in a good mood and we all feel very lucky that we are such a happy family.",Dolma believes that she can make a good Prime Minister because ,she wants to make things better for everyone.
"## Who I Am

### Part I MANY VOICES

RadHA

My favourite activity is climbing trees. Just outside our house, there is a guava tree which llove to go up. Its branches spread out, so it is simple to climb up the tree, and I can sit comfortably in the fork of two branches. My mother tells me it is not sensible for girls to climb trees, but one afternoon she climbed up too, and both of us sat there talking and eating raw mangoes. When I am high up in the tree, I feel like I can rule the whole world.

NASIR

When I grow up, I want to become a seed collector. We have cotton fields in our village and every year, my father spends a lot of money on buying new seeds to grow our cotton plants. My grandfather told me that many years ago, he could collect the seeds from his own plants which could be sown to grow new plants during the next year. But today that doesn't work so we have to spend money to buy new seeds every single year. I want to find out why that is so. I want to learn how to preserve seeds so that we can use them again and not spend money every year.

Rohit

If I had a huge amount of money I would travel and travel. I want to see the mountains of New Zealand because they looked beautiful in a magazine picture. I wish I could sail down the Amazon river in South America on a raft. I want to live on the beaches of Lakshadweep and dive down to see coral. I suppose I should go to the Konark temple in Orissa or the old city in Beijing in China and the Pyramids in Egypt too, but what I actually enjoy is seeing nature more than old buildings.

Serbilt

What makes me very angry is when people don't believe me when I am telling the truth. For example, if I tell my teacher that I couldn't do my homework because Ravi borrowed my book and forgot to return it. Or I tell my parents that it wasn't me but my little brother who started the fight. Or if I tell my teacher that I really did study for the test even if I have got bad marks. They all look at me as if they think I am telling lies. The look on their faces really angers me. Sometimes I have to look down at my shoes and count to ten so that I do not show that I am angry.

Dolma

When I grow up, I am going to be the Prime Minister of India. People always laugh when I say that, but I am sure that I will do it. Everyone in my class asks me what to do when they have a problem, and my teacher always trusts me when something needs to be done in school. I want to make things better for everyone. I want us to have good hospitals and roads and schools. I want to make sure that there are many good scientists in India who will invent cures for diseases and send a spaceship to Mars.

Peter

My favourite day is the second Sunday of every month. On this day our whole family always goes to the cinema hall to see a film. My father gets the tickets in advance and all of us - my grandmother, my parents, my two brothers and I - take the bus there. In the interval my father buys us peanuts and I love to sit in the darkness of the hall eating and watching the film. Afterwards we always stop to eat ice cream. Everyone is in a good mood and we all feel very lucky that we are such a happy family.",Peter is an only child.,FALSE
"## Who I Am

### Part I MANY VOICES

RadHA

My favourite activity is climbing trees. Just outside our house, there is a guava tree which llove to go up. Its branches spread out, so it is simple to climb up the tree, and I can sit comfortably in the fork of two branches. My mother tells me it is not sensible for girls to climb trees, but one afternoon she climbed up too, and both of us sat there talking and eating raw mangoes. When I am high up in the tree, I feel like I can rule the whole world.

NASIR

When I grow up, I want to become a seed collector. We have cotton fields in our village and every year, my father spends a lot of money on buying new seeds to grow our cotton plants. My grandfather told me that many years ago, he could collect the seeds from his own plants which could be sown to grow new plants during the next year. But today that doesn't work so we have to spend money to buy new seeds every single year. I want to find out why that is so. I want to learn how to preserve seeds so that we can use them again and not spend money every year.

Rohit

If I had a huge amount of money I would travel and travel. I want to see the mountains of New Zealand because they looked beautiful in a magazine picture. I wish I could sail down the Amazon river in South America on a raft. I want to live on the beaches of Lakshadweep and dive down to see coral. I suppose I should go to the Konark temple in Orissa or the old city in Beijing in China and the Pyramids in Egypt too, but what I actually enjoy is seeing nature more than old buildings.

Serbilt

What makes me very angry is when people don't believe me when I am telling the truth. For example, if I tell my teacher that I couldn't do my homework because Ravi borrowed my book and forgot to return it. Or I tell my parents that it wasn't me but my little brother who started the fight. Or if I tell my teacher that I really did study for the test even if I have got bad marks. They all look at me as if they think I am telling lies. The look on their faces really angers me. Sometimes I have to look down at my shoes and count to ten so that I do not show that I am angry.

Dolma

When I grow up, I am going to be the Prime Minister of India. People always laugh when I say that, but I am sure that I will do it. Everyone in my class asks me what to do when they have a problem, and my teacher always trusts me when something needs to be done in school. I want to make things better for everyone. I want us to have good hospitals and roads and schools. I want to make sure that there are many good scientists in India who will invent cures for diseases and send a spaceship to Mars.

Peter

My favourite day is the second Sunday of every month. On this day our whole family always goes to the cinema hall to see a film. My father gets the tickets in advance and all of us - my grandmother, my parents, my two brothers and I - take the bus there. In the interval my father buys us peanuts and I love to sit in the darkness of the hall eating and watching the film. Afterwards we always stop to eat ice cream. Everyone is in a good mood and we all feel very lucky that we are such a happy family.",When Serbjit gets angry he shouts at people.,FALSE
"## Who I Am

### Part I MANY VOICES

RadHA

My favourite activity is climbing trees. Just outside our house, there is a guava tree which llove to go up. Its branches spread out, so it is simple to climb up the tree, and I can sit comfortably in the fork of two branches. My mother tells me it is not sensible for girls to climb trees, but one afternoon she climbed up too, and both of us sat there talking and eating raw mangoes. When I am high up in the tree, I feel like I can rule the whole world.

NASIR

When I grow up, I want to become a seed collector. We have cotton fields in our village and every year, my father spends a lot of money on buying new seeds to grow our cotton plants. My grandfather told me that many years ago, he could collect the seeds from his own plants which could be sown to grow new plants during the next year. But today that doesn't work so we have to spend money to buy new seeds every single year. I want to find out why that is so. I want to learn how to preserve seeds so that we can use them again and not spend money every year.

Rohit

If I had a huge amount of money I would travel and travel. I want to see the mountains of New Zealand because they looked beautiful in a magazine picture. I wish I could sail down the Amazon river in South America on a raft. I want to live on the beaches of Lakshadweep and dive down to see coral. I suppose I should go to the Konark temple in Orissa or the old city in Beijing in China and the Pyramids in Egypt too, but what I actually enjoy is seeing nature more than old buildings.

Serbilt

What makes me very angry is when people don't believe me when I am telling the truth. For example, if I tell my teacher that I couldn't do my homework because Ravi borrowed my book and forgot to return it. Or I tell my parents that it wasn't me but my little brother who started the fight. Or if I tell my teacher that I really did study for the test even if I have got bad marks. They all look at me as if they think I am telling lies. The look on their faces really angers me. Sometimes I have to look down at my shoes and count to ten so that I do not show that I am angry.

Dolma

When I grow up, I am going to be the Prime Minister of India. People always laugh when I say that, but I am sure that I will do it. Everyone in my class asks me what to do when they have a problem, and my teacher always trusts me when something needs to be done in school. I want to make things better for everyone. I want us to have good hospitals and roads and schools. I want to make sure that there are many good scientists in India who will invent cures for diseases and send a spaceship to Mars.

Peter

My favourite day is the second Sunday of every month. On this day our whole family always goes to the cinema hall to see a film. My father gets the tickets in advance and all of us - my grandmother, my parents, my two brothers and I - take the bus there. In the interval my father buys us peanuts and I love to sit in the darkness of the hall eating and watching the film. Afterwards we always stop to eat ice cream. Everyone is in a good mood and we all feel very lucky that we are such a happy family.",Nasir lives in the city,FALSE
"## Who I Am

### Part I MANY VOICES

RadHA

My favourite activity is climbing trees. Just outside our house, there is a guava tree which llove to go up. Its branches spread out, so it is simple to climb up the tree, and I can sit comfortably in the fork of two branches. My mother tells me it is not sensible for girls to climb trees, but one afternoon she climbed up too, and both of us sat there talking and eating raw mangoes. When I am high up in the tree, I feel like I can rule the whole world.

NASIR

When I grow up, I want to become a seed collector. We have cotton fields in our village and every year, my father spends a lot of money on buying new seeds to grow our cotton plants. My grandfather told me that many years ago, he could collect the seeds from his own plants which could be sown to grow new plants during the next year. But today that doesn't work so we have to spend money to buy new seeds every single year. I want to find out why that is so. I want to learn how to preserve seeds so that we can use them again and not spend money every year.

Rohit

If I had a huge amount of money I would travel and travel. I want to see the mountains of New Zealand because they looked beautiful in a magazine picture. I wish I could sail down the Amazon river in South America on a raft. I want to live on the beaches of Lakshadweep and dive down to see coral. I suppose I should go to the Konark temple in Orissa or the old city in Beijing in China and the Pyramids in Egypt too, but what I actually enjoy is seeing nature more than old buildings.

Serbilt

What makes me very angry is when people don't believe me when I am telling the truth. For example, if I tell my teacher that I couldn't do my homework because Ravi borrowed my book and forgot to return it. Or I tell my parents that it wasn't me but my little brother who started the fight. Or if I tell my teacher that I really did study for the test even if I have got bad marks. They all look at me as if they think I am telling lies. The look on their faces really angers me. Sometimes I have to look down at my shoes and count to ten so that I do not show that I am angry.

Dolma

When I grow up, I am going to be the Prime Minister of India. People always laugh when I say that, but I am sure that I will do it. Everyone in my class asks me what to do when they have a problem, and my teacher always trusts me when something needs to be done in school. I want to make things better for everyone. I want us to have good hospitals and roads and schools. I want to make sure that there are many good scientists in India who will invent cures for diseases and send a spaceship to Mars.

Peter

My favourite day is the second Sunday of every month. On this day our whole family always goes to the cinema hall to see a film. My father gets the tickets in advance and all of us - my grandmother, my parents, my two brothers and I - take the bus there. In the interval my father buys us peanuts and I love to sit in the darkness of the hall eating and watching the film. Afterwards we always stop to eat ice cream. Everyone is in a good mood and we all feel very lucky that we are such a happy family.",Radha’s mother enjoys doing things with her,TRUE
"## Fair Play

### Part 1

Jumman Shaikh and Algu Chowdhry were good friends. So strong was their bond of friendship that when either of them went away from the village, the other looked after his family. Both were greatly respected in the village.

Jumman had an old aunt who had some property. This she transferred to him on the understanding that she would stay with him and he would look after her. The arrangement worked well for a couple of years. Then the situation changed. Jumman and his family were tired of the old relative. Jumman became as indifferent to her as his wife, who grudged even the little food that the old lady wanted every day. She swallowed these insults along with her food for a few months. But patience has its limits.

One day she spoke to Jumman. ""My son, it is now obvious that I am not wanted in your house. Kindly give me a monthly allowance so that I can set up a separate kitchen.""

""My wife knows best how to run the house. Be patient,"" said Jumman shamelessly. This made his aunt very angry and she decided to take her case to the village panchayat.

For many days, the old lady was seen talking to the villagers explaining her case and seeking their support. Some sympathised with her, others laughed at her and a few others advised her to make it up with her nephew and his wife. At last she came to Algu Chowdhry and spoke to him. ""You know, Chachi, Jumman is my best friend. How can I go against him?"" Algu said. ""But is it right, my son, to keep mum and not say what you consider just and fair?"" pleaded the old lady. ""Come to the panchayat and speak the truth,"" she said. Algu didn't reply, but her words kept ringing in his ears.

### Part II

The panchayat was held the same evening under an old banyan tree. Jumman stood up and said, ""The voice of the Panch is the voice of God. Let my aunt nominate the head Panch. I will abide by her decision.""

""The Panch knows neither friend nor enemy. What do you say to Algu Chowdhry?"" the old lady announced.

""Fine,"" replied Jumman hiding his joy over this unexpected piece of luck.

""Chachi, you are aware of my friendship with Jumman,"" said Algu.

""I know that,"" replied the aunt, ""but I also know that you will not kill your conscience for the sake of friendship. God lives in the heart of the Panch, and his voice is the voice of God."" And the old lady explained her case.

""Jumman,"" said Algu, ""you and I are old friends. Your aunt is as dear to me as you. Now I am a Panch. You and your aunt are equal before me. What have you to say in your defence?""

""Three years ago,"" began Jumman, ""my aunt transferred her property to me. I promised to support her as long as she lived. I have done all I could. There have been a couple of quarrels between my wife and her but I can't stop it. Now my aunt is claiming a monthly allowance from me. This is not possible. That's all I have to say.""

Jumman was cross-examined by Algu and others. Then Algu announced, ""We have gone into the matter carefully. In our opinion, Jumman must pay his aunt a monthly allowance, or else the property goes back to her.""

Now, the two friends were seldom seen together. The bond of friendship between them was broken. In fact, Jumman was Algu's enemy and wanted his revenge.

### Part III

Days passed and, as ill luck would have it, Algu Chowdhry found himself in a tight spot. One of his fine pair of bullocks died, and he sold the other to Samjhu Sahu, a cart driver of the village. The understanding was that Sahu would pay the price of the bullock in a month's time. It so happened that the bullock died within a month.

Several months after the bullock's death, Algu reminded Sahu of the money he hadn't yet paid. Sahu got very annoyed. ""I can't pay you a penny for the wretched beast you sold me. He brought us nothing but ruin. I have a bullock. Use it for a month and then return it to me. No money for the dead bullock,"" he said angrily.

Algu decided to refer the case to the panchayat. For a second time in a few months, preparations for holding the panchayat were made, and both the parties started meeting people seeking their support.

The panchayat was held under the old banyan tree. Algu stood up and said, ""The voice of the Panch is the voice of God. Let Sahu nominate the head Panch. I will abide by his decision.""

Sahu saw his chance and proposed the name of Jumman. Algu's heart sank and he turned pale. But what could he do?

The moment Jumman became head Panch, he realised his responsibility as judge and the dignity of his office. Could he, seated in that high place, have his revenge now? He thought and decided that he must not allow his personal feelings to come in the way of speaking the truth and doing justice.

Both Algu and Sahu stated their cases. They were cross-examined and the case was considered deeply. Then Jumman stood up and announced, ""It is our opinion that Sahu should pay Algu the price of the bullock. When Sahu bought the bullock, it suffered from no disability or disease. The death of the bullock was unfortunate, but Algu cannot be blamed for it."" Algu could not contain his feelings. He stood up and said loudly over and over again, ""Victory to the panchayat. This is justice. God lives in the voice of the Panch.""

Soon after, Jumman came to Algu, embraced him and said, ""Since the last panchayat, I had become your enemy. Today I realised what it meant to be a Panch. A Panch has no friend nor enemy. He knows only justice. Let no one deviate from the path of justice and truth for friendship or enmity.""

Algu embraced his friend and wept. And his tears washed away all the dirt of misunderstanding between them[1].
","Has your best friend ever done something you thought was wrong? What did
you do then? Did you keep quiet or did you tell your friend what you
thought?","Yes, once my best friend stole some candies from a shop.
When I learned about it, I was upset and asked my father what should I do
learning my friend has done a wrong deed.
No, I did not keep quiet. As my father suggested, I directly told my best friend
why his action was wrong and went with him to appologise to the shop owner. I
helped my friend to pay for the stolen items from my pocket money."
"## Fair Play

### Part 1

Jumman Shaikh and Algu Chowdhry were good friends. So strong was their bond of friendship that when either of them went away from the village, the other looked after his family. Both were greatly respected in the village.

Jumman had an old aunt who had some property. This she transferred to him on the understanding that she would stay with him and he would look after her. The arrangement worked well for a couple of years. Then the situation changed. Jumman and his family were tired of the old relative. Jumman became as indifferent to her as his wife, who grudged even the little food that the old lady wanted every day. She swallowed these insults along with her food for a few months. But patience has its limits.

One day she spoke to Jumman. ""My son, it is now obvious that I am not wanted in your house. Kindly give me a monthly allowance so that I can set up a separate kitchen.""

""My wife knows best how to run the house. Be patient,"" said Jumman shamelessly. This made his aunt very angry and she decided to take her case to the village panchayat.

For many days, the old lady was seen talking to the villagers explaining her case and seeking their support. Some sympathised with her, others laughed at her and a few others advised her to make it up with her nephew and his wife. At last she came to Algu Chowdhry and spoke to him. ""You know, Chachi, Jumman is my best friend. How can I go against him?"" Algu said. ""But is it right, my son, to keep mum and not say what you consider just and fair?"" pleaded the old lady. ""Come to the panchayat and speak the truth,"" she said. Algu didn't reply, but her words kept ringing in his ears.

### Part II

The panchayat was held the same evening under an old banyan tree. Jumman stood up and said, ""The voice of the Panch is the voice of God. Let my aunt nominate the head Panch. I will abide by her decision.""

""The Panch knows neither friend nor enemy. What do you say to Algu Chowdhry?"" the old lady announced.

""Fine,"" replied Jumman hiding his joy over this unexpected piece of luck.

""Chachi, you are aware of my friendship with Jumman,"" said Algu.

""I know that,"" replied the aunt, ""but I also know that you will not kill your conscience for the sake of friendship. God lives in the heart of the Panch, and his voice is the voice of God."" And the old lady explained her case.

""Jumman,"" said Algu, ""you and I are old friends. Your aunt is as dear to me as you. Now I am a Panch. You and your aunt are equal before me. What have you to say in your defence?""

""Three years ago,"" began Jumman, ""my aunt transferred her property to me. I promised to support her as long as she lived. I have done all I could. There have been a couple of quarrels between my wife and her but I can't stop it. Now my aunt is claiming a monthly allowance from me. This is not possible. That's all I have to say.""

Jumman was cross-examined by Algu and others. Then Algu announced, ""We have gone into the matter carefully. In our opinion, Jumman must pay his aunt a monthly allowance, or else the property goes back to her.""

Now, the two friends were seldom seen together. The bond of friendship between them was broken. In fact, Jumman was Algu's enemy and wanted his revenge.

### Part III

Days passed and, as ill luck would have it, Algu Chowdhry found himself in a tight spot. One of his fine pair of bullocks died, and he sold the other to Samjhu Sahu, a cart driver of the village. The understanding was that Sahu would pay the price of the bullock in a month's time. It so happened that the bullock died within a month.

Several months after the bullock's death, Algu reminded Sahu of the money he hadn't yet paid. Sahu got very annoyed. ""I can't pay you a penny for the wretched beast you sold me. He brought us nothing but ruin. I have a bullock. Use it for a month and then return it to me. No money for the dead bullock,"" he said angrily.

Algu decided to refer the case to the panchayat. For a second time in a few months, preparations for holding the panchayat were made, and both the parties started meeting people seeking their support.

The panchayat was held under the old banyan tree. Algu stood up and said, ""The voice of the Panch is the voice of God. Let Sahu nominate the head Panch. I will abide by his decision.""

Sahu saw his chance and proposed the name of Jumman. Algu's heart sank and he turned pale. But what could he do?

The moment Jumman became head Panch, he realised his responsibility as judge and the dignity of his office. Could he, seated in that high place, have his revenge now? He thought and decided that he must not allow his personal feelings to come in the way of speaking the truth and doing justice.

Both Algu and Sahu stated their cases. They were cross-examined and the case was considered deeply. Then Jumman stood up and announced, ""It is our opinion that Sahu should pay Algu the price of the bullock. When Sahu bought the bullock, it suffered from no disability or disease. The death of the bullock was unfortunate, but Algu cannot be blamed for it."" Algu could not contain his feelings. He stood up and said loudly over and over again, ""Victory to the panchayat. This is justice. God lives in the voice of the Panch.""

Soon after, Jumman came to Algu, embraced him and said, ""Since the last panchayat, I had become your enemy. Today I realised what it meant to be a Panch. A Panch has no friend nor enemy. He knows only justice. Let no one deviate from the path of justice and truth for friendship or enmity.""

Algu embraced his friend and wept. And his tears washed away all the dirt of misunderstanding between them[1].
",Who says this to whom and why? My wife knows best how to run the house.,"Jumman said this to his old aunt, who transferred all her property to his
name. Jumman’s wife did not give enough food to the aunt and quarrelled with
her on every little thing. Jumman’s elderly aunt complained about her wife's
behaviour to him. She asked Jumman for a monthly allowance and to provide a
separate kitchen where she can cook herself. Thus, Jumman uttered these words
to her."
"## Fair Play

### Part 1

Jumman Shaikh and Algu Chowdhry were good friends. So strong was their bond of friendship that when either of them went away from the village, the other looked after his family. Both were greatly respected in the village.

Jumman had an old aunt who had some property. This she transferred to him on the understanding that she would stay with him and he would look after her. The arrangement worked well for a couple of years. Then the situation changed. Jumman and his family were tired of the old relative. Jumman became as indifferent to her as his wife, who grudged even the little food that the old lady wanted every day. She swallowed these insults along with her food for a few months. But patience has its limits.

One day she spoke to Jumman. ""My son, it is now obvious that I am not wanted in your house. Kindly give me a monthly allowance so that I can set up a separate kitchen.""

""My wife knows best how to run the house. Be patient,"" said Jumman shamelessly. This made his aunt very angry and she decided to take her case to the village panchayat.

For many days, the old lady was seen talking to the villagers explaining her case and seeking their support. Some sympathised with her, others laughed at her and a few others advised her to make it up with her nephew and his wife. At last she came to Algu Chowdhry and spoke to him. ""You know, Chachi, Jumman is my best friend. How can I go against him?"" Algu said. ""But is it right, my son, to keep mum and not say what you consider just and fair?"" pleaded the old lady. ""Come to the panchayat and speak the truth,"" she said. Algu didn't reply, but her words kept ringing in his ears.

### Part II

The panchayat was held the same evening under an old banyan tree. Jumman stood up and said, ""The voice of the Panch is the voice of God. Let my aunt nominate the head Panch. I will abide by her decision.""

""The Panch knows neither friend nor enemy. What do you say to Algu Chowdhry?"" the old lady announced.

""Fine,"" replied Jumman hiding his joy over this unexpected piece of luck.

""Chachi, you are aware of my friendship with Jumman,"" said Algu.

""I know that,"" replied the aunt, ""but I also know that you will not kill your conscience for the sake of friendship. God lives in the heart of the Panch, and his voice is the voice of God."" And the old lady explained her case.

""Jumman,"" said Algu, ""you and I are old friends. Your aunt is as dear to me as you. Now I am a Panch. You and your aunt are equal before me. What have you to say in your defence?""

""Three years ago,"" began Jumman, ""my aunt transferred her property to me. I promised to support her as long as she lived. I have done all I could. There have been a couple of quarrels between my wife and her but I can't stop it. Now my aunt is claiming a monthly allowance from me. This is not possible. That's all I have to say.""

Jumman was cross-examined by Algu and others. Then Algu announced, ""We have gone into the matter carefully. In our opinion, Jumman must pay his aunt a monthly allowance, or else the property goes back to her.""

Now, the two friends were seldom seen together. The bond of friendship between them was broken. In fact, Jumman was Algu's enemy and wanted his revenge.

### Part III

Days passed and, as ill luck would have it, Algu Chowdhry found himself in a tight spot. One of his fine pair of bullocks died, and he sold the other to Samjhu Sahu, a cart driver of the village. The understanding was that Sahu would pay the price of the bullock in a month's time. It so happened that the bullock died within a month.

Several months after the bullock's death, Algu reminded Sahu of the money he hadn't yet paid. Sahu got very annoyed. ""I can't pay you a penny for the wretched beast you sold me. He brought us nothing but ruin. I have a bullock. Use it for a month and then return it to me. No money for the dead bullock,"" he said angrily.

Algu decided to refer the case to the panchayat. For a second time in a few months, preparations for holding the panchayat were made, and both the parties started meeting people seeking their support.

The panchayat was held under the old banyan tree. Algu stood up and said, ""The voice of the Panch is the voice of God. Let Sahu nominate the head Panch. I will abide by his decision.""

Sahu saw his chance and proposed the name of Jumman. Algu's heart sank and he turned pale. But what could he do?

The moment Jumman became head Panch, he realised his responsibility as judge and the dignity of his office. Could he, seated in that high place, have his revenge now? He thought and decided that he must not allow his personal feelings to come in the way of speaking the truth and doing justice.

Both Algu and Sahu stated their cases. They were cross-examined and the case was considered deeply. Then Jumman stood up and announced, ""It is our opinion that Sahu should pay Algu the price of the bullock. When Sahu bought the bullock, it suffered from no disability or disease. The death of the bullock was unfortunate, but Algu cannot be blamed for it."" Algu could not contain his feelings. He stood up and said loudly over and over again, ""Victory to the panchayat. This is justice. God lives in the voice of the Panch.""

Soon after, Jumman came to Algu, embraced him and said, ""Since the last panchayat, I had become your enemy. Today I realised what it meant to be a Panch. A Panch has no friend nor enemy. He knows only justice. Let no one deviate from the path of justice and truth for friendship or enmity.""

Algu embraced his friend and wept. And his tears washed away all the dirt of misunderstanding between them[1].
","“But is it right, my son, to keep mum and not say what you consider just
and fair?”","Jumman’s Aunt said this to Algu. The above words were uttered when
Jumman refused to pay his aunt and she went door to door in the village for
justice. Some people empathized with her while some were indifferent to her. She
went to Algu, explained the matter, and asked him to help her. Algu also
empathized with her but refused to help her as Jumman was his friend. He did not
want to hurt his friend."
"## Fair Play

### Part 1

Jumman Shaikh and Algu Chowdhry were good friends. So strong was their bond of friendship that when either of them went away from the village, the other looked after his family. Both were greatly respected in the village.

Jumman had an old aunt who had some property. This she transferred to him on the understanding that she would stay with him and he would look after her. The arrangement worked well for a couple of years. Then the situation changed. Jumman and his family were tired of the old relative. Jumman became as indifferent to her as his wife, who grudged even the little food that the old lady wanted every day. She swallowed these insults along with her food for a few months. But patience has its limits.

One day she spoke to Jumman. ""My son, it is now obvious that I am not wanted in your house. Kindly give me a monthly allowance so that I can set up a separate kitchen.""

""My wife knows best how to run the house. Be patient,"" said Jumman shamelessly. This made his aunt very angry and she decided to take her case to the village panchayat.

For many days, the old lady was seen talking to the villagers explaining her case and seeking their support. Some sympathised with her, others laughed at her and a few others advised her to make it up with her nephew and his wife. At last she came to Algu Chowdhry and spoke to him. ""You know, Chachi, Jumman is my best friend. How can I go against him?"" Algu said. ""But is it right, my son, to keep mum and not say what you consider just and fair?"" pleaded the old lady. ""Come to the panchayat and speak the truth,"" she said. Algu didn't reply, but her words kept ringing in his ears.

### Part II

The panchayat was held the same evening under an old banyan tree. Jumman stood up and said, ""The voice of the Panch is the voice of God. Let my aunt nominate the head Panch. I will abide by her decision.""

""The Panch knows neither friend nor enemy. What do you say to Algu Chowdhry?"" the old lady announced.

""Fine,"" replied Jumman hiding his joy over this unexpected piece of luck.

""Chachi, you are aware of my friendship with Jumman,"" said Algu.

""I know that,"" replied the aunt, ""but I also know that you will not kill your conscience for the sake of friendship. God lives in the heart of the Panch, and his voice is the voice of God."" And the old lady explained her case.

""Jumman,"" said Algu, ""you and I are old friends. Your aunt is as dear to me as you. Now I am a Panch. You and your aunt are equal before me. What have you to say in your defence?""

""Three years ago,"" began Jumman, ""my aunt transferred her property to me. I promised to support her as long as she lived. I have done all I could. There have been a couple of quarrels between my wife and her but I can't stop it. Now my aunt is claiming a monthly allowance from me. This is not possible. That's all I have to say.""

Jumman was cross-examined by Algu and others. Then Algu announced, ""We have gone into the matter carefully. In our opinion, Jumman must pay his aunt a monthly allowance, or else the property goes back to her.""

Now, the two friends were seldom seen together. The bond of friendship between them was broken. In fact, Jumman was Algu's enemy and wanted his revenge.

### Part III

Days passed and, as ill luck would have it, Algu Chowdhry found himself in a tight spot. One of his fine pair of bullocks died, and he sold the other to Samjhu Sahu, a cart driver of the village. The understanding was that Sahu would pay the price of the bullock in a month's time. It so happened that the bullock died within a month.

Several months after the bullock's death, Algu reminded Sahu of the money he hadn't yet paid. Sahu got very annoyed. ""I can't pay you a penny for the wretched beast you sold me. He brought us nothing but ruin. I have a bullock. Use it for a month and then return it to me. No money for the dead bullock,"" he said angrily.

Algu decided to refer the case to the panchayat. For a second time in a few months, preparations for holding the panchayat were made, and both the parties started meeting people seeking their support.

The panchayat was held under the old banyan tree. Algu stood up and said, ""The voice of the Panch is the voice of God. Let Sahu nominate the head Panch. I will abide by his decision.""

Sahu saw his chance and proposed the name of Jumman. Algu's heart sank and he turned pale. But what could he do?

The moment Jumman became head Panch, he realised his responsibility as judge and the dignity of his office. Could he, seated in that high place, have his revenge now? He thought and decided that he must not allow his personal feelings to come in the way of speaking the truth and doing justice.

Both Algu and Sahu stated their cases. They were cross-examined and the case was considered deeply. Then Jumman stood up and announced, ""It is our opinion that Sahu should pay Algu the price of the bullock. When Sahu bought the bullock, it suffered from no disability or disease. The death of the bullock was unfortunate, but Algu cannot be blamed for it."" Algu could not contain his feelings. He stood up and said loudly over and over again, ""Victory to the panchayat. This is justice. God lives in the voice of the Panch.""

Soon after, Jumman came to Algu, embraced him and said, ""Since the last panchayat, I had become your enemy. Today I realised what it meant to be a Panch. A Panch has no friend nor enemy. He knows only justice. Let no one deviate from the path of justice and truth for friendship or enmity.""

Algu embraced his friend and wept. And his tears washed away all the dirt of misunderstanding between them[1].
",“What have you to say in your defense?”,"Algu said this to Jumman. Algu was named head Panch i.e., chief of the
village. Jumman’s aunt put an allegation on Jumman for ill-treating her. During the Panchayat meeting to find a reasonable solution, Algu asked Jumman if he
had something to say in his defence."
"## Fair Play

### Part 1

Jumman Shaikh and Algu Chowdhry were good friends. So strong was their bond of friendship that when either of them went away from the village, the other looked after his family. Both were greatly respected in the village.

Jumman had an old aunt who had some property. This she transferred to him on the understanding that she would stay with him and he would look after her. The arrangement worked well for a couple of years. Then the situation changed. Jumman and his family were tired of the old relative. Jumman became as indifferent to her as his wife, who grudged even the little food that the old lady wanted every day. She swallowed these insults along with her food for a few months. But patience has its limits.

One day she spoke to Jumman. ""My son, it is now obvious that I am not wanted in your house. Kindly give me a monthly allowance so that I can set up a separate kitchen.""

""My wife knows best how to run the house. Be patient,"" said Jumman shamelessly. This made his aunt very angry and she decided to take her case to the village panchayat.

For many days, the old lady was seen talking to the villagers explaining her case and seeking their support. Some sympathised with her, others laughed at her and a few others advised her to make it up with her nephew and his wife. At last she came to Algu Chowdhry and spoke to him. ""You know, Chachi, Jumman is my best friend. How can I go against him?"" Algu said. ""But is it right, my son, to keep mum and not say what you consider just and fair?"" pleaded the old lady. ""Come to the panchayat and speak the truth,"" she said. Algu didn't reply, but her words kept ringing in his ears.

### Part II

The panchayat was held the same evening under an old banyan tree. Jumman stood up and said, ""The voice of the Panch is the voice of God. Let my aunt nominate the head Panch. I will abide by her decision.""

""The Panch knows neither friend nor enemy. What do you say to Algu Chowdhry?"" the old lady announced.

""Fine,"" replied Jumman hiding his joy over this unexpected piece of luck.

""Chachi, you are aware of my friendship with Jumman,"" said Algu.

""I know that,"" replied the aunt, ""but I also know that you will not kill your conscience for the sake of friendship. God lives in the heart of the Panch, and his voice is the voice of God."" And the old lady explained her case.

""Jumman,"" said Algu, ""you and I are old friends. Your aunt is as dear to me as you. Now I am a Panch. You and your aunt are equal before me. What have you to say in your defence?""

""Three years ago,"" began Jumman, ""my aunt transferred her property to me. I promised to support her as long as she lived. I have done all I could. There have been a couple of quarrels between my wife and her but I can't stop it. Now my aunt is claiming a monthly allowance from me. This is not possible. That's all I have to say.""

Jumman was cross-examined by Algu and others. Then Algu announced, ""We have gone into the matter carefully. In our opinion, Jumman must pay his aunt a monthly allowance, or else the property goes back to her.""

Now, the two friends were seldom seen together. The bond of friendship between them was broken. In fact, Jumman was Algu's enemy and wanted his revenge.

### Part III

Days passed and, as ill luck would have it, Algu Chowdhry found himself in a tight spot. One of his fine pair of bullocks died, and he sold the other to Samjhu Sahu, a cart driver of the village. The understanding was that Sahu would pay the price of the bullock in a month's time. It so happened that the bullock died within a month.

Several months after the bullock's death, Algu reminded Sahu of the money he hadn't yet paid. Sahu got very annoyed. ""I can't pay you a penny for the wretched beast you sold me. He brought us nothing but ruin. I have a bullock. Use it for a month and then return it to me. No money for the dead bullock,"" he said angrily.

Algu decided to refer the case to the panchayat. For a second time in a few months, preparations for holding the panchayat were made, and both the parties started meeting people seeking their support.

The panchayat was held under the old banyan tree. Algu stood up and said, ""The voice of the Panch is the voice of God. Let Sahu nominate the head Panch. I will abide by his decision.""

Sahu saw his chance and proposed the name of Jumman. Algu's heart sank and he turned pale. But what could he do?

The moment Jumman became head Panch, he realised his responsibility as judge and the dignity of his office. Could he, seated in that high place, have his revenge now? He thought and decided that he must not allow his personal feelings to come in the way of speaking the truth and doing justice.

Both Algu and Sahu stated their cases. They were cross-examined and the case was considered deeply. Then Jumman stood up and announced, ""It is our opinion that Sahu should pay Algu the price of the bullock. When Sahu bought the bullock, it suffered from no disability or disease. The death of the bullock was unfortunate, but Algu cannot be blamed for it."" Algu could not contain his feelings. He stood up and said loudly over and over again, ""Victory to the panchayat. This is justice. God lives in the voice of the Panch.""

Soon after, Jumman came to Algu, embraced him and said, ""Since the last panchayat, I had become your enemy. Today I realised what it meant to be a Panch. A Panch has no friend nor enemy. He knows only justice. Let no one deviate from the path of justice and truth for friendship or enmity.""

Algu embraced his friend and wept. And his tears washed away all the dirt of misunderstanding between them[1].
",“I can’t pay you a penny for the wretched beast you sold me.”,"Samjhu Sahu said the above words to Algu. Samjhu Sahu brought a bullock
from Algu after one of his bullocks died but did not pay in full. Samjhu Sahu used
to load too many things on animals and do more than three trips to earn more. He
mistreated the animal and did not give enough food and also beat it. The animal
fell ill and died soon after. After a few months, Algu asked for the rest of the
payment but both Samjhu and his wife quarrelled and refused to pay for it by
telling him the animal he sold them was worthless."
"## Fair Play

### Part 1

Jumman Shaikh and Algu Chowdhry were good friends. So strong was their bond of friendship that when either of them went away from the village, the other looked after his family. Both were greatly respected in the village.

Jumman had an old aunt who had some property. This she transferred to him on the understanding that she would stay with him and he would look after her. The arrangement worked well for a couple of years. Then the situation changed. Jumman and his family were tired of the old relative. Jumman became as indifferent to her as his wife, who grudged even the little food that the old lady wanted every day. She swallowed these insults along with her food for a few months. But patience has its limits.

One day she spoke to Jumman. ""My son, it is now obvious that I am not wanted in your house. Kindly give me a monthly allowance so that I can set up a separate kitchen.""

""My wife knows best how to run the house. Be patient,"" said Jumman shamelessly. This made his aunt very angry and she decided to take her case to the village panchayat.

For many days, the old lady was seen talking to the villagers explaining her case and seeking their support. Some sympathised with her, others laughed at her and a few others advised her to make it up with her nephew and his wife. At last she came to Algu Chowdhry and spoke to him. ""You know, Chachi, Jumman is my best friend. How can I go against him?"" Algu said. ""But is it right, my son, to keep mum and not say what you consider just and fair?"" pleaded the old lady. ""Come to the panchayat and speak the truth,"" she said. Algu didn't reply, but her words kept ringing in his ears.

### Part II

The panchayat was held the same evening under an old banyan tree. Jumman stood up and said, ""The voice of the Panch is the voice of God. Let my aunt nominate the head Panch. I will abide by her decision.""

""The Panch knows neither friend nor enemy. What do you say to Algu Chowdhry?"" the old lady announced.

""Fine,"" replied Jumman hiding his joy over this unexpected piece of luck.

""Chachi, you are aware of my friendship with Jumman,"" said Algu.

""I know that,"" replied the aunt, ""but I also know that you will not kill your conscience for the sake of friendship. God lives in the heart of the Panch, and his voice is the voice of God."" And the old lady explained her case.

""Jumman,"" said Algu, ""you and I are old friends. Your aunt is as dear to me as you. Now I am a Panch. You and your aunt are equal before me. What have you to say in your defence?""

""Three years ago,"" began Jumman, ""my aunt transferred her property to me. I promised to support her as long as she lived. I have done all I could. There have been a couple of quarrels between my wife and her but I can't stop it. Now my aunt is claiming a monthly allowance from me. This is not possible. That's all I have to say.""

Jumman was cross-examined by Algu and others. Then Algu announced, ""We have gone into the matter carefully. In our opinion, Jumman must pay his aunt a monthly allowance, or else the property goes back to her.""

Now, the two friends were seldom seen together. The bond of friendship between them was broken. In fact, Jumman was Algu's enemy and wanted his revenge.

### Part III

Days passed and, as ill luck would have it, Algu Chowdhry found himself in a tight spot. One of his fine pair of bullocks died, and he sold the other to Samjhu Sahu, a cart driver of the village. The understanding was that Sahu would pay the price of the bullock in a month's time. It so happened that the bullock died within a month.

Several months after the bullock's death, Algu reminded Sahu of the money he hadn't yet paid. Sahu got very annoyed. ""I can't pay you a penny for the wretched beast you sold me. He brought us nothing but ruin. I have a bullock. Use it for a month and then return it to me. No money for the dead bullock,"" he said angrily.

Algu decided to refer the case to the panchayat. For a second time in a few months, preparations for holding the panchayat were made, and both the parties started meeting people seeking their support.

The panchayat was held under the old banyan tree. Algu stood up and said, ""The voice of the Panch is the voice of God. Let Sahu nominate the head Panch. I will abide by his decision.""

Sahu saw his chance and proposed the name of Jumman. Algu's heart sank and he turned pale. But what could he do?

The moment Jumman became head Panch, he realised his responsibility as judge and the dignity of his office. Could he, seated in that high place, have his revenge now? He thought and decided that he must not allow his personal feelings to come in the way of speaking the truth and doing justice.

Both Algu and Sahu stated their cases. They were cross-examined and the case was considered deeply. Then Jumman stood up and announced, ""It is our opinion that Sahu should pay Algu the price of the bullock. When Sahu bought the bullock, it suffered from no disability or disease. The death of the bullock was unfortunate, but Algu cannot be blamed for it."" Algu could not contain his feelings. He stood up and said loudly over and over again, ""Victory to the panchayat. This is justice. God lives in the voice of the Panch.""

Soon after, Jumman came to Algu, embraced him and said, ""Since the last panchayat, I had become your enemy. Today I realised what it meant to be a Panch. A Panch has no friend nor enemy. He knows only justice. Let no one deviate from the path of justice and truth for friendship or enmity.""

Algu embraced his friend and wept. And his tears washed away all the dirt of misunderstanding between them[1].
",“Victory to the panchayat. This is justice.”,"Algu said this in front of the village panchayat. Jumman was chosen as a
head Panch by Samjhu Sahu. Algu thought Jumman would take revenge as he
supported Jumman's aunt. But after hearing both side's allegations, Jumman
decided that Samjhu Sahu was responsible for the bullock's death and thus he had
to give Algu the full payment for the animal."
"## Fair Play

### Part 1

Jumman Shaikh and Algu Chowdhry were good friends. So strong was their bond of friendship that when either of them went away from the village, the other looked after his family. Both were greatly respected in the village.

Jumman had an old aunt who had some property. This she transferred to him on the understanding that she would stay with him and he would look after her. The arrangement worked well for a couple of years. Then the situation changed. Jumman and his family were tired of the old relative. Jumman became as indifferent to her as his wife, who grudged even the little food that the old lady wanted every day. She swallowed these insults along with her food for a few months. But patience has its limits.

One day she spoke to Jumman. ""My son, it is now obvious that I am not wanted in your house. Kindly give me a monthly allowance so that I can set up a separate kitchen.""

""My wife knows best how to run the house. Be patient,"" said Jumman shamelessly. This made his aunt very angry and she decided to take her case to the village panchayat.

For many days, the old lady was seen talking to the villagers explaining her case and seeking their support. Some sympathised with her, others laughed at her and a few others advised her to make it up with her nephew and his wife. At last she came to Algu Chowdhry and spoke to him. ""You know, Chachi, Jumman is my best friend. How can I go against him?"" Algu said. ""But is it right, my son, to keep mum and not say what you consider just and fair?"" pleaded the old lady. ""Come to the panchayat and speak the truth,"" she said. Algu didn't reply, but her words kept ringing in his ears.

### Part II

The panchayat was held the same evening under an old banyan tree. Jumman stood up and said, ""The voice of the Panch is the voice of God. Let my aunt nominate the head Panch. I will abide by her decision.""

""The Panch knows neither friend nor enemy. What do you say to Algu Chowdhry?"" the old lady announced.

""Fine,"" replied Jumman hiding his joy over this unexpected piece of luck.

""Chachi, you are aware of my friendship with Jumman,"" said Algu.

""I know that,"" replied the aunt, ""but I also know that you will not kill your conscience for the sake of friendship. God lives in the heart of the Panch, and his voice is the voice of God."" And the old lady explained her case.

""Jumman,"" said Algu, ""you and I are old friends. Your aunt is as dear to me as you. Now I am a Panch. You and your aunt are equal before me. What have you to say in your defence?""

""Three years ago,"" began Jumman, ""my aunt transferred her property to me. I promised to support her as long as she lived. I have done all I could. There have been a couple of quarrels between my wife and her but I can't stop it. Now my aunt is claiming a monthly allowance from me. This is not possible. That's all I have to say.""

Jumman was cross-examined by Algu and others. Then Algu announced, ""We have gone into the matter carefully. In our opinion, Jumman must pay his aunt a monthly allowance, or else the property goes back to her.""

Now, the two friends were seldom seen together. The bond of friendship between them was broken. In fact, Jumman was Algu's enemy and wanted his revenge.

### Part III

Days passed and, as ill luck would have it, Algu Chowdhry found himself in a tight spot. One of his fine pair of bullocks died, and he sold the other to Samjhu Sahu, a cart driver of the village. The understanding was that Sahu would pay the price of the bullock in a month's time. It so happened that the bullock died within a month.

Several months after the bullock's death, Algu reminded Sahu of the money he hadn't yet paid. Sahu got very annoyed. ""I can't pay you a penny for the wretched beast you sold me. He brought us nothing but ruin. I have a bullock. Use it for a month and then return it to me. No money for the dead bullock,"" he said angrily.

Algu decided to refer the case to the panchayat. For a second time in a few months, preparations for holding the panchayat were made, and both the parties started meeting people seeking their support.

The panchayat was held under the old banyan tree. Algu stood up and said, ""The voice of the Panch is the voice of God. Let Sahu nominate the head Panch. I will abide by his decision.""

Sahu saw his chance and proposed the name of Jumman. Algu's heart sank and he turned pale. But what could he do?

The moment Jumman became head Panch, he realised his responsibility as judge and the dignity of his office. Could he, seated in that high place, have his revenge now? He thought and decided that he must not allow his personal feelings to come in the way of speaking the truth and doing justice.

Both Algu and Sahu stated their cases. They were cross-examined and the case was considered deeply. Then Jumman stood up and announced, ""It is our opinion that Sahu should pay Algu the price of the bullock. When Sahu bought the bullock, it suffered from no disability or disease. The death of the bullock was unfortunate, but Algu cannot be blamed for it."" Algu could not contain his feelings. He stood up and said loudly over and over again, ""Victory to the panchayat. This is justice. God lives in the voice of the Panch.""

Soon after, Jumman came to Algu, embraced him and said, ""Since the last panchayat, I had become your enemy. Today I realised what it meant to be a Panch. A Panch has no friend nor enemy. He knows only justice. Let no one deviate from the path of justice and truth for friendship or enmity.""

Algu embraced his friend and wept. And his tears washed away all the dirt of misunderstanding between them[1].
",“Then the situation changed.” What is being referred to?,"The situation being referred to here was Jumman and his wife’s behaviour
towards Jumman’s old aunt. Jumman's aunt agreed to transfer her property to
Jumman on the condition that he would be responsible for her aunt’s welfare.
This agreement went well until the property was transferred. After receiving the
property, Jumman’s wife started ill-treating the aunt. His wife did not take care
of the aunt properly, such as giving her enough food and tending to daily needs."
"## Fair Play

### Part 1

Jumman Shaikh and Algu Chowdhry were good friends. So strong was their bond of friendship that when either of them went away from the village, the other looked after his family. Both were greatly respected in the village.

Jumman had an old aunt who had some property. This she transferred to him on the understanding that she would stay with him and he would look after her. The arrangement worked well for a couple of years. Then the situation changed. Jumman and his family were tired of the old relative. Jumman became as indifferent to her as his wife, who grudged even the little food that the old lady wanted every day. She swallowed these insults along with her food for a few months. But patience has its limits.

One day she spoke to Jumman. ""My son, it is now obvious that I am not wanted in your house. Kindly give me a monthly allowance so that I can set up a separate kitchen.""

""My wife knows best how to run the house. Be patient,"" said Jumman shamelessly. This made his aunt very angry and she decided to take her case to the village panchayat.

For many days, the old lady was seen talking to the villagers explaining her case and seeking their support. Some sympathised with her, others laughed at her and a few others advised her to make it up with her nephew and his wife. At last she came to Algu Chowdhry and spoke to him. ""You know, Chachi, Jumman is my best friend. How can I go against him?"" Algu said. ""But is it right, my son, to keep mum and not say what you consider just and fair?"" pleaded the old lady. ""Come to the panchayat and speak the truth,"" she said. Algu didn't reply, but her words kept ringing in his ears.

### Part II

The panchayat was held the same evening under an old banyan tree. Jumman stood up and said, ""The voice of the Panch is the voice of God. Let my aunt nominate the head Panch. I will abide by her decision.""

""The Panch knows neither friend nor enemy. What do you say to Algu Chowdhry?"" the old lady announced.

""Fine,"" replied Jumman hiding his joy over this unexpected piece of luck.

""Chachi, you are aware of my friendship with Jumman,"" said Algu.

""I know that,"" replied the aunt, ""but I also know that you will not kill your conscience for the sake of friendship. God lives in the heart of the Panch, and his voice is the voice of God."" And the old lady explained her case.

""Jumman,"" said Algu, ""you and I are old friends. Your aunt is as dear to me as you. Now I am a Panch. You and your aunt are equal before me. What have you to say in your defence?""

""Three years ago,"" began Jumman, ""my aunt transferred her property to me. I promised to support her as long as she lived. I have done all I could. There have been a couple of quarrels between my wife and her but I can't stop it. Now my aunt is claiming a monthly allowance from me. This is not possible. That's all I have to say.""

Jumman was cross-examined by Algu and others. Then Algu announced, ""We have gone into the matter carefully. In our opinion, Jumman must pay his aunt a monthly allowance, or else the property goes back to her.""

Now, the two friends were seldom seen together. The bond of friendship between them was broken. In fact, Jumman was Algu's enemy and wanted his revenge.

### Part III

Days passed and, as ill luck would have it, Algu Chowdhry found himself in a tight spot. One of his fine pair of bullocks died, and he sold the other to Samjhu Sahu, a cart driver of the village. The understanding was that Sahu would pay the price of the bullock in a month's time. It so happened that the bullock died within a month.

Several months after the bullock's death, Algu reminded Sahu of the money he hadn't yet paid. Sahu got very annoyed. ""I can't pay you a penny for the wretched beast you sold me. He brought us nothing but ruin. I have a bullock. Use it for a month and then return it to me. No money for the dead bullock,"" he said angrily.

Algu decided to refer the case to the panchayat. For a second time in a few months, preparations for holding the panchayat were made, and both the parties started meeting people seeking their support.

The panchayat was held under the old banyan tree. Algu stood up and said, ""The voice of the Panch is the voice of God. Let Sahu nominate the head Panch. I will abide by his decision.""

Sahu saw his chance and proposed the name of Jumman. Algu's heart sank and he turned pale. But what could he do?

The moment Jumman became head Panch, he realised his responsibility as judge and the dignity of his office. Could he, seated in that high place, have his revenge now? He thought and decided that he must not allow his personal feelings to come in the way of speaking the truth and doing justice.

Both Algu and Sahu stated their cases. They were cross-examined and the case was considered deeply. Then Jumman stood up and announced, ""It is our opinion that Sahu should pay Algu the price of the bullock. When Sahu bought the bullock, it suffered from no disability or disease. The death of the bullock was unfortunate, but Algu cannot be blamed for it."" Algu could not contain his feelings. He stood up and said loudly over and over again, ""Victory to the panchayat. This is justice. God lives in the voice of the Panch.""

Soon after, Jumman came to Algu, embraced him and said, ""Since the last panchayat, I had become your enemy. Today I realised what it meant to be a Panch. A Panch has no friend nor enemy. He knows only justice. Let no one deviate from the path of justice and truth for friendship or enmity.""

Algu embraced his friend and wept. And his tears washed away all the dirt of misunderstanding between them[1].
","When Jumman’s aunt realized that she was not welcome in his house,
what arrangement did she suggest?","When Jumman’s aunt realized that she was not welcome in his house, she
asked for a monthly allowance from Jumman.She asked him to set up a separate
kitchen for herself. She was willing to cook herself so his wife would not be
disturbed."
"## Fair Play

### Part 1

Jumman Shaikh and Algu Chowdhry were good friends. So strong was their bond of friendship that when either of them went away from the village, the other looked after his family. Both were greatly respected in the village.

Jumman had an old aunt who had some property. This she transferred to him on the understanding that she would stay with him and he would look after her. The arrangement worked well for a couple of years. Then the situation changed. Jumman and his family were tired of the old relative. Jumman became as indifferent to her as his wife, who grudged even the little food that the old lady wanted every day. She swallowed these insults along with her food for a few months. But patience has its limits.

One day she spoke to Jumman. ""My son, it is now obvious that I am not wanted in your house. Kindly give me a monthly allowance so that I can set up a separate kitchen.""

""My wife knows best how to run the house. Be patient,"" said Jumman shamelessly. This made his aunt very angry and she decided to take her case to the village panchayat.

For many days, the old lady was seen talking to the villagers explaining her case and seeking their support. Some sympathised with her, others laughed at her and a few others advised her to make it up with her nephew and his wife. At last she came to Algu Chowdhry and spoke to him. ""You know, Chachi, Jumman is my best friend. How can I go against him?"" Algu said. ""But is it right, my son, to keep mum and not say what you consider just and fair?"" pleaded the old lady. ""Come to the panchayat and speak the truth,"" she said. Algu didn't reply, but her words kept ringing in his ears.

### Part II

The panchayat was held the same evening under an old banyan tree. Jumman stood up and said, ""The voice of the Panch is the voice of God. Let my aunt nominate the head Panch. I will abide by her decision.""

""The Panch knows neither friend nor enemy. What do you say to Algu Chowdhry?"" the old lady announced.

""Fine,"" replied Jumman hiding his joy over this unexpected piece of luck.

""Chachi, you are aware of my friendship with Jumman,"" said Algu.

""I know that,"" replied the aunt, ""but I also know that you will not kill your conscience for the sake of friendship. God lives in the heart of the Panch, and his voice is the voice of God."" And the old lady explained her case.

""Jumman,"" said Algu, ""you and I are old friends. Your aunt is as dear to me as you. Now I am a Panch. You and your aunt are equal before me. What have you to say in your defence?""

""Three years ago,"" began Jumman, ""my aunt transferred her property to me. I promised to support her as long as she lived. I have done all I could. There have been a couple of quarrels between my wife and her but I can't stop it. Now my aunt is claiming a monthly allowance from me. This is not possible. That's all I have to say.""

Jumman was cross-examined by Algu and others. Then Algu announced, ""We have gone into the matter carefully. In our opinion, Jumman must pay his aunt a monthly allowance, or else the property goes back to her.""

Now, the two friends were seldom seen together. The bond of friendship between them was broken. In fact, Jumman was Algu's enemy and wanted his revenge.

### Part III

Days passed and, as ill luck would have it, Algu Chowdhry found himself in a tight spot. One of his fine pair of bullocks died, and he sold the other to Samjhu Sahu, a cart driver of the village. The understanding was that Sahu would pay the price of the bullock in a month's time. It so happened that the bullock died within a month.

Several months after the bullock's death, Algu reminded Sahu of the money he hadn't yet paid. Sahu got very annoyed. ""I can't pay you a penny for the wretched beast you sold me. He brought us nothing but ruin. I have a bullock. Use it for a month and then return it to me. No money for the dead bullock,"" he said angrily.

Algu decided to refer the case to the panchayat. For a second time in a few months, preparations for holding the panchayat were made, and both the parties started meeting people seeking their support.

The panchayat was held under the old banyan tree. Algu stood up and said, ""The voice of the Panch is the voice of God. Let Sahu nominate the head Panch. I will abide by his decision.""

Sahu saw his chance and proposed the name of Jumman. Algu's heart sank and he turned pale. But what could he do?

The moment Jumman became head Panch, he realised his responsibility as judge and the dignity of his office. Could he, seated in that high place, have his revenge now? He thought and decided that he must not allow his personal feelings to come in the way of speaking the truth and doing justice.

Both Algu and Sahu stated their cases. They were cross-examined and the case was considered deeply. Then Jumman stood up and announced, ""It is our opinion that Sahu should pay Algu the price of the bullock. When Sahu bought the bullock, it suffered from no disability or disease. The death of the bullock was unfortunate, but Algu cannot be blamed for it."" Algu could not contain his feelings. He stood up and said loudly over and over again, ""Victory to the panchayat. This is justice. God lives in the voice of the Panch.""

Soon after, Jumman came to Algu, embraced him and said, ""Since the last panchayat, I had become your enemy. Today I realised what it meant to be a Panch. A Panch has no friend nor enemy. He knows only justice. Let no one deviate from the path of justice and truth for friendship or enmity.""

Algu embraced his friend and wept. And his tears washed away all the dirt of misunderstanding between them[1].
","What was the villagers’ reaction when the aunt explained her case to
them?","As Jumman’s aunt was being mistreated at her home by Jumman’s wife,
she went door to door in the village to explain her case. Some showed sympathy
after hearing about the injustice Jumman and his wife were doing, while some
were indifferent to her complaints."
"## Fair Play

### Part 1

Jumman Shaikh and Algu Chowdhry were good friends. So strong was their bond of friendship that when either of them went away from the village, the other looked after his family. Both were greatly respected in the village.

Jumman had an old aunt who had some property. This she transferred to him on the understanding that she would stay with him and he would look after her. The arrangement worked well for a couple of years. Then the situation changed. Jumman and his family were tired of the old relative. Jumman became as indifferent to her as his wife, who grudged even the little food that the old lady wanted every day. She swallowed these insults along with her food for a few months. But patience has its limits.

One day she spoke to Jumman. ""My son, it is now obvious that I am not wanted in your house. Kindly give me a monthly allowance so that I can set up a separate kitchen.""

""My wife knows best how to run the house. Be patient,"" said Jumman shamelessly. This made his aunt very angry and she decided to take her case to the village panchayat.

For many days, the old lady was seen talking to the villagers explaining her case and seeking their support. Some sympathised with her, others laughed at her and a few others advised her to make it up with her nephew and his wife. At last she came to Algu Chowdhry and spoke to him. ""You know, Chachi, Jumman is my best friend. How can I go against him?"" Algu said. ""But is it right, my son, to keep mum and not say what you consider just and fair?"" pleaded the old lady. ""Come to the panchayat and speak the truth,"" she said. Algu didn't reply, but her words kept ringing in his ears.

### Part II

The panchayat was held the same evening under an old banyan tree. Jumman stood up and said, ""The voice of the Panch is the voice of God. Let my aunt nominate the head Panch. I will abide by her decision.""

""The Panch knows neither friend nor enemy. What do you say to Algu Chowdhry?"" the old lady announced.

""Fine,"" replied Jumman hiding his joy over this unexpected piece of luck.

""Chachi, you are aware of my friendship with Jumman,"" said Algu.

""I know that,"" replied the aunt, ""but I also know that you will not kill your conscience for the sake of friendship. God lives in the heart of the Panch, and his voice is the voice of God."" And the old lady explained her case.

""Jumman,"" said Algu, ""you and I are old friends. Your aunt is as dear to me as you. Now I am a Panch. You and your aunt are equal before me. What have you to say in your defence?""

""Three years ago,"" began Jumman, ""my aunt transferred her property to me. I promised to support her as long as she lived. I have done all I could. There have been a couple of quarrels between my wife and her but I can't stop it. Now my aunt is claiming a monthly allowance from me. This is not possible. That's all I have to say.""

Jumman was cross-examined by Algu and others. Then Algu announced, ""We have gone into the matter carefully. In our opinion, Jumman must pay his aunt a monthly allowance, or else the property goes back to her.""

Now, the two friends were seldom seen together. The bond of friendship between them was broken. In fact, Jumman was Algu's enemy and wanted his revenge.

### Part III

Days passed and, as ill luck would have it, Algu Chowdhry found himself in a tight spot. One of his fine pair of bullocks died, and he sold the other to Samjhu Sahu, a cart driver of the village. The understanding was that Sahu would pay the price of the bullock in a month's time. It so happened that the bullock died within a month.

Several months after the bullock's death, Algu reminded Sahu of the money he hadn't yet paid. Sahu got very annoyed. ""I can't pay you a penny for the wretched beast you sold me. He brought us nothing but ruin. I have a bullock. Use it for a month and then return it to me. No money for the dead bullock,"" he said angrily.

Algu decided to refer the case to the panchayat. For a second time in a few months, preparations for holding the panchayat were made, and both the parties started meeting people seeking their support.

The panchayat was held under the old banyan tree. Algu stood up and said, ""The voice of the Panch is the voice of God. Let Sahu nominate the head Panch. I will abide by his decision.""

Sahu saw his chance and proposed the name of Jumman. Algu's heart sank and he turned pale. But what could he do?

The moment Jumman became head Panch, he realised his responsibility as judge and the dignity of his office. Could he, seated in that high place, have his revenge now? He thought and decided that he must not allow his personal feelings to come in the way of speaking the truth and doing justice.

Both Algu and Sahu stated their cases. They were cross-examined and the case was considered deeply. Then Jumman stood up and announced, ""It is our opinion that Sahu should pay Algu the price of the bullock. When Sahu bought the bullock, it suffered from no disability or disease. The death of the bullock was unfortunate, but Algu cannot be blamed for it."" Algu could not contain his feelings. He stood up and said loudly over and over again, ""Victory to the panchayat. This is justice. God lives in the voice of the Panch.""

Soon after, Jumman came to Algu, embraced him and said, ""Since the last panchayat, I had become your enemy. Today I realised what it meant to be a Panch. A Panch has no friend nor enemy. He knows only justice. Let no one deviate from the path of justice and truth for friendship or enmity.""

Algu embraced his friend and wept. And his tears washed away all the dirt of misunderstanding between them[1].
",Why was Jumman happy over Algu’s nomination as head Panch?,"Jumman was happy over Algu’s nomination as a head Panch because they
were best of friends. Jumman thought Algu, being his friend, would take his side.
Jumman thought Algu would decide in his favour."
"## Fair Play

### Part 1

Jumman Shaikh and Algu Chowdhry were good friends. So strong was their bond of friendship that when either of them went away from the village, the other looked after his family. Both were greatly respected in the village.

Jumman had an old aunt who had some property. This she transferred to him on the understanding that she would stay with him and he would look after her. The arrangement worked well for a couple of years. Then the situation changed. Jumman and his family were tired of the old relative. Jumman became as indifferent to her as his wife, who grudged even the little food that the old lady wanted every day. She swallowed these insults along with her food for a few months. But patience has its limits.

One day she spoke to Jumman. ""My son, it is now obvious that I am not wanted in your house. Kindly give me a monthly allowance so that I can set up a separate kitchen.""

""My wife knows best how to run the house. Be patient,"" said Jumman shamelessly. This made his aunt very angry and she decided to take her case to the village panchayat.

For many days, the old lady was seen talking to the villagers explaining her case and seeking their support. Some sympathised with her, others laughed at her and a few others advised her to make it up with her nephew and his wife. At last she came to Algu Chowdhry and spoke to him. ""You know, Chachi, Jumman is my best friend. How can I go against him?"" Algu said. ""But is it right, my son, to keep mum and not say what you consider just and fair?"" pleaded the old lady. ""Come to the panchayat and speak the truth,"" she said. Algu didn't reply, but her words kept ringing in his ears.

### Part II

The panchayat was held the same evening under an old banyan tree. Jumman stood up and said, ""The voice of the Panch is the voice of God. Let my aunt nominate the head Panch. I will abide by her decision.""

""The Panch knows neither friend nor enemy. What do you say to Algu Chowdhry?"" the old lady announced.

""Fine,"" replied Jumman hiding his joy over this unexpected piece of luck.

""Chachi, you are aware of my friendship with Jumman,"" said Algu.

""I know that,"" replied the aunt, ""but I also know that you will not kill your conscience for the sake of friendship. God lives in the heart of the Panch, and his voice is the voice of God."" And the old lady explained her case.

""Jumman,"" said Algu, ""you and I are old friends. Your aunt is as dear to me as you. Now I am a Panch. You and your aunt are equal before me. What have you to say in your defence?""

""Three years ago,"" began Jumman, ""my aunt transferred her property to me. I promised to support her as long as she lived. I have done all I could. There have been a couple of quarrels between my wife and her but I can't stop it. Now my aunt is claiming a monthly allowance from me. This is not possible. That's all I have to say.""

Jumman was cross-examined by Algu and others. Then Algu announced, ""We have gone into the matter carefully. In our opinion, Jumman must pay his aunt a monthly allowance, or else the property goes back to her.""

Now, the two friends were seldom seen together. The bond of friendship between them was broken. In fact, Jumman was Algu's enemy and wanted his revenge.

### Part III

Days passed and, as ill luck would have it, Algu Chowdhry found himself in a tight spot. One of his fine pair of bullocks died, and he sold the other to Samjhu Sahu, a cart driver of the village. The understanding was that Sahu would pay the price of the bullock in a month's time. It so happened that the bullock died within a month.

Several months after the bullock's death, Algu reminded Sahu of the money he hadn't yet paid. Sahu got very annoyed. ""I can't pay you a penny for the wretched beast you sold me. He brought us nothing but ruin. I have a bullock. Use it for a month and then return it to me. No money for the dead bullock,"" he said angrily.

Algu decided to refer the case to the panchayat. For a second time in a few months, preparations for holding the panchayat were made, and both the parties started meeting people seeking their support.

The panchayat was held under the old banyan tree. Algu stood up and said, ""The voice of the Panch is the voice of God. Let Sahu nominate the head Panch. I will abide by his decision.""

Sahu saw his chance and proposed the name of Jumman. Algu's heart sank and he turned pale. But what could he do?

The moment Jumman became head Panch, he realised his responsibility as judge and the dignity of his office. Could he, seated in that high place, have his revenge now? He thought and decided that he must not allow his personal feelings to come in the way of speaking the truth and doing justice.

Both Algu and Sahu stated their cases. They were cross-examined and the case was considered deeply. Then Jumman stood up and announced, ""It is our opinion that Sahu should pay Algu the price of the bullock. When Sahu bought the bullock, it suffered from no disability or disease. The death of the bullock was unfortunate, but Algu cannot be blamed for it."" Algu could not contain his feelings. He stood up and said loudly over and over again, ""Victory to the panchayat. This is justice. God lives in the voice of the Panch.""

Soon after, Jumman came to Algu, embraced him and said, ""Since the last panchayat, I had become your enemy. Today I realised what it meant to be a Panch. A Panch has no friend nor enemy. He knows only justice. Let no one deviate from the path of justice and truth for friendship or enmity.""

Algu embraced his friend and wept. And his tears washed away all the dirt of misunderstanding between them[1].
",“God lives in the heart of the Panch.” the aunt said. What did she mean?,"“God lives in the heart of the Panch”, means that the Chief or head Panch
is always unbiased and does justice to every innocent. Everybody is equal in the
eyes of Panch. In the story Fair Play, despite his friendship with Jumman, Algu
did not kill his conscience to favour his friend. According to Jumman’s aunt,
justice done by Algu as a Panch was the same as justice delivered by God."
"## Fair Play

### Part 1

Jumman Shaikh and Algu Chowdhry were good friends. So strong was their bond of friendship that when either of them went away from the village, the other looked after his family. Both were greatly respected in the village.

Jumman had an old aunt who had some property. This she transferred to him on the understanding that she would stay with him and he would look after her. The arrangement worked well for a couple of years. Then the situation changed. Jumman and his family were tired of the old relative. Jumman became as indifferent to her as his wife, who grudged even the little food that the old lady wanted every day. She swallowed these insults along with her food for a few months. But patience has its limits.

One day she spoke to Jumman. ""My son, it is now obvious that I am not wanted in your house. Kindly give me a monthly allowance so that I can set up a separate kitchen.""

""My wife knows best how to run the house. Be patient,"" said Jumman shamelessly. This made his aunt very angry and she decided to take her case to the village panchayat.

For many days, the old lady was seen talking to the villagers explaining her case and seeking their support. Some sympathised with her, others laughed at her and a few others advised her to make it up with her nephew and his wife. At last she came to Algu Chowdhry and spoke to him. ""You know, Chachi, Jumman is my best friend. How can I go against him?"" Algu said. ""But is it right, my son, to keep mum and not say what you consider just and fair?"" pleaded the old lady. ""Come to the panchayat and speak the truth,"" she said. Algu didn't reply, but her words kept ringing in his ears.

### Part II

The panchayat was held the same evening under an old banyan tree. Jumman stood up and said, ""The voice of the Panch is the voice of God. Let my aunt nominate the head Panch. I will abide by her decision.""

""The Panch knows neither friend nor enemy. What do you say to Algu Chowdhry?"" the old lady announced.

""Fine,"" replied Jumman hiding his joy over this unexpected piece of luck.

""Chachi, you are aware of my friendship with Jumman,"" said Algu.

""I know that,"" replied the aunt, ""but I also know that you will not kill your conscience for the sake of friendship. God lives in the heart of the Panch, and his voice is the voice of God."" And the old lady explained her case.

""Jumman,"" said Algu, ""you and I are old friends. Your aunt is as dear to me as you. Now I am a Panch. You and your aunt are equal before me. What have you to say in your defence?""

""Three years ago,"" began Jumman, ""my aunt transferred her property to me. I promised to support her as long as she lived. I have done all I could. There have been a couple of quarrels between my wife and her but I can't stop it. Now my aunt is claiming a monthly allowance from me. This is not possible. That's all I have to say.""

Jumman was cross-examined by Algu and others. Then Algu announced, ""We have gone into the matter carefully. In our opinion, Jumman must pay his aunt a monthly allowance, or else the property goes back to her.""

Now, the two friends were seldom seen together. The bond of friendship between them was broken. In fact, Jumman was Algu's enemy and wanted his revenge.

### Part III

Days passed and, as ill luck would have it, Algu Chowdhry found himself in a tight spot. One of his fine pair of bullocks died, and he sold the other to Samjhu Sahu, a cart driver of the village. The understanding was that Sahu would pay the price of the bullock in a month's time. It so happened that the bullock died within a month.

Several months after the bullock's death, Algu reminded Sahu of the money he hadn't yet paid. Sahu got very annoyed. ""I can't pay you a penny for the wretched beast you sold me. He brought us nothing but ruin. I have a bullock. Use it for a month and then return it to me. No money for the dead bullock,"" he said angrily.

Algu decided to refer the case to the panchayat. For a second time in a few months, preparations for holding the panchayat were made, and both the parties started meeting people seeking their support.

The panchayat was held under the old banyan tree. Algu stood up and said, ""The voice of the Panch is the voice of God. Let Sahu nominate the head Panch. I will abide by his decision.""

Sahu saw his chance and proposed the name of Jumman. Algu's heart sank and he turned pale. But what could he do?

The moment Jumman became head Panch, he realised his responsibility as judge and the dignity of his office. Could he, seated in that high place, have his revenge now? He thought and decided that he must not allow his personal feelings to come in the way of speaking the truth and doing justice.

Both Algu and Sahu stated their cases. They were cross-examined and the case was considered deeply. Then Jumman stood up and announced, ""It is our opinion that Sahu should pay Algu the price of the bullock. When Sahu bought the bullock, it suffered from no disability or disease. The death of the bullock was unfortunate, but Algu cannot be blamed for it."" Algu could not contain his feelings. He stood up and said loudly over and over again, ""Victory to the panchayat. This is justice. God lives in the voice of the Panch.""

Soon after, Jumman came to Algu, embraced him and said, ""Since the last panchayat, I had become your enemy. Today I realised what it meant to be a Panch. A Panch has no friend nor enemy. He knows only justice. Let no one deviate from the path of justice and truth for friendship or enmity.""

Algu embraced his friend and wept. And his tears washed away all the dirt of misunderstanding between them[1].
",What was Algu’s verdict as head Panch? How did Jumman take it?,"Algu’s verdict as a head panch was that Jumman had to pay his aunt for a
monthly allowance. If Jumman did not follow the verdict then all the property
once given away to him by his aunt would be transferred back to her.
After hearing the Algu’s verdicts, Jumman felt betrayed. He ended his friendship
and became Algu’s enemy."
"## Fair Play

### Part 1

Jumman Shaikh and Algu Chowdhry were good friends. So strong was their bond of friendship that when either of them went away from the village, the other looked after his family. Both were greatly respected in the village.

Jumman had an old aunt who had some property. This she transferred to him on the understanding that she would stay with him and he would look after her. The arrangement worked well for a couple of years. Then the situation changed. Jumman and his family were tired of the old relative. Jumman became as indifferent to her as his wife, who grudged even the little food that the old lady wanted every day. She swallowed these insults along with her food for a few months. But patience has its limits.

One day she spoke to Jumman. ""My son, it is now obvious that I am not wanted in your house. Kindly give me a monthly allowance so that I can set up a separate kitchen.""

""My wife knows best how to run the house. Be patient,"" said Jumman shamelessly. This made his aunt very angry and she decided to take her case to the village panchayat.

For many days, the old lady was seen talking to the villagers explaining her case and seeking their support. Some sympathised with her, others laughed at her and a few others advised her to make it up with her nephew and his wife. At last she came to Algu Chowdhry and spoke to him. ""You know, Chachi, Jumman is my best friend. How can I go against him?"" Algu said. ""But is it right, my son, to keep mum and not say what you consider just and fair?"" pleaded the old lady. ""Come to the panchayat and speak the truth,"" she said. Algu didn't reply, but her words kept ringing in his ears.

### Part II

The panchayat was held the same evening under an old banyan tree. Jumman stood up and said, ""The voice of the Panch is the voice of God. Let my aunt nominate the head Panch. I will abide by her decision.""

""The Panch knows neither friend nor enemy. What do you say to Algu Chowdhry?"" the old lady announced.

""Fine,"" replied Jumman hiding his joy over this unexpected piece of luck.

""Chachi, you are aware of my friendship with Jumman,"" said Algu.

""I know that,"" replied the aunt, ""but I also know that you will not kill your conscience for the sake of friendship. God lives in the heart of the Panch, and his voice is the voice of God."" And the old lady explained her case.

""Jumman,"" said Algu, ""you and I are old friends. Your aunt is as dear to me as you. Now I am a Panch. You and your aunt are equal before me. What have you to say in your defence?""

""Three years ago,"" began Jumman, ""my aunt transferred her property to me. I promised to support her as long as she lived. I have done all I could. There have been a couple of quarrels between my wife and her but I can't stop it. Now my aunt is claiming a monthly allowance from me. This is not possible. That's all I have to say.""

Jumman was cross-examined by Algu and others. Then Algu announced, ""We have gone into the matter carefully. In our opinion, Jumman must pay his aunt a monthly allowance, or else the property goes back to her.""

Now, the two friends were seldom seen together. The bond of friendship between them was broken. In fact, Jumman was Algu's enemy and wanted his revenge.

### Part III

Days passed and, as ill luck would have it, Algu Chowdhry found himself in a tight spot. One of his fine pair of bullocks died, and he sold the other to Samjhu Sahu, a cart driver of the village. The understanding was that Sahu would pay the price of the bullock in a month's time. It so happened that the bullock died within a month.

Several months after the bullock's death, Algu reminded Sahu of the money he hadn't yet paid. Sahu got very annoyed. ""I can't pay you a penny for the wretched beast you sold me. He brought us nothing but ruin. I have a bullock. Use it for a month and then return it to me. No money for the dead bullock,"" he said angrily.

Algu decided to refer the case to the panchayat. For a second time in a few months, preparations for holding the panchayat were made, and both the parties started meeting people seeking their support.

The panchayat was held under the old banyan tree. Algu stood up and said, ""The voice of the Panch is the voice of God. Let Sahu nominate the head Panch. I will abide by his decision.""

Sahu saw his chance and proposed the name of Jumman. Algu's heart sank and he turned pale. But what could he do?

The moment Jumman became head Panch, he realised his responsibility as judge and the dignity of his office. Could he, seated in that high place, have his revenge now? He thought and decided that he must not allow his personal feelings to come in the way of speaking the truth and doing justice.

Both Algu and Sahu stated their cases. They were cross-examined and the case was considered deeply. Then Jumman stood up and announced, ""It is our opinion that Sahu should pay Algu the price of the bullock. When Sahu bought the bullock, it suffered from no disability or disease. The death of the bullock was unfortunate, but Algu cannot be blamed for it."" Algu could not contain his feelings. He stood up and said loudly over and over again, ""Victory to the panchayat. This is justice. God lives in the voice of the Panch.""

Soon after, Jumman came to Algu, embraced him and said, ""Since the last panchayat, I had become your enemy. Today I realised what it meant to be a Panch. A Panch has no friend nor enemy. He knows only justice. Let no one deviate from the path of justice and truth for friendship or enmity.""

Algu embraced his friend and wept. And his tears washed away all the dirt of misunderstanding between them[1].
",Algu found himself in a tight spot. What was his problem?,"Algu had a pair of bullocks. One day, one of his bullocks died and he
decided to sell the other. He met a man named Samjhu Sahu and sold his bullock.
Samjhu Sahu bought the bullock from him on the condition that Algu would
receive payment after a month. Samjhu Sahu was a greedy person who mistreated
his animals. He loaded too many items on the bullock and made three trips a day.
He beat the animal and did not feed him properly. The bullock became weak and
died within a month. When Algu went to Samjhu Sahu after a month to receive
his money he refused to pay the money, telling him he sold him a worthless animal which died too soon. Algu not being a wealthy person himself was left with no animal and no money. Thus, his situation was referred to as a tight spot."
"## Fair Play

### Part 1

Jumman Shaikh and Algu Chowdhry were good friends. So strong was their bond of friendship that when either of them went away from the village, the other looked after his family. Both were greatly respected in the village.

Jumman had an old aunt who had some property. This she transferred to him on the understanding that she would stay with him and he would look after her. The arrangement worked well for a couple of years. Then the situation changed. Jumman and his family were tired of the old relative. Jumman became as indifferent to her as his wife, who grudged even the little food that the old lady wanted every day. She swallowed these insults along with her food for a few months. But patience has its limits.

One day she spoke to Jumman. ""My son, it is now obvious that I am not wanted in your house. Kindly give me a monthly allowance so that I can set up a separate kitchen.""

""My wife knows best how to run the house. Be patient,"" said Jumman shamelessly. This made his aunt very angry and she decided to take her case to the village panchayat.

For many days, the old lady was seen talking to the villagers explaining her case and seeking their support. Some sympathised with her, others laughed at her and a few others advised her to make it up with her nephew and his wife. At last she came to Algu Chowdhry and spoke to him. ""You know, Chachi, Jumman is my best friend. How can I go against him?"" Algu said. ""But is it right, my son, to keep mum and not say what you consider just and fair?"" pleaded the old lady. ""Come to the panchayat and speak the truth,"" she said. Algu didn't reply, but her words kept ringing in his ears.

### Part II

The panchayat was held the same evening under an old banyan tree. Jumman stood up and said, ""The voice of the Panch is the voice of God. Let my aunt nominate the head Panch. I will abide by her decision.""

""The Panch knows neither friend nor enemy. What do you say to Algu Chowdhry?"" the old lady announced.

""Fine,"" replied Jumman hiding his joy over this unexpected piece of luck.

""Chachi, you are aware of my friendship with Jumman,"" said Algu.

""I know that,"" replied the aunt, ""but I also know that you will not kill your conscience for the sake of friendship. God lives in the heart of the Panch, and his voice is the voice of God."" And the old lady explained her case.

""Jumman,"" said Algu, ""you and I are old friends. Your aunt is as dear to me as you. Now I am a Panch. You and your aunt are equal before me. What have you to say in your defence?""

""Three years ago,"" began Jumman, ""my aunt transferred her property to me. I promised to support her as long as she lived. I have done all I could. There have been a couple of quarrels between my wife and her but I can't stop it. Now my aunt is claiming a monthly allowance from me. This is not possible. That's all I have to say.""

Jumman was cross-examined by Algu and others. Then Algu announced, ""We have gone into the matter carefully. In our opinion, Jumman must pay his aunt a monthly allowance, or else the property goes back to her.""

Now, the two friends were seldom seen together. The bond of friendship between them was broken. In fact, Jumman was Algu's enemy and wanted his revenge.

### Part III

Days passed and, as ill luck would have it, Algu Chowdhry found himself in a tight spot. One of his fine pair of bullocks died, and he sold the other to Samjhu Sahu, a cart driver of the village. The understanding was that Sahu would pay the price of the bullock in a month's time. It so happened that the bullock died within a month.

Several months after the bullock's death, Algu reminded Sahu of the money he hadn't yet paid. Sahu got very annoyed. ""I can't pay you a penny for the wretched beast you sold me. He brought us nothing but ruin. I have a bullock. Use it for a month and then return it to me. No money for the dead bullock,"" he said angrily.

Algu decided to refer the case to the panchayat. For a second time in a few months, preparations for holding the panchayat were made, and both the parties started meeting people seeking their support.

The panchayat was held under the old banyan tree. Algu stood up and said, ""The voice of the Panch is the voice of God. Let Sahu nominate the head Panch. I will abide by his decision.""

Sahu saw his chance and proposed the name of Jumman. Algu's heart sank and he turned pale. But what could he do?

The moment Jumman became head Panch, he realised his responsibility as judge and the dignity of his office. Could he, seated in that high place, have his revenge now? He thought and decided that he must not allow his personal feelings to come in the way of speaking the truth and doing justice.

Both Algu and Sahu stated their cases. They were cross-examined and the case was considered deeply. Then Jumman stood up and announced, ""It is our opinion that Sahu should pay Algu the price of the bullock. When Sahu bought the bullock, it suffered from no disability or disease. The death of the bullock was unfortunate, but Algu cannot be blamed for it."" Algu could not contain his feelings. He stood up and said loudly over and over again, ""Victory to the panchayat. This is justice. God lives in the voice of the Panch.""

Soon after, Jumman came to Algu, embraced him and said, ""Since the last panchayat, I had become your enemy. Today I realised what it meant to be a Panch. A Panch has no friend nor enemy. He knows only justice. Let no one deviate from the path of justice and truth for friendship or enmity.""

Algu embraced his friend and wept. And his tears washed away all the dirt of misunderstanding between them[1].
",Why was Algu upset over Jumman’s nomination as head Panch?,"Algu was upset over Jumman’s nomination as a head Panch because they
were not friends anymore. After Algu’s verdict in favour of Jumman’s aunt,
Jumman got hurt. He ended their friendship and considered Algu as an enemy.
Algu thought this time Jumman might take revenge for that."
"## Fair Play

### Part 1

Jumman Shaikh and Algu Chowdhry were good friends. So strong was their bond of friendship that when either of them went away from the village, the other looked after his family. Both were greatly respected in the village.

Jumman had an old aunt who had some property. This she transferred to him on the understanding that she would stay with him and he would look after her. The arrangement worked well for a couple of years. Then the situation changed. Jumman and his family were tired of the old relative. Jumman became as indifferent to her as his wife, who grudged even the little food that the old lady wanted every day. She swallowed these insults along with her food for a few months. But patience has its limits.

One day she spoke to Jumman. ""My son, it is now obvious that I am not wanted in your house. Kindly give me a monthly allowance so that I can set up a separate kitchen.""

""My wife knows best how to run the house. Be patient,"" said Jumman shamelessly. This made his aunt very angry and she decided to take her case to the village panchayat.

For many days, the old lady was seen talking to the villagers explaining her case and seeking their support. Some sympathised with her, others laughed at her and a few others advised her to make it up with her nephew and his wife. At last she came to Algu Chowdhry and spoke to him. ""You know, Chachi, Jumman is my best friend. How can I go against him?"" Algu said. ""But is it right, my son, to keep mum and not say what you consider just and fair?"" pleaded the old lady. ""Come to the panchayat and speak the truth,"" she said. Algu didn't reply, but her words kept ringing in his ears.

### Part II

The panchayat was held the same evening under an old banyan tree. Jumman stood up and said, ""The voice of the Panch is the voice of God. Let my aunt nominate the head Panch. I will abide by her decision.""

""The Panch knows neither friend nor enemy. What do you say to Algu Chowdhry?"" the old lady announced.

""Fine,"" replied Jumman hiding his joy over this unexpected piece of luck.

""Chachi, you are aware of my friendship with Jumman,"" said Algu.

""I know that,"" replied the aunt, ""but I also know that you will not kill your conscience for the sake of friendship. God lives in the heart of the Panch, and his voice is the voice of God."" And the old lady explained her case.

""Jumman,"" said Algu, ""you and I are old friends. Your aunt is as dear to me as you. Now I am a Panch. You and your aunt are equal before me. What have you to say in your defence?""

""Three years ago,"" began Jumman, ""my aunt transferred her property to me. I promised to support her as long as she lived. I have done all I could. There have been a couple of quarrels between my wife and her but I can't stop it. Now my aunt is claiming a monthly allowance from me. This is not possible. That's all I have to say.""

Jumman was cross-examined by Algu and others. Then Algu announced, ""We have gone into the matter carefully. In our opinion, Jumman must pay his aunt a monthly allowance, or else the property goes back to her.""

Now, the two friends were seldom seen together. The bond of friendship between them was broken. In fact, Jumman was Algu's enemy and wanted his revenge.

### Part III

Days passed and, as ill luck would have it, Algu Chowdhry found himself in a tight spot. One of his fine pair of bullocks died, and he sold the other to Samjhu Sahu, a cart driver of the village. The understanding was that Sahu would pay the price of the bullock in a month's time. It so happened that the bullock died within a month.

Several months after the bullock's death, Algu reminded Sahu of the money he hadn't yet paid. Sahu got very annoyed. ""I can't pay you a penny for the wretched beast you sold me. He brought us nothing but ruin. I have a bullock. Use it for a month and then return it to me. No money for the dead bullock,"" he said angrily.

Algu decided to refer the case to the panchayat. For a second time in a few months, preparations for holding the panchayat were made, and both the parties started meeting people seeking their support.

The panchayat was held under the old banyan tree. Algu stood up and said, ""The voice of the Panch is the voice of God. Let Sahu nominate the head Panch. I will abide by his decision.""

Sahu saw his chance and proposed the name of Jumman. Algu's heart sank and he turned pale. But what could he do?

The moment Jumman became head Panch, he realised his responsibility as judge and the dignity of his office. Could he, seated in that high place, have his revenge now? He thought and decided that he must not allow his personal feelings to come in the way of speaking the truth and doing justice.

Both Algu and Sahu stated their cases. They were cross-examined and the case was considered deeply. Then Jumman stood up and announced, ""It is our opinion that Sahu should pay Algu the price of the bullock. When Sahu bought the bullock, it suffered from no disability or disease. The death of the bullock was unfortunate, but Algu cannot be blamed for it."" Algu could not contain his feelings. He stood up and said loudly over and over again, ""Victory to the panchayat. This is justice. God lives in the voice of the Panch.""

Soon after, Jumman came to Algu, embraced him and said, ""Since the last panchayat, I had become your enemy. Today I realised what it meant to be a Panch. A Panch has no friend nor enemy. He knows only justice. Let no one deviate from the path of justice and truth for friendship or enmity.""

Algu embraced his friend and wept. And his tears washed away all the dirt of misunderstanding between them[1].
",What was Jumman’s verdict as head Panch? How did Algu take it?,"Jumman’s verdict as a head panch was that, as the bullock had no damage
or disease or disability when Samjhu Sahu brought it then Algu could not be
blamed for its death. Thus, Samjhu Sahu was bound to pay for the bullock to
Algu. Samjhu Sahu agreed to pay Algu as per the verdict.
After hearing Jumman’s verdict, Algu was relieved and happy. Algu could not
control his feelings and he cheered for the panchayat and the head Panch. He
mentioned that head Panch’s voice was blessed by God."
"## A Game of Chance

Every year on the occasion of Eid, there was a fair in our village. Eid was celebrated only one day but the fair lasted many days. Tradesmen from far and wide came there with all kinds of goods to sell. You could buy anything from a small pin to a big buffalo.

Uncle took me to the fair. Bhaiya, who worked for us at home, came with us. There was a big crowd at the fair. Uncle was leading us through the crowd when he met a few of his friends. They wanted him to spend some time with them.

Uncle asked me whether I would like to look around the fair with Bhaiya till he came back. I was happy to do that. Uncle warned me neither to buy anything nor to go too far out while he was away. I promised that I would wait for him.

Bhaiya and I went from shop to shop. There were many things I would have liked to buy, but I waited for Uncle to return. Then we came to what was called the Lucky Shop. The shopkeeper was neither young nor old. He was a middleaged man. He seemed neither too smart nor too lazy. He wanted everybody to try their luck. There were discs on the table with numbers from one to ten facing down. All you had to do was to pay 50 paise, pick up any six discs, add up the numbers on the discs and find the total. The article marked with that number was yours.

An old man paid 50 paise and selected six discs. He added up the numbers on them and found the total was 15. He was given the article marked 15, which was a beautiful clock. But the old man did not want a clock. The shopkeeper obliged him by buying it back for 15 rupees. The old man went away very pleased.

Then a boy, a little older than I, tried his luck. He got a comb worth 25 paise. The shopkeeper looked neither happy nor sad. He bought the comb from the boy for 25 paise. The boy tried his luck again. He now got a fountain-pen worth three rupees. Then he tried a third time and got a wrist watch worth 25 rupees. When he tried again he got a table lamp worth more than 10 rupees. The boy was happy and went away with a smile and a good deal of cash.

I wanted to try my luck too. I looked at Bhaiya. He encouraged me. I paid 50 paise and took six discs. My luck was not too good. I got two pencils. The shopkeeper bought them from me for 25 paise. I tried again. This time I got a bottle of ink, also of little value. The shopkeeper bought that too for 25 paise. I took a chance for the third time. Still luck was not with me.

I had hopes of winning a big prize and continued to try my luck again and again, paying 50 paise each time. But every time I got a trifle. At last I was left with only 25 paise. Again the shopkeeper showed his kindness. He said I could either play once more with 25 paise or settle the account then and there. I played again and the last 25 paise also disappeared.

People were looking at me. Some were laughing at my bad luck, but none showed any sympathy. Bhaiya and I went to the place where Uncle had left us and waited for him to return.

Presently he came. He looked at me and said, ""Rasheed, you look upset. What is the matter?""

I did not say anything. Bhaiya told him what had happened. Uncle was neither angry nor sad. He smiled and patted me. He took me to a shop and bought me a beautiful umbrella, biscuits and sweets and some other little gifts. Then we returned home.

Back home, Uncle told me that the Lucky Shop man had made a fool of me.

""No, Uncle,"" I said, ""it was just my bad luck.""

""No, my boy,"" said Uncle, ""it was neither good luck nor bad luck.""

""But, Uncle,"" I said, ""I saw an old man getting a clock and a boy getting two or three costly things.""

""You don't know, child,"" Uncle said, ""they were all friends of the shopkeeper. They were playing tricks to tempt you to try your luck. They wanted your money and they got it. Now forget about it, and don't tell anybody of your bad luck or your foolishness.""","Why do you think Rasheed’s uncle asked him not to buy anything in his
absence?","Rasheed’s uncle asked him not to buy anything in his absence because he was
afraid that the shopkeepers might cheat him in his absence."
"## A Game of Chance

Every year on the occasion of Eid, there was a fair in our village. Eid was celebrated only one day but the fair lasted many days. Tradesmen from far and wide came there with all kinds of goods to sell. You could buy anything from a small pin to a big buffalo.

Uncle took me to the fair. Bhaiya, who worked for us at home, came with us. There was a big crowd at the fair. Uncle was leading us through the crowd when he met a few of his friends. They wanted him to spend some time with them.

Uncle asked me whether I would like to look around the fair with Bhaiya till he came back. I was happy to do that. Uncle warned me neither to buy anything nor to go too far out while he was away. I promised that I would wait for him.

Bhaiya and I went from shop to shop. There were many things I would have liked to buy, but I waited for Uncle to return. Then we came to what was called the Lucky Shop. The shopkeeper was neither young nor old. He was a middleaged man. He seemed neither too smart nor too lazy. He wanted everybody to try their luck. There were discs on the table with numbers from one to ten facing down. All you had to do was to pay 50 paise, pick up any six discs, add up the numbers on the discs and find the total. The article marked with that number was yours.

An old man paid 50 paise and selected six discs. He added up the numbers on them and found the total was 15. He was given the article marked 15, which was a beautiful clock. But the old man did not want a clock. The shopkeeper obliged him by buying it back for 15 rupees. The old man went away very pleased.

Then a boy, a little older than I, tried his luck. He got a comb worth 25 paise. The shopkeeper looked neither happy nor sad. He bought the comb from the boy for 25 paise. The boy tried his luck again. He now got a fountain-pen worth three rupees. Then he tried a third time and got a wrist watch worth 25 rupees. When he tried again he got a table lamp worth more than 10 rupees. The boy was happy and went away with a smile and a good deal of cash.

I wanted to try my luck too. I looked at Bhaiya. He encouraged me. I paid 50 paise and took six discs. My luck was not too good. I got two pencils. The shopkeeper bought them from me for 25 paise. I tried again. This time I got a bottle of ink, also of little value. The shopkeeper bought that too for 25 paise. I took a chance for the third time. Still luck was not with me.

I had hopes of winning a big prize and continued to try my luck again and again, paying 50 paise each time. But every time I got a trifle. At last I was left with only 25 paise. Again the shopkeeper showed his kindness. He said I could either play once more with 25 paise or settle the account then and there. I played again and the last 25 paise also disappeared.

People were looking at me. Some were laughing at my bad luck, but none showed any sympathy. Bhaiya and I went to the place where Uncle had left us and waited for him to return.

Presently he came. He looked at me and said, ""Rasheed, you look upset. What is the matter?""

I did not say anything. Bhaiya told him what had happened. Uncle was neither angry nor sad. He smiled and patted me. He took me to a shop and bought me a beautiful umbrella, biscuits and sweets and some other little gifts. Then we returned home.

Back home, Uncle told me that the Lucky Shop man had made a fool of me.

""No, Uncle,"" I said, ""it was just my bad luck.""

""No, my boy,"" said Uncle, ""it was neither good luck nor bad luck.""

""But, Uncle,"" I said, ""I saw an old man getting a clock and a boy getting two or three costly things.""

""You don't know, child,"" Uncle said, ""they were all friends of the shopkeeper. They were playing tricks to tempt you to try your luck. They wanted your money and they got it. Now forget about it, and don't tell anybody of your bad luck or your foolishness.""",Why was the shop called ‘Lucky Shop’?,"The shop was called ‘Lucky Shop’ because everybody can go there and try
their luck at the shop."
"## A Game of Chance

Every year on the occasion of Eid, there was a fair in our village. Eid was celebrated only one day but the fair lasted many days. Tradesmen from far and wide came there with all kinds of goods to sell. You could buy anything from a small pin to a big buffalo.

Uncle took me to the fair. Bhaiya, who worked for us at home, came with us. There was a big crowd at the fair. Uncle was leading us through the crowd when he met a few of his friends. They wanted him to spend some time with them.

Uncle asked me whether I would like to look around the fair with Bhaiya till he came back. I was happy to do that. Uncle warned me neither to buy anything nor to go too far out while he was away. I promised that I would wait for him.

Bhaiya and I went from shop to shop. There were many things I would have liked to buy, but I waited for Uncle to return. Then we came to what was called the Lucky Shop. The shopkeeper was neither young nor old. He was a middleaged man. He seemed neither too smart nor too lazy. He wanted everybody to try their luck. There were discs on the table with numbers from one to ten facing down. All you had to do was to pay 50 paise, pick up any six discs, add up the numbers on the discs and find the total. The article marked with that number was yours.

An old man paid 50 paise and selected six discs. He added up the numbers on them and found the total was 15. He was given the article marked 15, which was a beautiful clock. But the old man did not want a clock. The shopkeeper obliged him by buying it back for 15 rupees. The old man went away very pleased.

Then a boy, a little older than I, tried his luck. He got a comb worth 25 paise. The shopkeeper looked neither happy nor sad. He bought the comb from the boy for 25 paise. The boy tried his luck again. He now got a fountain-pen worth three rupees. Then he tried a third time and got a wrist watch worth 25 rupees. When he tried again he got a table lamp worth more than 10 rupees. The boy was happy and went away with a smile and a good deal of cash.

I wanted to try my luck too. I looked at Bhaiya. He encouraged me. I paid 50 paise and took six discs. My luck was not too good. I got two pencils. The shopkeeper bought them from me for 25 paise. I tried again. This time I got a bottle of ink, also of little value. The shopkeeper bought that too for 25 paise. I took a chance for the third time. Still luck was not with me.

I had hopes of winning a big prize and continued to try my luck again and again, paying 50 paise each time. But every time I got a trifle. At last I was left with only 25 paise. Again the shopkeeper showed his kindness. He said I could either play once more with 25 paise or settle the account then and there. I played again and the last 25 paise also disappeared.

People were looking at me. Some were laughing at my bad luck, but none showed any sympathy. Bhaiya and I went to the place where Uncle had left us and waited for him to return.

Presently he came. He looked at me and said, ""Rasheed, you look upset. What is the matter?""

I did not say anything. Bhaiya told him what had happened. Uncle was neither angry nor sad. He smiled and patted me. He took me to a shop and bought me a beautiful umbrella, biscuits and sweets and some other little gifts. Then we returned home.

Back home, Uncle told me that the Lucky Shop man had made a fool of me.

""No, Uncle,"" I said, ""it was just my bad luck.""

""No, my boy,"" said Uncle, ""it was neither good luck nor bad luck.""

""But, Uncle,"" I said, ""I saw an old man getting a clock and a boy getting two or three costly things.""

""You don't know, child,"" Uncle said, ""they were all friends of the shopkeeper. They were playing tricks to tempt you to try your luck. They wanted your money and they got it. Now forget about it, and don't tell anybody of your bad luck or your foolishness.""","An old man won a clock and sold it back to the shopkeeper. How much money
did he make?","The old man sold the clock back to the shopkeeper and made 15 rupees by
selling it."
"## A Game of Chance

Every year on the occasion of Eid, there was a fair in our village. Eid was celebrated only one day but the fair lasted many days. Tradesmen from far and wide came there with all kinds of goods to sell. You could buy anything from a small pin to a big buffalo.

Uncle took me to the fair. Bhaiya, who worked for us at home, came with us. There was a big crowd at the fair. Uncle was leading us through the crowd when he met a few of his friends. They wanted him to spend some time with them.

Uncle asked me whether I would like to look around the fair with Bhaiya till he came back. I was happy to do that. Uncle warned me neither to buy anything nor to go too far out while he was away. I promised that I would wait for him.

Bhaiya and I went from shop to shop. There were many things I would have liked to buy, but I waited for Uncle to return. Then we came to what was called the Lucky Shop. The shopkeeper was neither young nor old. He was a middleaged man. He seemed neither too smart nor too lazy. He wanted everybody to try their luck. There were discs on the table with numbers from one to ten facing down. All you had to do was to pay 50 paise, pick up any six discs, add up the numbers on the discs and find the total. The article marked with that number was yours.

An old man paid 50 paise and selected six discs. He added up the numbers on them and found the total was 15. He was given the article marked 15, which was a beautiful clock. But the old man did not want a clock. The shopkeeper obliged him by buying it back for 15 rupees. The old man went away very pleased.

Then a boy, a little older than I, tried his luck. He got a comb worth 25 paise. The shopkeeper looked neither happy nor sad. He bought the comb from the boy for 25 paise. The boy tried his luck again. He now got a fountain-pen worth three rupees. Then he tried a third time and got a wrist watch worth 25 rupees. When he tried again he got a table lamp worth more than 10 rupees. The boy was happy and went away with a smile and a good deal of cash.

I wanted to try my luck too. I looked at Bhaiya. He encouraged me. I paid 50 paise and took six discs. My luck was not too good. I got two pencils. The shopkeeper bought them from me for 25 paise. I tried again. This time I got a bottle of ink, also of little value. The shopkeeper bought that too for 25 paise. I took a chance for the third time. Still luck was not with me.

I had hopes of winning a big prize and continued to try my luck again and again, paying 50 paise each time. But every time I got a trifle. At last I was left with only 25 paise. Again the shopkeeper showed his kindness. He said I could either play once more with 25 paise or settle the account then and there. I played again and the last 25 paise also disappeared.

People were looking at me. Some were laughing at my bad luck, but none showed any sympathy. Bhaiya and I went to the place where Uncle had left us and waited for him to return.

Presently he came. He looked at me and said, ""Rasheed, you look upset. What is the matter?""

I did not say anything. Bhaiya told him what had happened. Uncle was neither angry nor sad. He smiled and patted me. He took me to a shop and bought me a beautiful umbrella, biscuits and sweets and some other little gifts. Then we returned home.

Back home, Uncle told me that the Lucky Shop man had made a fool of me.

""No, Uncle,"" I said, ""it was just my bad luck.""

""No, my boy,"" said Uncle, ""it was neither good luck nor bad luck.""

""But, Uncle,"" I said, ""I saw an old man getting a clock and a boy getting two or three costly things.""

""You don't know, child,"" Uncle said, ""they were all friends of the shopkeeper. They were playing tricks to tempt you to try your luck. They wanted your money and they got it. Now forget about it, and don't tell anybody of your bad luck or your foolishness.""",How many prizes did the boy win? What were they?,"The boy had won four prizes which included a comb, a fountain pen, a
wristwatch and a table lamp."
"## A Game of Chance

Every year on the occasion of Eid, there was a fair in our village. Eid was celebrated only one day but the fair lasted many days. Tradesmen from far and wide came there with all kinds of goods to sell. You could buy anything from a small pin to a big buffalo.

Uncle took me to the fair. Bhaiya, who worked for us at home, came with us. There was a big crowd at the fair. Uncle was leading us through the crowd when he met a few of his friends. They wanted him to spend some time with them.

Uncle asked me whether I would like to look around the fair with Bhaiya till he came back. I was happy to do that. Uncle warned me neither to buy anything nor to go too far out while he was away. I promised that I would wait for him.

Bhaiya and I went from shop to shop. There were many things I would have liked to buy, but I waited for Uncle to return. Then we came to what was called the Lucky Shop. The shopkeeper was neither young nor old. He was a middleaged man. He seemed neither too smart nor too lazy. He wanted everybody to try their luck. There were discs on the table with numbers from one to ten facing down. All you had to do was to pay 50 paise, pick up any six discs, add up the numbers on the discs and find the total. The article marked with that number was yours.

An old man paid 50 paise and selected six discs. He added up the numbers on them and found the total was 15. He was given the article marked 15, which was a beautiful clock. But the old man did not want a clock. The shopkeeper obliged him by buying it back for 15 rupees. The old man went away very pleased.

Then a boy, a little older than I, tried his luck. He got a comb worth 25 paise. The shopkeeper looked neither happy nor sad. He bought the comb from the boy for 25 paise. The boy tried his luck again. He now got a fountain-pen worth three rupees. Then he tried a third time and got a wrist watch worth 25 rupees. When he tried again he got a table lamp worth more than 10 rupees. The boy was happy and went away with a smile and a good deal of cash.

I wanted to try my luck too. I looked at Bhaiya. He encouraged me. I paid 50 paise and took six discs. My luck was not too good. I got two pencils. The shopkeeper bought them from me for 25 paise. I tried again. This time I got a bottle of ink, also of little value. The shopkeeper bought that too for 25 paise. I took a chance for the third time. Still luck was not with me.

I had hopes of winning a big prize and continued to try my luck again and again, paying 50 paise each time. But every time I got a trifle. At last I was left with only 25 paise. Again the shopkeeper showed his kindness. He said I could either play once more with 25 paise or settle the account then and there. I played again and the last 25 paise also disappeared.

People were looking at me. Some were laughing at my bad luck, but none showed any sympathy. Bhaiya and I went to the place where Uncle had left us and waited for him to return.

Presently he came. He looked at me and said, ""Rasheed, you look upset. What is the matter?""

I did not say anything. Bhaiya told him what had happened. Uncle was neither angry nor sad. He smiled and patted me. He took me to a shop and bought me a beautiful umbrella, biscuits and sweets and some other little gifts. Then we returned home.

Back home, Uncle told me that the Lucky Shop man had made a fool of me.

""No, Uncle,"" I said, ""it was just my bad luck.""

""No, my boy,"" said Uncle, ""it was neither good luck nor bad luck.""

""But, Uncle,"" I said, ""I saw an old man getting a clock and a boy getting two or three costly things.""

""You don't know, child,"" Uncle said, ""they were all friends of the shopkeeper. They were playing tricks to tempt you to try your luck. They wanted your money and they got it. Now forget about it, and don't tell anybody of your bad luck or your foolishness.""", Why was Rasheed upset?,"Rasheed was upset because his hopes of winning a big prize were being
crushed by constant failure. He continued trying his luck but every time he got a
trifle. People were not sympathetic, rather they looked at him and laughed at his bad
luck. He continued to play till he finished all his money."
"## A Game of Chance

Every year on the occasion of Eid, there was a fair in our village. Eid was celebrated only one day but the fair lasted many days. Tradesmen from far and wide came there with all kinds of goods to sell. You could buy anything from a small pin to a big buffalo.

Uncle took me to the fair. Bhaiya, who worked for us at home, came with us. There was a big crowd at the fair. Uncle was leading us through the crowd when he met a few of his friends. They wanted him to spend some time with them.

Uncle asked me whether I would like to look around the fair with Bhaiya till he came back. I was happy to do that. Uncle warned me neither to buy anything nor to go too far out while he was away. I promised that I would wait for him.

Bhaiya and I went from shop to shop. There were many things I would have liked to buy, but I waited for Uncle to return. Then we came to what was called the Lucky Shop. The shopkeeper was neither young nor old. He was a middleaged man. He seemed neither too smart nor too lazy. He wanted everybody to try their luck. There were discs on the table with numbers from one to ten facing down. All you had to do was to pay 50 paise, pick up any six discs, add up the numbers on the discs and find the total. The article marked with that number was yours.

An old man paid 50 paise and selected six discs. He added up the numbers on them and found the total was 15. He was given the article marked 15, which was a beautiful clock. But the old man did not want a clock. The shopkeeper obliged him by buying it back for 15 rupees. The old man went away very pleased.

Then a boy, a little older than I, tried his luck. He got a comb worth 25 paise. The shopkeeper looked neither happy nor sad. He bought the comb from the boy for 25 paise. The boy tried his luck again. He now got a fountain-pen worth three rupees. Then he tried a third time and got a wrist watch worth 25 rupees. When he tried again he got a table lamp worth more than 10 rupees. The boy was happy and went away with a smile and a good deal of cash.

I wanted to try my luck too. I looked at Bhaiya. He encouraged me. I paid 50 paise and took six discs. My luck was not too good. I got two pencils. The shopkeeper bought them from me for 25 paise. I tried again. This time I got a bottle of ink, also of little value. The shopkeeper bought that too for 25 paise. I took a chance for the third time. Still luck was not with me.

I had hopes of winning a big prize and continued to try my luck again and again, paying 50 paise each time. But every time I got a trifle. At last I was left with only 25 paise. Again the shopkeeper showed his kindness. He said I could either play once more with 25 paise or settle the account then and there. I played again and the last 25 paise also disappeared.

People were looking at me. Some were laughing at my bad luck, but none showed any sympathy. Bhaiya and I went to the place where Uncle had left us and waited for him to return.

Presently he came. He looked at me and said, ""Rasheed, you look upset. What is the matter?""

I did not say anything. Bhaiya told him what had happened. Uncle was neither angry nor sad. He smiled and patted me. He took me to a shop and bought me a beautiful umbrella, biscuits and sweets and some other little gifts. Then we returned home.

Back home, Uncle told me that the Lucky Shop man had made a fool of me.

""No, Uncle,"" I said, ""it was just my bad luck.""

""No, my boy,"" said Uncle, ""it was neither good luck nor bad luck.""

""But, Uncle,"" I said, ""I saw an old man getting a clock and a boy getting two or three costly things.""

""You don't know, child,"" Uncle said, ""they were all friends of the shopkeeper. They were playing tricks to tempt you to try your luck. They wanted your money and they got it. Now forget about it, and don't tell anybody of your bad luck or your foolishness.""",In what way did the shopkeeper make a fool of Rasheed?,"The shopkeeper fooled Rasheed by making him believe that it was luck that
got the old man and the boy their prizes and concealed the fact that they were his
friends. He convinced Rasheed that it is a game based on luck and continued to trick
him. Therefore, Rasheed continued to try his luck but he could get only some cheap
things which he sold back to the shopkeeper and ultimately, lost all his money"
"## Desert Animals

Deserts are the driest places on earth and sometimes go for months, or even years, without rain. But even the desert animals cannot survive without water, or for long periods in the scorching sun, so they have had to find different ways of coping with the harsh conditions. For example, gerbils spend the hottest part of the day in cool underground burrows. And strange insects called darkling beetles are experts at catching drops of moisture on their legs, then lifting them into the air until the drops trickle down into their mouths. Not all deserts are endless seas of rolling sand dunes. Some are rocky or pebbly and dotted with small bushes while others are sprinkled with colourful flowers during the spring[1].

There are more than 2300 different kinds of snakes around the world, ranging from just fifteen centimetres long to more than eleven metres. Most snakes are quite harmless - but there are a few that are so poisonous they can kill a human being with just one bite. Most snakes lay eggs, but there are many which give birth to their young. In the dry, rocky deserts of America lives a rather evil-looking snake with a very bad reputation. Its frightening rattle can be heard as far as thirty metres away, and it can strike with lightning speed[1].

But the rattlesnake, or 'rattler' as it is sometimes called, prefers to avoid people if it possibly can. It holds its tail upright and rattles the end whenever it is disturbed, in the hope that the intruder will go away. However, if its warnings are ignored-and it feels threatened-it will coil ready to bite. But the rattler itself cannot hear the noise its own tail makes. Like most snakes, it 'hears' things through vibrations in the ground. If a person walks nearby the snake can feel the movement. But if the same person were to shout, it would not hear a thing. Rattlesnakes are very common and widespread animals, living right across the American continent from Canada to Argentina. They feed on a variety of prey, including mice, voles, rats, chipmunks and many other small animals. Rattlesnakes kill their prey with venom. Like all snakes, they swallow the unfortunate animals whole. Few snakes have to eat more than once a week and some, such as the larger pythons, can survive for a year or more without eating[1].

Mongooses like to hunt together, but they always keep a lookout for dangerous predators nearby. Poking their noses into holes, overturning rocks with their paws and scratching the ground with their sharp claws, banded mongooses are very amusing animals to watch. A common sight in many parts of Africa, they travel in groups of about twenty to forage for beetles, millipedes and other small creatures[1].

They like to hunt together, keeping in touch whenever they go out of sight behind rocks or bushes by twittering and calling. Always on the lookout for danger - hawks, eagles and large snakes - they warn one another with a special alarm call if they spot anything suspicious[1].

Mongooses are famous for being able to kill snakes without getting hurt themselves. Their reactions are so fast that they can dodge each time the snake strikes. They continually make a nuisance of themselves until, after a while, when the snake gets tired, they quickly dive in for the kill.

All the female mongooses have their kitten at about the same time. They are raised by the whole group in a den made inside an old termite mount or hollow log. When most of the adults are out looking for food, one or two males stay behind to stand guard until the others return for the night.

Another animal which lives in the desert is the camel. Camels were first domesticated by people many thousands of years ago. In the wild, camels usually live in small groups of up to thirty animals. Camels have long, shaggy winter coats to keep warm and shorter, tidier coats in the summer to keep cool. A thirsty camel can drink as much as thirty gallons of water - that's about five hundred full glasses - in just ten minutes. Normally, however, it gets all the moisture it needs from desert plants and can survive for up to ten months without drinking any water at all[1].

There are two different kinds of camel. One, known as the Dromedary, has only a single hump; the other is called a Bactrian camel and has two humps. The humps help the animal to survive in the desert, by acting as storage containers. But they don't store water - as many people wrongly believe - they are full of fat. This fat nourishes the camels when food is scarce. If they have nothing to eat for several days, their humps shrink as the fat is used up. There are many other ways in which camels are adapted to desert life. Their mouths are so tough that even the sharp thorn cannot pierce through[1].
",No animal can survive without water.,TRUE
"## Desert Animals

Deserts are the driest places on earth and sometimes go for months, or even years, without rain. But even the desert animals cannot survive without water, or for long periods in the scorching sun, so they have had to find different ways of coping with the harsh conditions. For example, gerbils spend the hottest part of the day in cool underground burrows. And strange insects called darkling beetles are experts at catching drops of moisture on their legs, then lifting them into the air until the drops trickle down into their mouths. Not all deserts are endless seas of rolling sand dunes. Some are rocky or pebbly and dotted with small bushes while others are sprinkled with colourful flowers during the spring[1].

There are more than 2300 different kinds of snakes around the world, ranging from just fifteen centimetres long to more than eleven metres. Most snakes are quite harmless - but there are a few that are so poisonous they can kill a human being with just one bite. Most snakes lay eggs, but there are many which give birth to their young. In the dry, rocky deserts of America lives a rather evil-looking snake with a very bad reputation. Its frightening rattle can be heard as far as thirty metres away, and it can strike with lightning speed[1].

But the rattlesnake, or 'rattler' as it is sometimes called, prefers to avoid people if it possibly can. It holds its tail upright and rattles the end whenever it is disturbed, in the hope that the intruder will go away. However, if its warnings are ignored-and it feels threatened-it will coil ready to bite. But the rattler itself cannot hear the noise its own tail makes. Like most snakes, it 'hears' things through vibrations in the ground. If a person walks nearby the snake can feel the movement. But if the same person were to shout, it would not hear a thing. Rattlesnakes are very common and widespread animals, living right across the American continent from Canada to Argentina. They feed on a variety of prey, including mice, voles, rats, chipmunks and many other small animals. Rattlesnakes kill their prey with venom. Like all snakes, they swallow the unfortunate animals whole. Few snakes have to eat more than once a week and some, such as the larger pythons, can survive for a year or more without eating[1].

Mongooses like to hunt together, but they always keep a lookout for dangerous predators nearby. Poking their noses into holes, overturning rocks with their paws and scratching the ground with their sharp claws, banded mongooses are very amusing animals to watch. A common sight in many parts of Africa, they travel in groups of about twenty to forage for beetles, millipedes and other small creatures[1].

They like to hunt together, keeping in touch whenever they go out of sight behind rocks or bushes by twittering and calling. Always on the lookout for danger - hawks, eagles and large snakes - they warn one another with a special alarm call if they spot anything suspicious[1].

Mongooses are famous for being able to kill snakes without getting hurt themselves. Their reactions are so fast that they can dodge each time the snake strikes. They continually make a nuisance of themselves until, after a while, when the snake gets tired, they quickly dive in for the kill.

All the female mongooses have their kitten at about the same time. They are raised by the whole group in a den made inside an old termite mount or hollow log. When most of the adults are out looking for food, one or two males stay behind to stand guard until the others return for the night.

Another animal which lives in the desert is the camel. Camels were first domesticated by people many thousands of years ago. In the wild, camels usually live in small groups of up to thirty animals. Camels have long, shaggy winter coats to keep warm and shorter, tidier coats in the summer to keep cool. A thirsty camel can drink as much as thirty gallons of water - that's about five hundred full glasses - in just ten minutes. Normally, however, it gets all the moisture it needs from desert plants and can survive for up to ten months without drinking any water at all[1].

There are two different kinds of camel. One, known as the Dromedary, has only a single hump; the other is called a Bactrian camel and has two humps. The humps help the animal to survive in the desert, by acting as storage containers. But they don't store water - as many people wrongly believe - they are full of fat. This fat nourishes the camels when food is scarce. If they have nothing to eat for several days, their humps shrink as the fat is used up. There are many other ways in which camels are adapted to desert life. Their mouths are so tough that even the sharp thorn cannot pierce through[1].
",Deserts are endless sand dunes.,FALSE
"## Desert Animals

Deserts are the driest places on earth and sometimes go for months, or even years, without rain. But even the desert animals cannot survive without water, or for long periods in the scorching sun, so they have had to find different ways of coping with the harsh conditions. For example, gerbils spend the hottest part of the day in cool underground burrows. And strange insects called darkling beetles are experts at catching drops of moisture on their legs, then lifting them into the air until the drops trickle down into their mouths. Not all deserts are endless seas of rolling sand dunes. Some are rocky or pebbly and dotted with small bushes while others are sprinkled with colourful flowers during the spring[1].

There are more than 2300 different kinds of snakes around the world, ranging from just fifteen centimetres long to more than eleven metres. Most snakes are quite harmless - but there are a few that are so poisonous they can kill a human being with just one bite. Most snakes lay eggs, but there are many which give birth to their young. In the dry, rocky deserts of America lives a rather evil-looking snake with a very bad reputation. Its frightening rattle can be heard as far as thirty metres away, and it can strike with lightning speed[1].

But the rattlesnake, or 'rattler' as it is sometimes called, prefers to avoid people if it possibly can. It holds its tail upright and rattles the end whenever it is disturbed, in the hope that the intruder will go away. However, if its warnings are ignored-and it feels threatened-it will coil ready to bite. But the rattler itself cannot hear the noise its own tail makes. Like most snakes, it 'hears' things through vibrations in the ground. If a person walks nearby the snake can feel the movement. But if the same person were to shout, it would not hear a thing. Rattlesnakes are very common and widespread animals, living right across the American continent from Canada to Argentina. They feed on a variety of prey, including mice, voles, rats, chipmunks and many other small animals. Rattlesnakes kill their prey with venom. Like all snakes, they swallow the unfortunate animals whole. Few snakes have to eat more than once a week and some, such as the larger pythons, can survive for a year or more without eating[1].

Mongooses like to hunt together, but they always keep a lookout for dangerous predators nearby. Poking their noses into holes, overturning rocks with their paws and scratching the ground with their sharp claws, banded mongooses are very amusing animals to watch. A common sight in many parts of Africa, they travel in groups of about twenty to forage for beetles, millipedes and other small creatures[1].

They like to hunt together, keeping in touch whenever they go out of sight behind rocks or bushes by twittering and calling. Always on the lookout for danger - hawks, eagles and large snakes - they warn one another with a special alarm call if they spot anything suspicious[1].

Mongooses are famous for being able to kill snakes without getting hurt themselves. Their reactions are so fast that they can dodge each time the snake strikes. They continually make a nuisance of themselves until, after a while, when the snake gets tired, they quickly dive in for the kill.

All the female mongooses have their kitten at about the same time. They are raised by the whole group in a den made inside an old termite mount or hollow log. When most of the adults are out looking for food, one or two males stay behind to stand guard until the others return for the night.

Another animal which lives in the desert is the camel. Camels were first domesticated by people many thousands of years ago. In the wild, camels usually live in small groups of up to thirty animals. Camels have long, shaggy winter coats to keep warm and shorter, tidier coats in the summer to keep cool. A thirsty camel can drink as much as thirty gallons of water - that's about five hundred full glasses - in just ten minutes. Normally, however, it gets all the moisture it needs from desert plants and can survive for up to ten months without drinking any water at all[1].

There are two different kinds of camel. One, known as the Dromedary, has only a single hump; the other is called a Bactrian camel and has two humps. The humps help the animal to survive in the desert, by acting as storage containers. But they don't store water - as many people wrongly believe - they are full of fat. This fat nourishes the camels when food is scarce. If they have nothing to eat for several days, their humps shrink as the fat is used up. There are many other ways in which camels are adapted to desert life. Their mouths are so tough that even the sharp thorn cannot pierce through[1].
",Most snakes are harmless.,TRUE
"## Desert Animals

Deserts are the driest places on earth and sometimes go for months, or even years, without rain. But even the desert animals cannot survive without water, or for long periods in the scorching sun, so they have had to find different ways of coping with the harsh conditions. For example, gerbils spend the hottest part of the day in cool underground burrows. And strange insects called darkling beetles are experts at catching drops of moisture on their legs, then lifting them into the air until the drops trickle down into their mouths. Not all deserts are endless seas of rolling sand dunes. Some are rocky or pebbly and dotted with small bushes while others are sprinkled with colourful flowers during the spring[1].

There are more than 2300 different kinds of snakes around the world, ranging from just fifteen centimetres long to more than eleven metres. Most snakes are quite harmless - but there are a few that are so poisonous they can kill a human being with just one bite. Most snakes lay eggs, but there are many which give birth to their young. In the dry, rocky deserts of America lives a rather evil-looking snake with a very bad reputation. Its frightening rattle can be heard as far as thirty metres away, and it can strike with lightning speed[1].

But the rattlesnake, or 'rattler' as it is sometimes called, prefers to avoid people if it possibly can. It holds its tail upright and rattles the end whenever it is disturbed, in the hope that the intruder will go away. However, if its warnings are ignored-and it feels threatened-it will coil ready to bite. But the rattler itself cannot hear the noise its own tail makes. Like most snakes, it 'hears' things through vibrations in the ground. If a person walks nearby the snake can feel the movement. But if the same person were to shout, it would not hear a thing. Rattlesnakes are very common and widespread animals, living right across the American continent from Canada to Argentina. They feed on a variety of prey, including mice, voles, rats, chipmunks and many other small animals. Rattlesnakes kill their prey with venom. Like all snakes, they swallow the unfortunate animals whole. Few snakes have to eat more than once a week and some, such as the larger pythons, can survive for a year or more without eating[1].

Mongooses like to hunt together, but they always keep a lookout for dangerous predators nearby. Poking their noses into holes, overturning rocks with their paws and scratching the ground with their sharp claws, banded mongooses are very amusing animals to watch. A common sight in many parts of Africa, they travel in groups of about twenty to forage for beetles, millipedes and other small creatures[1].

They like to hunt together, keeping in touch whenever they go out of sight behind rocks or bushes by twittering and calling. Always on the lookout for danger - hawks, eagles and large snakes - they warn one another with a special alarm call if they spot anything suspicious[1].

Mongooses are famous for being able to kill snakes without getting hurt themselves. Their reactions are so fast that they can dodge each time the snake strikes. They continually make a nuisance of themselves until, after a while, when the snake gets tired, they quickly dive in for the kill.

All the female mongooses have their kitten at about the same time. They are raised by the whole group in a den made inside an old termite mount or hollow log. When most of the adults are out looking for food, one or two males stay behind to stand guard until the others return for the night.

Another animal which lives in the desert is the camel. Camels were first domesticated by people many thousands of years ago. In the wild, camels usually live in small groups of up to thirty animals. Camels have long, shaggy winter coats to keep warm and shorter, tidier coats in the summer to keep cool. A thirsty camel can drink as much as thirty gallons of water - that's about five hundred full glasses - in just ten minutes. Normally, however, it gets all the moisture it needs from desert plants and can survive for up to ten months without drinking any water at all[1].

There are two different kinds of camel. One, known as the Dromedary, has only a single hump; the other is called a Bactrian camel and has two humps. The humps help the animal to survive in the desert, by acting as storage containers. But they don't store water - as many people wrongly believe - they are full of fat. This fat nourishes the camels when food is scarce. If they have nothing to eat for several days, their humps shrink as the fat is used up. There are many other ways in which camels are adapted to desert life. Their mouths are so tough that even the sharp thorn cannot pierce through[1].
","Snakes cannot hear, but they can feel vibrations through the ground.",TRUE
"## Desert Animals

Deserts are the driest places on earth and sometimes go for months, or even years, without rain. But even the desert animals cannot survive without water, or for long periods in the scorching sun, so they have had to find different ways of coping with the harsh conditions. For example, gerbils spend the hottest part of the day in cool underground burrows. And strange insects called darkling beetles are experts at catching drops of moisture on their legs, then lifting them into the air until the drops trickle down into their mouths. Not all deserts are endless seas of rolling sand dunes. Some are rocky or pebbly and dotted with small bushes while others are sprinkled with colourful flowers during the spring[1].

There are more than 2300 different kinds of snakes around the world, ranging from just fifteen centimetres long to more than eleven metres. Most snakes are quite harmless - but there are a few that are so poisonous they can kill a human being with just one bite. Most snakes lay eggs, but there are many which give birth to their young. In the dry, rocky deserts of America lives a rather evil-looking snake with a very bad reputation. Its frightening rattle can be heard as far as thirty metres away, and it can strike with lightning speed[1].

But the rattlesnake, or 'rattler' as it is sometimes called, prefers to avoid people if it possibly can. It holds its tail upright and rattles the end whenever it is disturbed, in the hope that the intruder will go away. However, if its warnings are ignored-and it feels threatened-it will coil ready to bite. But the rattler itself cannot hear the noise its own tail makes. Like most snakes, it 'hears' things through vibrations in the ground. If a person walks nearby the snake can feel the movement. But if the same person were to shout, it would not hear a thing. Rattlesnakes are very common and widespread animals, living right across the American continent from Canada to Argentina. They feed on a variety of prey, including mice, voles, rats, chipmunks and many other small animals. Rattlesnakes kill their prey with venom. Like all snakes, they swallow the unfortunate animals whole. Few snakes have to eat more than once a week and some, such as the larger pythons, can survive for a year or more without eating[1].

Mongooses like to hunt together, but they always keep a lookout for dangerous predators nearby. Poking their noses into holes, overturning rocks with their paws and scratching the ground with their sharp claws, banded mongooses are very amusing animals to watch. A common sight in many parts of Africa, they travel in groups of about twenty to forage for beetles, millipedes and other small creatures[1].

They like to hunt together, keeping in touch whenever they go out of sight behind rocks or bushes by twittering and calling. Always on the lookout for danger - hawks, eagles and large snakes - they warn one another with a special alarm call if they spot anything suspicious[1].

Mongooses are famous for being able to kill snakes without getting hurt themselves. Their reactions are so fast that they can dodge each time the snake strikes. They continually make a nuisance of themselves until, after a while, when the snake gets tired, they quickly dive in for the kill.

All the female mongooses have their kitten at about the same time. They are raised by the whole group in a den made inside an old termite mount or hollow log. When most of the adults are out looking for food, one or two males stay behind to stand guard until the others return for the night.

Another animal which lives in the desert is the camel. Camels were first domesticated by people many thousands of years ago. In the wild, camels usually live in small groups of up to thirty animals. Camels have long, shaggy winter coats to keep warm and shorter, tidier coats in the summer to keep cool. A thirsty camel can drink as much as thirty gallons of water - that's about five hundred full glasses - in just ten minutes. Normally, however, it gets all the moisture it needs from desert plants and can survive for up to ten months without drinking any water at all[1].

There are two different kinds of camel. One, known as the Dromedary, has only a single hump; the other is called a Bactrian camel and has two humps. The humps help the animal to survive in the desert, by acting as storage containers. But they don't store water - as many people wrongly believe - they are full of fat. This fat nourishes the camels when food is scarce. If they have nothing to eat for several days, their humps shrink as the fat is used up. There are many other ways in which camels are adapted to desert life. Their mouths are so tough that even the sharp thorn cannot pierce through[1].
",Camels store water in their humps,FALSE
"## Desert Animals

Deserts are the driest places on earth and sometimes go for months, or even years, without rain. But even the desert animals cannot survive without water, or for long periods in the scorching sun, so they have had to find different ways of coping with the harsh conditions. For example, gerbils spend the hottest part of the day in cool underground burrows. And strange insects called darkling beetles are experts at catching drops of moisture on their legs, then lifting them into the air until the drops trickle down into their mouths. Not all deserts are endless seas of rolling sand dunes. Some are rocky or pebbly and dotted with small bushes while others are sprinkled with colourful flowers during the spring[1].

There are more than 2300 different kinds of snakes around the world, ranging from just fifteen centimetres long to more than eleven metres. Most snakes are quite harmless - but there are a few that are so poisonous they can kill a human being with just one bite. Most snakes lay eggs, but there are many which give birth to their young. In the dry, rocky deserts of America lives a rather evil-looking snake with a very bad reputation. Its frightening rattle can be heard as far as thirty metres away, and it can strike with lightning speed[1].

But the rattlesnake, or 'rattler' as it is sometimes called, prefers to avoid people if it possibly can. It holds its tail upright and rattles the end whenever it is disturbed, in the hope that the intruder will go away. However, if its warnings are ignored-and it feels threatened-it will coil ready to bite. But the rattler itself cannot hear the noise its own tail makes. Like most snakes, it 'hears' things through vibrations in the ground. If a person walks nearby the snake can feel the movement. But if the same person were to shout, it would not hear a thing. Rattlesnakes are very common and widespread animals, living right across the American continent from Canada to Argentina. They feed on a variety of prey, including mice, voles, rats, chipmunks and many other small animals. Rattlesnakes kill their prey with venom. Like all snakes, they swallow the unfortunate animals whole. Few snakes have to eat more than once a week and some, such as the larger pythons, can survive for a year or more without eating[1].

Mongooses like to hunt together, but they always keep a lookout for dangerous predators nearby. Poking their noses into holes, overturning rocks with their paws and scratching the ground with their sharp claws, banded mongooses are very amusing animals to watch. A common sight in many parts of Africa, they travel in groups of about twenty to forage for beetles, millipedes and other small creatures[1].

They like to hunt together, keeping in touch whenever they go out of sight behind rocks or bushes by twittering and calling. Always on the lookout for danger - hawks, eagles and large snakes - they warn one another with a special alarm call if they spot anything suspicious[1].

Mongooses are famous for being able to kill snakes without getting hurt themselves. Their reactions are so fast that they can dodge each time the snake strikes. They continually make a nuisance of themselves until, after a while, when the snake gets tired, they quickly dive in for the kill.

All the female mongooses have their kitten at about the same time. They are raised by the whole group in a den made inside an old termite mount or hollow log. When most of the adults are out looking for food, one or two males stay behind to stand guard until the others return for the night.

Another animal which lives in the desert is the camel. Camels were first domesticated by people many thousands of years ago. In the wild, camels usually live in small groups of up to thirty animals. Camels have long, shaggy winter coats to keep warm and shorter, tidier coats in the summer to keep cool. A thirsty camel can drink as much as thirty gallons of water - that's about five hundred full glasses - in just ten minutes. Normally, however, it gets all the moisture it needs from desert plants and can survive for up to ten months without drinking any water at all[1].

There are two different kinds of camel. One, known as the Dromedary, has only a single hump; the other is called a Bactrian camel and has two humps. The humps help the animal to survive in the desert, by acting as storage containers. But they don't store water - as many people wrongly believe - they are full of fat. This fat nourishes the camels when food is scarce. If they have nothing to eat for several days, their humps shrink as the fat is used up. There are many other ways in which camels are adapted to desert life. Their mouths are so tough that even the sharp thorn cannot pierce through[1].
",How do desert animals survive without water?,"Desert animals develop their own ways of coping with the severe desert
conditions. They cannot survive without water but there are certain techniques which
help them survive in the desert. For example, darkling beetles collect moisture on
their legs and then lift them up in the air until the drops trickle into their mouths.
Similarly when it is hot in the day, gerbils go in the cool underground burrows."
"## Desert Animals

Deserts are the driest places on earth and sometimes go for months, or even years, without rain. But even the desert animals cannot survive without water, or for long periods in the scorching sun, so they have had to find different ways of coping with the harsh conditions. For example, gerbils spend the hottest part of the day in cool underground burrows. And strange insects called darkling beetles are experts at catching drops of moisture on their legs, then lifting them into the air until the drops trickle down into their mouths. Not all deserts are endless seas of rolling sand dunes. Some are rocky or pebbly and dotted with small bushes while others are sprinkled with colourful flowers during the spring[1].

There are more than 2300 different kinds of snakes around the world, ranging from just fifteen centimetres long to more than eleven metres. Most snakes are quite harmless - but there are a few that are so poisonous they can kill a human being with just one bite. Most snakes lay eggs, but there are many which give birth to their young. In the dry, rocky deserts of America lives a rather evil-looking snake with a very bad reputation. Its frightening rattle can be heard as far as thirty metres away, and it can strike with lightning speed[1].

But the rattlesnake, or 'rattler' as it is sometimes called, prefers to avoid people if it possibly can. It holds its tail upright and rattles the end whenever it is disturbed, in the hope that the intruder will go away. However, if its warnings are ignored-and it feels threatened-it will coil ready to bite. But the rattler itself cannot hear the noise its own tail makes. Like most snakes, it 'hears' things through vibrations in the ground. If a person walks nearby the snake can feel the movement. But if the same person were to shout, it would not hear a thing. Rattlesnakes are very common and widespread animals, living right across the American continent from Canada to Argentina. They feed on a variety of prey, including mice, voles, rats, chipmunks and many other small animals. Rattlesnakes kill their prey with venom. Like all snakes, they swallow the unfortunate animals whole. Few snakes have to eat more than once a week and some, such as the larger pythons, can survive for a year or more without eating[1].

Mongooses like to hunt together, but they always keep a lookout for dangerous predators nearby. Poking their noses into holes, overturning rocks with their paws and scratching the ground with their sharp claws, banded mongooses are very amusing animals to watch. A common sight in many parts of Africa, they travel in groups of about twenty to forage for beetles, millipedes and other small creatures[1].

They like to hunt together, keeping in touch whenever they go out of sight behind rocks or bushes by twittering and calling. Always on the lookout for danger - hawks, eagles and large snakes - they warn one another with a special alarm call if they spot anything suspicious[1].

Mongooses are famous for being able to kill snakes without getting hurt themselves. Their reactions are so fast that they can dodge each time the snake strikes. They continually make a nuisance of themselves until, after a while, when the snake gets tired, they quickly dive in for the kill.

All the female mongooses have their kitten at about the same time. They are raised by the whole group in a den made inside an old termite mount or hollow log. When most of the adults are out looking for food, one or two males stay behind to stand guard until the others return for the night.

Another animal which lives in the desert is the camel. Camels were first domesticated by people many thousands of years ago. In the wild, camels usually live in small groups of up to thirty animals. Camels have long, shaggy winter coats to keep warm and shorter, tidier coats in the summer to keep cool. A thirsty camel can drink as much as thirty gallons of water - that's about five hundred full glasses - in just ten minutes. Normally, however, it gets all the moisture it needs from desert plants and can survive for up to ten months without drinking any water at all[1].

There are two different kinds of camel. One, known as the Dromedary, has only a single hump; the other is called a Bactrian camel and has two humps. The humps help the animal to survive in the desert, by acting as storage containers. But they don't store water - as many people wrongly believe - they are full of fat. This fat nourishes the camels when food is scarce. If they have nothing to eat for several days, their humps shrink as the fat is used up. There are many other ways in which camels are adapted to desert life. Their mouths are so tough that even the sharp thorn cannot pierce through[1].
",How do mongooses kill snakes?,"Mongooses don’t get hurt in the process of killing a snake. They have very fast
reactions and dodge every time the snake attacks. They continue to make a nuisance
of themselves for a while and when the snake gets tired, they dive and make a kill
strike."
"## Desert Animals

Deserts are the driest places on earth and sometimes go for months, or even years, without rain. But even the desert animals cannot survive without water, or for long periods in the scorching sun, so they have had to find different ways of coping with the harsh conditions. For example, gerbils spend the hottest part of the day in cool underground burrows. And strange insects called darkling beetles are experts at catching drops of moisture on their legs, then lifting them into the air until the drops trickle down into their mouths. Not all deserts are endless seas of rolling sand dunes. Some are rocky or pebbly and dotted with small bushes while others are sprinkled with colourful flowers during the spring[1].

There are more than 2300 different kinds of snakes around the world, ranging from just fifteen centimetres long to more than eleven metres. Most snakes are quite harmless - but there are a few that are so poisonous they can kill a human being with just one bite. Most snakes lay eggs, but there are many which give birth to their young. In the dry, rocky deserts of America lives a rather evil-looking snake with a very bad reputation. Its frightening rattle can be heard as far as thirty metres away, and it can strike with lightning speed[1].

But the rattlesnake, or 'rattler' as it is sometimes called, prefers to avoid people if it possibly can. It holds its tail upright and rattles the end whenever it is disturbed, in the hope that the intruder will go away. However, if its warnings are ignored-and it feels threatened-it will coil ready to bite. But the rattler itself cannot hear the noise its own tail makes. Like most snakes, it 'hears' things through vibrations in the ground. If a person walks nearby the snake can feel the movement. But if the same person were to shout, it would not hear a thing. Rattlesnakes are very common and widespread animals, living right across the American continent from Canada to Argentina. They feed on a variety of prey, including mice, voles, rats, chipmunks and many other small animals. Rattlesnakes kill their prey with venom. Like all snakes, they swallow the unfortunate animals whole. Few snakes have to eat more than once a week and some, such as the larger pythons, can survive for a year or more without eating[1].

Mongooses like to hunt together, but they always keep a lookout for dangerous predators nearby. Poking their noses into holes, overturning rocks with their paws and scratching the ground with their sharp claws, banded mongooses are very amusing animals to watch. A common sight in many parts of Africa, they travel in groups of about twenty to forage for beetles, millipedes and other small creatures[1].

They like to hunt together, keeping in touch whenever they go out of sight behind rocks or bushes by twittering and calling. Always on the lookout for danger - hawks, eagles and large snakes - they warn one another with a special alarm call if they spot anything suspicious[1].

Mongooses are famous for being able to kill snakes without getting hurt themselves. Their reactions are so fast that they can dodge each time the snake strikes. They continually make a nuisance of themselves until, after a while, when the snake gets tired, they quickly dive in for the kill.

All the female mongooses have their kitten at about the same time. They are raised by the whole group in a den made inside an old termite mount or hollow log. When most of the adults are out looking for food, one or two males stay behind to stand guard until the others return for the night.

Another animal which lives in the desert is the camel. Camels were first domesticated by people many thousands of years ago. In the wild, camels usually live in small groups of up to thirty animals. Camels have long, shaggy winter coats to keep warm and shorter, tidier coats in the summer to keep cool. A thirsty camel can drink as much as thirty gallons of water - that's about five hundred full glasses - in just ten minutes. Normally, however, it gets all the moisture it needs from desert plants and can survive for up to ten months without drinking any water at all[1].

There are two different kinds of camel. One, known as the Dromedary, has only a single hump; the other is called a Bactrian camel and has two humps. The humps help the animal to survive in the desert, by acting as storage containers. But they don't store water - as many people wrongly believe - they are full of fat. This fat nourishes the camels when food is scarce. If they have nothing to eat for several days, their humps shrink as the fat is used up. There are many other ways in which camels are adapted to desert life. Their mouths are so tough that even the sharp thorn cannot pierce through[1].
","How does the hump of the camels help them to survive when there is no
water?","The humps of the camels act as a storage container for them. It helps in the
nourishment of the camels because it is full of fat and when there is a shortage of
food, this fat comes to use. The hump gets shrunken when the camels have nothing
to eat for several days because the fat in the hump is used up. This is how the hump
helps the camels to survive in the desert."
"## The Banyan Tree

Though the house and grounds belonged to my grandparents, the magnificent old banyan tree was mine - chiefly because Grandfather, at sixty-five, could no longer climb it.

Its spreading branches, which hung to the ground and took root again, forming a number of twisting passages, gave me endless pleasure. Among them were squirrels and snails and butterflies. The tree was older than the house, older than Grandfather, as old as Dehra Dun itself. I could hide myself in its branches, behind thick green leaves, and spy on the world below.

My first friend was a small grey squirrel. Arching his back and sniffing into the air, he seemed at first to resent my invasion of his privacy. But when he found that I did not arm myself with catapult or air gun, he became friendly, and when I started bringing him pieces of cake and biscuit he grew quite bold and was soon taking morsels from hand. Before long, he was delving into my pockets and helping himself to whatever he could find. He was a very young squirrel, and his friends and relatives probably thought him foolish and headstrong for trusting a human.

In the spring, when the banyan tree was full of small red figs, birds of all kinds would flock into its branches: the red-bottomed bulbul, cheerful and greedy; parrots, myna and crows squabbling with one another. During the fig season, the banyan tree was the noisiest place in the garden.

Halfway up the tree I had built a crude platform where I would spend the afternoons when it was not too hot. I could read there propping myself up against the tree with a cushion from the living room. Treasure Island, Huckleberry Finn and The Story of Dr Dolittle were some of the books that made up my banyan tree library.

When I did not feel like reading, I could look down through the leaves at the world below. And on one particular afternoon I had a grandstand view of that classic of the Indian wilds, a fight between a mongoose and a cobra.

The warm breezes of approaching summer had sent everyone, including the gardener, into the house. I was feeling drowsy myself, wondering if I should go to the pond and have a swim with Ramu and the buffaloes, when I saw a huge black cobra gliding out of a clump of cactus. At the same time a mongoose emerged from the bushes and went straight for the cobra.

In a clearing beneath the banyan tree, in bright sunshine, they came face to face. The cobra knew only too well that the grey mongoose, three feet long, was a superb fighter, clever and aggressive. But the cobra, too, was a skilful and experienced fighter. He could move swiftly and strike with the speed of light; and the sacs behind his long sharp fangs were full of deadly poison. It was to be a battle of champions.

Hissing defiance, his forked tongue darting in and out, the cobra raised three of his six feet off the ground, and spread his broad, spectacled hood. The mongoose bushed his tail. The long hair on his spine stood up.

Though the combatants were unaware of my presence in the tree, they were soon made aware of the arrival of two other spectators. One was a myna, the other a jungle crow. They had seen these preparations for battle, and had settled on the cactus to watch the outcome. Had they been content only to watch, all would have been well with both of them.

The cobra stood on the defensive, swaying slowly from side to side, trying to mesmerise the mongoose into making a false move. But the mongoose knew the power of his opponent's glassy, unwinking eyes, and refused to meet them. Instead he fixed his gaze at a point just below the cobra's hood, and opened the attack.

Moving forward quickly until he was just within the cobra's reach, the mongoose made a pretended move to one side. Immediately the cobra struck. His great hood came down so swiftly that I thought nothing could save the mongoose. But the little fellow jumped neatly to one side, and darted in as swiftly as the cobra, biting the snake on the back and darting away again out of reach.

At the same moment that the cobra struck, the crow and the myna hurled themselves at him, only to collide heavily in mid-air. Shrieking insults at each other they returned to the cactus plant. A few drops of blood glistened on the cobra's back.

The cobra struck and missed. Again the mongoose sprang aside, jumped in and bit. Again the birds dived at the snake, bumped into each other instead, and returned shrieking to the safety of the cactus.

The third round followed the same course as the first but with one dramatic difference. The crow and the myna, still determined to take part in the proceedings, dived at the cobra; but this time they missed each other as well as their mark. The myna flew on and reached its perch, but the crow tried to pull up in mid-air and turn back. In the second that it took the bird to do this the cobra whipped his head back and struck with great force, his snout thudding against the crow's body.

I saw the bird flung nearly twenty feet across the garden. It fluttered about for a while, then lay still. The myna remained on the cactus plant, and when the snake and the mongoose returned to the fight, very wisely decided not to interfere again! The cobra was weakening, and the mongoose, walking fearlessly up to it, raised himself on his short legs and with a lightning snap had the big snake by the snout. The cobra writhed and lashed about in a frightening manner, and even coiled itself about the mongoose, but to no avail. The little fellow hung grimly on, until the snake had ceased to struggle. He then smelt along its quivering length, gripped it round the hood, and dragged it into the bushes.

The myna dropped cautiously to the ground, hopped about, peered into the bushes from a safe distance, and then, with a shrill cry of congratulation, flew away.","What did the cobra and the mongoose do, to show their readiness for the
fight?","To show their readiness for the fight, the cobra hisses his forked tongue in
defense and darts it in and out. It raises three of its six feet off the ground, and spreads
its broad and spectacled hood. The mongoose bushes his tail and the long hair on his
spine stands up."
"## The Banyan Tree

Though the house and grounds belonged to my grandparents, the magnificent old banyan tree was mine - chiefly because Grandfather, at sixty-five, could no longer climb it.

Its spreading branches, which hung to the ground and took root again, forming a number of twisting passages, gave me endless pleasure. Among them were squirrels and snails and butterflies. The tree was older than the house, older than Grandfather, as old as Dehra Dun itself. I could hide myself in its branches, behind thick green leaves, and spy on the world below.

My first friend was a small grey squirrel. Arching his back and sniffing into the air, he seemed at first to resent my invasion of his privacy. But when he found that I did not arm myself with catapult or air gun, he became friendly, and when I started bringing him pieces of cake and biscuit he grew quite bold and was soon taking morsels from hand. Before long, he was delving into my pockets and helping himself to whatever he could find. He was a very young squirrel, and his friends and relatives probably thought him foolish and headstrong for trusting a human.

In the spring, when the banyan tree was full of small red figs, birds of all kinds would flock into its branches: the red-bottomed bulbul, cheerful and greedy; parrots, myna and crows squabbling with one another. During the fig season, the banyan tree was the noisiest place in the garden.

Halfway up the tree I had built a crude platform where I would spend the afternoons when it was not too hot. I could read there propping myself up against the tree with a cushion from the living room. Treasure Island, Huckleberry Finn and The Story of Dr Dolittle were some of the books that made up my banyan tree library.

When I did not feel like reading, I could look down through the leaves at the world below. And on one particular afternoon I had a grandstand view of that classic of the Indian wilds, a fight between a mongoose and a cobra.

The warm breezes of approaching summer had sent everyone, including the gardener, into the house. I was feeling drowsy myself, wondering if I should go to the pond and have a swim with Ramu and the buffaloes, when I saw a huge black cobra gliding out of a clump of cactus. At the same time a mongoose emerged from the bushes and went straight for the cobra.

In a clearing beneath the banyan tree, in bright sunshine, they came face to face. The cobra knew only too well that the grey mongoose, three feet long, was a superb fighter, clever and aggressive. But the cobra, too, was a skilful and experienced fighter. He could move swiftly and strike with the speed of light; and the sacs behind his long sharp fangs were full of deadly poison. It was to be a battle of champions.

Hissing defiance, his forked tongue darting in and out, the cobra raised three of his six feet off the ground, and spread his broad, spectacled hood. The mongoose bushed his tail. The long hair on his spine stood up.

Though the combatants were unaware of my presence in the tree, they were soon made aware of the arrival of two other spectators. One was a myna, the other a jungle crow. They had seen these preparations for battle, and had settled on the cactus to watch the outcome. Had they been content only to watch, all would have been well with both of them.

The cobra stood on the defensive, swaying slowly from side to side, trying to mesmerise the mongoose into making a false move. But the mongoose knew the power of his opponent's glassy, unwinking eyes, and refused to meet them. Instead he fixed his gaze at a point just below the cobra's hood, and opened the attack.

Moving forward quickly until he was just within the cobra's reach, the mongoose made a pretended move to one side. Immediately the cobra struck. His great hood came down so swiftly that I thought nothing could save the mongoose. But the little fellow jumped neatly to one side, and darted in as swiftly as the cobra, biting the snake on the back and darting away again out of reach.

At the same moment that the cobra struck, the crow and the myna hurled themselves at him, only to collide heavily in mid-air. Shrieking insults at each other they returned to the cactus plant. A few drops of blood glistened on the cobra's back.

The cobra struck and missed. Again the mongoose sprang aside, jumped in and bit. Again the birds dived at the snake, bumped into each other instead, and returned shrieking to the safety of the cactus.

The third round followed the same course as the first but with one dramatic difference. The crow and the myna, still determined to take part in the proceedings, dived at the cobra; but this time they missed each other as well as their mark. The myna flew on and reached its perch, but the crow tried to pull up in mid-air and turn back. In the second that it took the bird to do this the cobra whipped his head back and struck with great force, his snout thudding against the crow's body.

I saw the bird flung nearly twenty feet across the garden. It fluttered about for a while, then lay still. The myna remained on the cactus plant, and when the snake and the mongoose returned to the fight, very wisely decided not to interfere again! The cobra was weakening, and the mongoose, walking fearlessly up to it, raised himself on his short legs and with a lightning snap had the big snake by the snout. The cobra writhed and lashed about in a frightening manner, and even coiled itself about the mongoose, but to no avail. The little fellow hung grimly on, until the snake had ceased to struggle. He then smelt along its quivering length, gripped it round the hood, and dragged it into the bushes.

The myna dropped cautiously to the ground, hopped about, peered into the bushes from a safe distance, and then, with a shrill cry of congratulation, flew away.","Who were the other two spectators? What did they do? (Did they watch, or
did they join in the fight?)","The other two spectators were a jungle crow and a myna. They came and settled
on a nearby cactus to watch the fight. But they did not just watch and join the fight.
They did so by throwing themselves at the cobra."
"## The Banyan Tree

Though the house and grounds belonged to my grandparents, the magnificent old banyan tree was mine - chiefly because Grandfather, at sixty-five, could no longer climb it.

Its spreading branches, which hung to the ground and took root again, forming a number of twisting passages, gave me endless pleasure. Among them were squirrels and snails and butterflies. The tree was older than the house, older than Grandfather, as old as Dehra Dun itself. I could hide myself in its branches, behind thick green leaves, and spy on the world below.

My first friend was a small grey squirrel. Arching his back and sniffing into the air, he seemed at first to resent my invasion of his privacy. But when he found that I did not arm myself with catapult or air gun, he became friendly, and when I started bringing him pieces of cake and biscuit he grew quite bold and was soon taking morsels from hand. Before long, he was delving into my pockets and helping himself to whatever he could find. He was a very young squirrel, and his friends and relatives probably thought him foolish and headstrong for trusting a human.

In the spring, when the banyan tree was full of small red figs, birds of all kinds would flock into its branches: the red-bottomed bulbul, cheerful and greedy; parrots, myna and crows squabbling with one another. During the fig season, the banyan tree was the noisiest place in the garden.

Halfway up the tree I had built a crude platform where I would spend the afternoons when it was not too hot. I could read there propping myself up against the tree with a cushion from the living room. Treasure Island, Huckleberry Finn and The Story of Dr Dolittle were some of the books that made up my banyan tree library.

When I did not feel like reading, I could look down through the leaves at the world below. And on one particular afternoon I had a grandstand view of that classic of the Indian wilds, a fight between a mongoose and a cobra.

The warm breezes of approaching summer had sent everyone, including the gardener, into the house. I was feeling drowsy myself, wondering if I should go to the pond and have a swim with Ramu and the buffaloes, when I saw a huge black cobra gliding out of a clump of cactus. At the same time a mongoose emerged from the bushes and went straight for the cobra.

In a clearing beneath the banyan tree, in bright sunshine, they came face to face. The cobra knew only too well that the grey mongoose, three feet long, was a superb fighter, clever and aggressive. But the cobra, too, was a skilful and experienced fighter. He could move swiftly and strike with the speed of light; and the sacs behind his long sharp fangs were full of deadly poison. It was to be a battle of champions.

Hissing defiance, his forked tongue darting in and out, the cobra raised three of his six feet off the ground, and spread his broad, spectacled hood. The mongoose bushed his tail. The long hair on his spine stood up.

Though the combatants were unaware of my presence in the tree, they were soon made aware of the arrival of two other spectators. One was a myna, the other a jungle crow. They had seen these preparations for battle, and had settled on the cactus to watch the outcome. Had they been content only to watch, all would have been well with both of them.

The cobra stood on the defensive, swaying slowly from side to side, trying to mesmerise the mongoose into making a false move. But the mongoose knew the power of his opponent's glassy, unwinking eyes, and refused to meet them. Instead he fixed his gaze at a point just below the cobra's hood, and opened the attack.

Moving forward quickly until he was just within the cobra's reach, the mongoose made a pretended move to one side. Immediately the cobra struck. His great hood came down so swiftly that I thought nothing could save the mongoose. But the little fellow jumped neatly to one side, and darted in as swiftly as the cobra, biting the snake on the back and darting away again out of reach.

At the same moment that the cobra struck, the crow and the myna hurled themselves at him, only to collide heavily in mid-air. Shrieking insults at each other they returned to the cactus plant. A few drops of blood glistened on the cobra's back.

The cobra struck and missed. Again the mongoose sprang aside, jumped in and bit. Again the birds dived at the snake, bumped into each other instead, and returned shrieking to the safety of the cactus.

The third round followed the same course as the first but with one dramatic difference. The crow and the myna, still determined to take part in the proceedings, dived at the cobra; but this time they missed each other as well as their mark. The myna flew on and reached its perch, but the crow tried to pull up in mid-air and turn back. In the second that it took the bird to do this the cobra whipped his head back and struck with great force, his snout thudding against the crow's body.

I saw the bird flung nearly twenty feet across the garden. It fluttered about for a while, then lay still. The myna remained on the cactus plant, and when the snake and the mongoose returned to the fight, very wisely decided not to interfere again! The cobra was weakening, and the mongoose, walking fearlessly up to it, raised himself on his short legs and with a lightning snap had the big snake by the snout. The cobra writhed and lashed about in a frightening manner, and even coiled itself about the mongoose, but to no avail. The little fellow hung grimly on, until the snake had ceased to struggle. He then smelt along its quivering length, gripped it round the hood, and dragged it into the bushes.

The myna dropped cautiously to the ground, hopped about, peered into the bushes from a safe distance, and then, with a shrill cry of congratulation, flew away.",What happened to the crow in the end?," In the end the crow had been flung for nearly twenty feet across the garden. It
happened due to the blow from the cobra's snout. The crow fluttered about for a
while, but then lay still."
"## The Banyan Tree

Though the house and grounds belonged to my grandparents, the magnificent old banyan tree was mine - chiefly because Grandfather, at sixty-five, could no longer climb it.

Its spreading branches, which hung to the ground and took root again, forming a number of twisting passages, gave me endless pleasure. Among them were squirrels and snails and butterflies. The tree was older than the house, older than Grandfather, as old as Dehra Dun itself. I could hide myself in its branches, behind thick green leaves, and spy on the world below.

My first friend was a small grey squirrel. Arching his back and sniffing into the air, he seemed at first to resent my invasion of his privacy. But when he found that I did not arm myself with catapult or air gun, he became friendly, and when I started bringing him pieces of cake and biscuit he grew quite bold and was soon taking morsels from hand. Before long, he was delving into my pockets and helping himself to whatever he could find. He was a very young squirrel, and his friends and relatives probably thought him foolish and headstrong for trusting a human.

In the spring, when the banyan tree was full of small red figs, birds of all kinds would flock into its branches: the red-bottomed bulbul, cheerful and greedy; parrots, myna and crows squabbling with one another. During the fig season, the banyan tree was the noisiest place in the garden.

Halfway up the tree I had built a crude platform where I would spend the afternoons when it was not too hot. I could read there propping myself up against the tree with a cushion from the living room. Treasure Island, Huckleberry Finn and The Story of Dr Dolittle were some of the books that made up my banyan tree library.

When I did not feel like reading, I could look down through the leaves at the world below. And on one particular afternoon I had a grandstand view of that classic of the Indian wilds, a fight between a mongoose and a cobra.

The warm breezes of approaching summer had sent everyone, including the gardener, into the house. I was feeling drowsy myself, wondering if I should go to the pond and have a swim with Ramu and the buffaloes, when I saw a huge black cobra gliding out of a clump of cactus. At the same time a mongoose emerged from the bushes and went straight for the cobra.

In a clearing beneath the banyan tree, in bright sunshine, they came face to face. The cobra knew only too well that the grey mongoose, three feet long, was a superb fighter, clever and aggressive. But the cobra, too, was a skilful and experienced fighter. He could move swiftly and strike with the speed of light; and the sacs behind his long sharp fangs were full of deadly poison. It was to be a battle of champions.

Hissing defiance, his forked tongue darting in and out, the cobra raised three of his six feet off the ground, and spread his broad, spectacled hood. The mongoose bushed his tail. The long hair on his spine stood up.

Though the combatants were unaware of my presence in the tree, they were soon made aware of the arrival of two other spectators. One was a myna, the other a jungle crow. They had seen these preparations for battle, and had settled on the cactus to watch the outcome. Had they been content only to watch, all would have been well with both of them.

The cobra stood on the defensive, swaying slowly from side to side, trying to mesmerise the mongoose into making a false move. But the mongoose knew the power of his opponent's glassy, unwinking eyes, and refused to meet them. Instead he fixed his gaze at a point just below the cobra's hood, and opened the attack.

Moving forward quickly until he was just within the cobra's reach, the mongoose made a pretended move to one side. Immediately the cobra struck. His great hood came down so swiftly that I thought nothing could save the mongoose. But the little fellow jumped neatly to one side, and darted in as swiftly as the cobra, biting the snake on the back and darting away again out of reach.

At the same moment that the cobra struck, the crow and the myna hurled themselves at him, only to collide heavily in mid-air. Shrieking insults at each other they returned to the cactus plant. A few drops of blood glistened on the cobra's back.

The cobra struck and missed. Again the mongoose sprang aside, jumped in and bit. Again the birds dived at the snake, bumped into each other instead, and returned shrieking to the safety of the cactus.

The third round followed the same course as the first but with one dramatic difference. The crow and the myna, still determined to take part in the proceedings, dived at the cobra; but this time they missed each other as well as their mark. The myna flew on and reached its perch, but the crow tried to pull up in mid-air and turn back. In the second that it took the bird to do this the cobra whipped his head back and struck with great force, his snout thudding against the crow's body.

I saw the bird flung nearly twenty feet across the garden. It fluttered about for a while, then lay still. The myna remained on the cactus plant, and when the snake and the mongoose returned to the fight, very wisely decided not to interfere again! The cobra was weakening, and the mongoose, walking fearlessly up to it, raised himself on his short legs and with a lightning snap had the big snake by the snout. The cobra writhed and lashed about in a frightening manner, and even coiled itself about the mongoose, but to no avail. The little fellow hung grimly on, until the snake had ceased to struggle. He then smelt along its quivering length, gripped it round the hood, and dragged it into the bushes.

The myna dropped cautiously to the ground, hopped about, peered into the bushes from a safe distance, and then, with a shrill cry of congratulation, flew away.",What did the myna do finally?,"The Myna finally dropped carefully to the ground, hopped and peered into the
bushes keeping a safe distance. It then flew away with a shrill cry of congratulations."
"## The Banyan Tree

Though the house and grounds belonged to my grandparents, the magnificent old banyan tree was mine - chiefly because Grandfather, at sixty-five, could no longer climb it.

Its spreading branches, which hung to the ground and took root again, forming a number of twisting passages, gave me endless pleasure. Among them were squirrels and snails and butterflies. The tree was older than the house, older than Grandfather, as old as Dehra Dun itself. I could hide myself in its branches, behind thick green leaves, and spy on the world below.

My first friend was a small grey squirrel. Arching his back and sniffing into the air, he seemed at first to resent my invasion of his privacy. But when he found that I did not arm myself with catapult or air gun, he became friendly, and when I started bringing him pieces of cake and biscuit he grew quite bold and was soon taking morsels from hand. Before long, he was delving into my pockets and helping himself to whatever he could find. He was a very young squirrel, and his friends and relatives probably thought him foolish and headstrong for trusting a human.

In the spring, when the banyan tree was full of small red figs, birds of all kinds would flock into its branches: the red-bottomed bulbul, cheerful and greedy; parrots, myna and crows squabbling with one another. During the fig season, the banyan tree was the noisiest place in the garden.

Halfway up the tree I had built a crude platform where I would spend the afternoons when it was not too hot. I could read there propping myself up against the tree with a cushion from the living room. Treasure Island, Huckleberry Finn and The Story of Dr Dolittle were some of the books that made up my banyan tree library.

When I did not feel like reading, I could look down through the leaves at the world below. And on one particular afternoon I had a grandstand view of that classic of the Indian wilds, a fight between a mongoose and a cobra.

The warm breezes of approaching summer had sent everyone, including the gardener, into the house. I was feeling drowsy myself, wondering if I should go to the pond and have a swim with Ramu and the buffaloes, when I saw a huge black cobra gliding out of a clump of cactus. At the same time a mongoose emerged from the bushes and went straight for the cobra.

In a clearing beneath the banyan tree, in bright sunshine, they came face to face. The cobra knew only too well that the grey mongoose, three feet long, was a superb fighter, clever and aggressive. But the cobra, too, was a skilful and experienced fighter. He could move swiftly and strike with the speed of light; and the sacs behind his long sharp fangs were full of deadly poison. It was to be a battle of champions.

Hissing defiance, his forked tongue darting in and out, the cobra raised three of his six feet off the ground, and spread his broad, spectacled hood. The mongoose bushed his tail. The long hair on his spine stood up.

Though the combatants were unaware of my presence in the tree, they were soon made aware of the arrival of two other spectators. One was a myna, the other a jungle crow. They had seen these preparations for battle, and had settled on the cactus to watch the outcome. Had they been content only to watch, all would have been well with both of them.

The cobra stood on the defensive, swaying slowly from side to side, trying to mesmerise the mongoose into making a false move. But the mongoose knew the power of his opponent's glassy, unwinking eyes, and refused to meet them. Instead he fixed his gaze at a point just below the cobra's hood, and opened the attack.

Moving forward quickly until he was just within the cobra's reach, the mongoose made a pretended move to one side. Immediately the cobra struck. His great hood came down so swiftly that I thought nothing could save the mongoose. But the little fellow jumped neatly to one side, and darted in as swiftly as the cobra, biting the snake on the back and darting away again out of reach.

At the same moment that the cobra struck, the crow and the myna hurled themselves at him, only to collide heavily in mid-air. Shrieking insults at each other they returned to the cactus plant. A few drops of blood glistened on the cobra's back.

The cobra struck and missed. Again the mongoose sprang aside, jumped in and bit. Again the birds dived at the snake, bumped into each other instead, and returned shrieking to the safety of the cactus.

The third round followed the same course as the first but with one dramatic difference. The crow and the myna, still determined to take part in the proceedings, dived at the cobra; but this time they missed each other as well as their mark. The myna flew on and reached its perch, but the crow tried to pull up in mid-air and turn back. In the second that it took the bird to do this the cobra whipped his head back and struck with great force, his snout thudding against the crow's body.

I saw the bird flung nearly twenty feet across the garden. It fluttered about for a while, then lay still. The myna remained on the cactus plant, and when the snake and the mongoose returned to the fight, very wisely decided not to interfere again! The cobra was weakening, and the mongoose, walking fearlessly up to it, raised himself on his short legs and with a lightning snap had the big snake by the snout. The cobra writhed and lashed about in a frightening manner, and even coiled itself about the mongoose, but to no avail. The little fellow hung grimly on, until the snake had ceased to struggle. He then smelt along its quivering length, gripped it round the hood, and dragged it into the bushes.

The myna dropped cautiously to the ground, hopped about, peered into the bushes from a safe distance, and then, with a shrill cry of congratulation, flew away.","The word ‘round’ usually means a kind of shape. What is its meaning in the
story?","The word 'round' in the story refers to the different phases of the fight, the
various cycles that occur during the fight between the cobra and the mongoose."
"## The Banyan Tree

Though the house and grounds belonged to my grandparents, the magnificent old banyan tree was mine - chiefly because Grandfather, at sixty-five, could no longer climb it.

Its spreading branches, which hung to the ground and took root again, forming a number of twisting passages, gave me endless pleasure. Among them were squirrels and snails and butterflies. The tree was older than the house, older than Grandfather, as old as Dehra Dun itself. I could hide myself in its branches, behind thick green leaves, and spy on the world below.

My first friend was a small grey squirrel. Arching his back and sniffing into the air, he seemed at first to resent my invasion of his privacy. But when he found that I did not arm myself with catapult or air gun, he became friendly, and when I started bringing him pieces of cake and biscuit he grew quite bold and was soon taking morsels from hand. Before long, he was delving into my pockets and helping himself to whatever he could find. He was a very young squirrel, and his friends and relatives probably thought him foolish and headstrong for trusting a human.

In the spring, when the banyan tree was full of small red figs, birds of all kinds would flock into its branches: the red-bottomed bulbul, cheerful and greedy; parrots, myna and crows squabbling with one another. During the fig season, the banyan tree was the noisiest place in the garden.

Halfway up the tree I had built a crude platform where I would spend the afternoons when it was not too hot. I could read there propping myself up against the tree with a cushion from the living room. Treasure Island, Huckleberry Finn and The Story of Dr Dolittle were some of the books that made up my banyan tree library.

When I did not feel like reading, I could look down through the leaves at the world below. And on one particular afternoon I had a grandstand view of that classic of the Indian wilds, a fight between a mongoose and a cobra.

The warm breezes of approaching summer had sent everyone, including the gardener, into the house. I was feeling drowsy myself, wondering if I should go to the pond and have a swim with Ramu and the buffaloes, when I saw a huge black cobra gliding out of a clump of cactus. At the same time a mongoose emerged from the bushes and went straight for the cobra.

In a clearing beneath the banyan tree, in bright sunshine, they came face to face. The cobra knew only too well that the grey mongoose, three feet long, was a superb fighter, clever and aggressive. But the cobra, too, was a skilful and experienced fighter. He could move swiftly and strike with the speed of light; and the sacs behind his long sharp fangs were full of deadly poison. It was to be a battle of champions.

Hissing defiance, his forked tongue darting in and out, the cobra raised three of his six feet off the ground, and spread his broad, spectacled hood. The mongoose bushed his tail. The long hair on his spine stood up.

Though the combatants were unaware of my presence in the tree, they were soon made aware of the arrival of two other spectators. One was a myna, the other a jungle crow. They had seen these preparations for battle, and had settled on the cactus to watch the outcome. Had they been content only to watch, all would have been well with both of them.

The cobra stood on the defensive, swaying slowly from side to side, trying to mesmerise the mongoose into making a false move. But the mongoose knew the power of his opponent's glassy, unwinking eyes, and refused to meet them. Instead he fixed his gaze at a point just below the cobra's hood, and opened the attack.

Moving forward quickly until he was just within the cobra's reach, the mongoose made a pretended move to one side. Immediately the cobra struck. His great hood came down so swiftly that I thought nothing could save the mongoose. But the little fellow jumped neatly to one side, and darted in as swiftly as the cobra, biting the snake on the back and darting away again out of reach.

At the same moment that the cobra struck, the crow and the myna hurled themselves at him, only to collide heavily in mid-air. Shrieking insults at each other they returned to the cactus plant. A few drops of blood glistened on the cobra's back.

The cobra struck and missed. Again the mongoose sprang aside, jumped in and bit. Again the birds dived at the snake, bumped into each other instead, and returned shrieking to the safety of the cactus.

The third round followed the same course as the first but with one dramatic difference. The crow and the myna, still determined to take part in the proceedings, dived at the cobra; but this time they missed each other as well as their mark. The myna flew on and reached its perch, but the crow tried to pull up in mid-air and turn back. In the second that it took the bird to do this the cobra whipped his head back and struck with great force, his snout thudding against the crow's body.

I saw the bird flung nearly twenty feet across the garden. It fluttered about for a while, then lay still. The myna remained on the cactus plant, and when the snake and the mongoose returned to the fight, very wisely decided not to interfere again! The cobra was weakening, and the mongoose, walking fearlessly up to it, raised himself on his short legs and with a lightning snap had the big snake by the snout. The cobra writhed and lashed about in a frightening manner, and even coiled itself about the mongoose, but to no avail. The little fellow hung grimly on, until the snake had ceased to struggle. He then smelt along its quivering length, gripped it round the hood, and dragged it into the bushes.

The myna dropped cautiously to the ground, hopped about, peered into the bushes from a safe distance, and then, with a shrill cry of congratulation, flew away.","Find five words in the following paragraph, which are generally associated
with trees. But here, they have been used differently. Underline the words.","Hari leaves for work at nine every morning. He works in the local branch of
the firm of which his uncle is the owner. Hari’s success is really the fruit of his own
labor. He is happy, but he has a small problem. The root cause of his problem is a
stray dog near his office. The dog welcomes Hari with a loud bark every day."
"## A Tale of Two Birds

There once lived a bird and her two new-born babies in a forest. They had a nest in a tall, shady tree and there the mother bird took care of her little ones day and night.

One day, there was a big storm. There was thunder, lightning and rain, and the wind blew down many trees. The tall tree in which the birds lived also came down. A big, heavy branch hit the nest and killed the bird. Fortunately for the baby birds, the strong wind blew them away to the other side of the forest. One of them came down near a cave where a gang of robbers lived. The other landed outside a rishi's ashram a little distance away.

Days passed and the baby birds became big birds. One day, the king of the country came to the forest to hunt. He saw a deer and rode after it. It ran deep into the forest followed by the king. Soon the king lost his way and didn't know where he was.

He rode on for a long time till he came to the other side of the forest. Very tired by now, he got off his horse and sat down under a tree that stood near a cave. Suddenly he heard a voice cry out, ""Quick! Hurry up! There's someone under the tree. Come and take his jewels and his horse. Hurry, or else he'll slip away."" The king was amazed. He looked up and saw a big, brown bird on the tree under which he was sitting. He also heard faint noises issuing from the cave. He quickly got on to his horse and rode away as fast as he could.

Soon, he came to a clearing which looked like an ashram. It was the rishi's ashram. The king tied his horse to a tree and sat down in its shade. Suddenly he heard a gentle voice announce, ""Welcome to the ashram, Sir. Please go inside and rest. The rishi will be back soon. There's some cold water in the pot. Please make yourself comfortable."" The king looked up and saw a big, brown bird in the tree. He was amazed. 'This one looks like the other bird outside the cave,' he said to himself aloud.

""You are right, Sir,"" answered the bird. ""He is my brother but he has made friends with robbers. He now talks as they do. He doesn't talk to me any more."" Just then the rishi entered the ashram.

""Welcome, Sir,"" he said to the king. ""Please come inside and make yourself at home. You look tired. Rest for a while. Then you can share my food.""

The king told the rishi the story of the two birds and how each had behaved so differently though they looked so alike. ""The forest is full of surprises,"" he said.

The holy man smiled and said, ""After all, one is known by the company one keeps. That bird has always heard the talk of robbers. He imitates them and talks about robbing people. This one has repeated what he has always heard. He welcomes people to the ashram. Now, come inside and rest. I'll tell you more about this place and these birds.""
",How did the two baby birds get separated?,"The two baby birds lived with their mother in a nest in a tall and shady tree. One day, there was a big storm with
thunder, lightning and rain. A big, heavy branch hit the nest and killed the mother bird. The strong wind blew the two
baby birds away to the other side of the forest and separated them from each other."
"## A Tale of Two Birds

There once lived a bird and her two new-born babies in a forest. They had a nest in a tall, shady tree and there the mother bird took care of her little ones day and night.

One day, there was a big storm. There was thunder, lightning and rain, and the wind blew down many trees. The tall tree in which the birds lived also came down. A big, heavy branch hit the nest and killed the bird. Fortunately for the baby birds, the strong wind blew them away to the other side of the forest. One of them came down near a cave where a gang of robbers lived. The other landed outside a rishi's ashram a little distance away.

Days passed and the baby birds became big birds. One day, the king of the country came to the forest to hunt. He saw a deer and rode after it. It ran deep into the forest followed by the king. Soon the king lost his way and didn't know where he was.

He rode on for a long time till he came to the other side of the forest. Very tired by now, he got off his horse and sat down under a tree that stood near a cave. Suddenly he heard a voice cry out, ""Quick! Hurry up! There's someone under the tree. Come and take his jewels and his horse. Hurry, or else he'll slip away."" The king was amazed. He looked up and saw a big, brown bird on the tree under which he was sitting. He also heard faint noises issuing from the cave. He quickly got on to his horse and rode away as fast as he could.

Soon, he came to a clearing which looked like an ashram. It was the rishi's ashram. The king tied his horse to a tree and sat down in its shade. Suddenly he heard a gentle voice announce, ""Welcome to the ashram, Sir. Please go inside and rest. The rishi will be back soon. There's some cold water in the pot. Please make yourself comfortable."" The king looked up and saw a big, brown bird in the tree. He was amazed. 'This one looks like the other bird outside the cave,' he said to himself aloud.

""You are right, Sir,"" answered the bird. ""He is my brother but he has made friends with robbers. He now talks as they do. He doesn't talk to me any more."" Just then the rishi entered the ashram.

""Welcome, Sir,"" he said to the king. ""Please come inside and make yourself at home. You look tired. Rest for a while. Then you can share my food.""

The king told the rishi the story of the two birds and how each had behaved so differently though they looked so alike. ""The forest is full of surprises,"" he said.

The holy man smiled and said, ""After all, one is known by the company one keeps. That bird has always heard the talk of robbers. He imitates them and talks about robbing people. This one has repeated what he has always heard. He welcomes people to the ashram. Now, come inside and rest. I'll tell you more about this place and these birds.""
",Where did each of them find a home?,"One of the baby birds came down near a cave where a gang of robbers lived. The other baby bird landed outside a
rishi’s ashram a little distance away. Thus, they found two different homes."
"## A Tale of Two Birds

There once lived a bird and her two new-born babies in a forest. They had a nest in a tall, shady tree and there the mother bird took care of her little ones day and night.

One day, there was a big storm. There was thunder, lightning and rain, and the wind blew down many trees. The tall tree in which the birds lived also came down. A big, heavy branch hit the nest and killed the bird. Fortunately for the baby birds, the strong wind blew them away to the other side of the forest. One of them came down near a cave where a gang of robbers lived. The other landed outside a rishi's ashram a little distance away.

Days passed and the baby birds became big birds. One day, the king of the country came to the forest to hunt. He saw a deer and rode after it. It ran deep into the forest followed by the king. Soon the king lost his way and didn't know where he was.

He rode on for a long time till he came to the other side of the forest. Very tired by now, he got off his horse and sat down under a tree that stood near a cave. Suddenly he heard a voice cry out, ""Quick! Hurry up! There's someone under the tree. Come and take his jewels and his horse. Hurry, or else he'll slip away."" The king was amazed. He looked up and saw a big, brown bird on the tree under which he was sitting. He also heard faint noises issuing from the cave. He quickly got on to his horse and rode away as fast as he could.

Soon, he came to a clearing which looked like an ashram. It was the rishi's ashram. The king tied his horse to a tree and sat down in its shade. Suddenly he heard a gentle voice announce, ""Welcome to the ashram, Sir. Please go inside and rest. The rishi will be back soon. There's some cold water in the pot. Please make yourself comfortable."" The king looked up and saw a big, brown bird in the tree. He was amazed. 'This one looks like the other bird outside the cave,' he said to himself aloud.

""You are right, Sir,"" answered the bird. ""He is my brother but he has made friends with robbers. He now talks as they do. He doesn't talk to me any more."" Just then the rishi entered the ashram.

""Welcome, Sir,"" he said to the king. ""Please come inside and make yourself at home. You look tired. Rest for a while. Then you can share my food.""

The king told the rishi the story of the two birds and how each had behaved so differently though they looked so alike. ""The forest is full of surprises,"" he said.

The holy man smiled and said, ""After all, one is known by the company one keeps. That bird has always heard the talk of robbers. He imitates them and talks about robbing people. This one has repeated what he has always heard. He welcomes people to the ashram. Now, come inside and rest. I'll tell you more about this place and these birds.""
",What did the first bird say to the stranger?,"The first bird saw the stranger, i.e., the King. He called the robbers to come quickly and rob the King of his jewels and
his horse. The bird had indirectly warned the stranger of the consequences of sitting near the cave."
"## A Tale of Two Birds

There once lived a bird and her two new-born babies in a forest. They had a nest in a tall, shady tree and there the mother bird took care of her little ones day and night.

One day, there was a big storm. There was thunder, lightning and rain, and the wind blew down many trees. The tall tree in which the birds lived also came down. A big, heavy branch hit the nest and killed the bird. Fortunately for the baby birds, the strong wind blew them away to the other side of the forest. One of them came down near a cave where a gang of robbers lived. The other landed outside a rishi's ashram a little distance away.

Days passed and the baby birds became big birds. One day, the king of the country came to the forest to hunt. He saw a deer and rode after it. It ran deep into the forest followed by the king. Soon the king lost his way and didn't know where he was.

He rode on for a long time till he came to the other side of the forest. Very tired by now, he got off his horse and sat down under a tree that stood near a cave. Suddenly he heard a voice cry out, ""Quick! Hurry up! There's someone under the tree. Come and take his jewels and his horse. Hurry, or else he'll slip away."" The king was amazed. He looked up and saw a big, brown bird on the tree under which he was sitting. He also heard faint noises issuing from the cave. He quickly got on to his horse and rode away as fast as he could.

Soon, he came to a clearing which looked like an ashram. It was the rishi's ashram. The king tied his horse to a tree and sat down in its shade. Suddenly he heard a gentle voice announce, ""Welcome to the ashram, Sir. Please go inside and rest. The rishi will be back soon. There's some cold water in the pot. Please make yourself comfortable."" The king looked up and saw a big, brown bird in the tree. He was amazed. 'This one looks like the other bird outside the cave,' he said to himself aloud.

""You are right, Sir,"" answered the bird. ""He is my brother but he has made friends with robbers. He now talks as they do. He doesn't talk to me any more."" Just then the rishi entered the ashram.

""Welcome, Sir,"" he said to the king. ""Please come inside and make yourself at home. You look tired. Rest for a while. Then you can share my food.""

The king told the rishi the story of the two birds and how each had behaved so differently though they looked so alike. ""The forest is full of surprises,"" he said.

The holy man smiled and said, ""After all, one is known by the company one keeps. That bird has always heard the talk of robbers. He imitates them and talks about robbing people. This one has repeated what he has always heard. He welcomes people to the ashram. Now, come inside and rest. I'll tell you more about this place and these birds.""
",What did the second bird say to him?,"The second bird welcomed the King to the ashram. He requested the stranger to go inside the ashram, take some rest
and make himself comfortable. He further added that the first bird was his brother, who had made friends with robbers,
so he talked like them."
"## A Tale of Two Birds

There once lived a bird and her two new-born babies in a forest. They had a nest in a tall, shady tree and there the mother bird took care of her little ones day and night.

One day, there was a big storm. There was thunder, lightning and rain, and the wind blew down many trees. The tall tree in which the birds lived also came down. A big, heavy branch hit the nest and killed the bird. Fortunately for the baby birds, the strong wind blew them away to the other side of the forest. One of them came down near a cave where a gang of robbers lived. The other landed outside a rishi's ashram a little distance away.

Days passed and the baby birds became big birds. One day, the king of the country came to the forest to hunt. He saw a deer and rode after it. It ran deep into the forest followed by the king. Soon the king lost his way and didn't know where he was.

He rode on for a long time till he came to the other side of the forest. Very tired by now, he got off his horse and sat down under a tree that stood near a cave. Suddenly he heard a voice cry out, ""Quick! Hurry up! There's someone under the tree. Come and take his jewels and his horse. Hurry, or else he'll slip away."" The king was amazed. He looked up and saw a big, brown bird on the tree under which he was sitting. He also heard faint noises issuing from the cave. He quickly got on to his horse and rode away as fast as he could.

Soon, he came to a clearing which looked like an ashram. It was the rishi's ashram. The king tied his horse to a tree and sat down in its shade. Suddenly he heard a gentle voice announce, ""Welcome to the ashram, Sir. Please go inside and rest. The rishi will be back soon. There's some cold water in the pot. Please make yourself comfortable."" The king looked up and saw a big, brown bird in the tree. He was amazed. 'This one looks like the other bird outside the cave,' he said to himself aloud.

""You are right, Sir,"" answered the bird. ""He is my brother but he has made friends with robbers. He now talks as they do. He doesn't talk to me any more."" Just then the rishi entered the ashram.

""Welcome, Sir,"" he said to the king. ""Please come inside and make yourself at home. You look tired. Rest for a while. Then you can share my food.""

The king told the rishi the story of the two birds and how each had behaved so differently though they looked so alike. ""The forest is full of surprises,"" he said.

The holy man smiled and said, ""After all, one is known by the company one keeps. That bird has always heard the talk of robbers. He imitates them and talks about robbing people. This one has repeated what he has always heard. He welcomes people to the ashram. Now, come inside and rest. I'll tell you more about this place and these birds.""
",How did the rishi explain the different ways in which the birds behaved?,"The king was surprised about the difference in behaviour between the two birds. The rishi explained that the first bird
imitated the same words that he heard from the robbers, whereas the second bird repeated the words that he had always
heard at the ashram. This implies that the difference in ways of behaviour between the two birds was the result of the
company in which they lived."
"## The Friendly Mongoose

Once a farmer and his wife lived in a village with their small son. They loved him very much. ""We must have a pet,"" the farmer said to his wife one day. ""When our son grows up, he will need a companion. This pet will be our son's companion."" His wife liked the idea.  

One evening, the farmer brought with him a tiny mongoose. ""It's a baby mongoose,"" said his wife, ""but will soon be fully grown. He will be a friend to our son.""  

Both the baby and the mongoose grew. In five or six months the mongoose had grown to its full size - a lovely animal with two shining black eyes and a bushy tail. The farmer's son was still a baby in the cradle, sleeping and crying alternately.  

One day, the farmer's wife wanted to go to the market. She fed the baby and rocked him to sleep in his little cradle. Picking up the basket, she said to her husband, ""I'm off to the bazar. The baby is sleeping. Keep an eye on him. Frankly, I don't like to leave the child alone with the mongoose.""  
""You needn't be afraid,"" said the farmer. ""The mongoose is a friendly animal. It's as sweet as our baby and they are the best of friends, you know,""  

The wife went away, and the farmer, having nothing to do in the house, decided to go out and take a look at his fields not far away. He ran into some friends on the way back and didn't return for quite some time.  

The farmer's wife finished her shopping and came back home with a basketful of groceries. She saw the mongoose sitting outside as if waiting for her. On seeing her he ran to welcome her, as was customary. The farmer's wife took one look at the mongoose and screamed. ""Blood!"" she cried. The face and paws of the mongoose were smeared with blood.  
""You wicked animal! You have killed my baby,"" she screamed hysterically. She was blind with rage and with all her strength brought down the heavy basket full of groceries on the blood-smeared mongoose and ran inside to the child's cradle.  

The baby was fast asleep. But on the floor lay a black snake torn and bleeding. In a flash she realised what had happened. She ran out looking for the mongoose.  
""Oh! You saved my child! You killed the snake! What have I done?"" she cried touching the mongoose, who lay dead and still, unaware of her sobbing. The farmer's wife, who had acted hastily and rashly, stared long at the dead mongoose. Then she heard the baby crying. Wiping her tears, she went in to feed him.  ",Why did the farmer bring a baby mongoose into the house?,"The farmer and his wife had a baby. They wanted him to have a companion to play with. So, the farmer
brought a baby mongoose into the house."
"## The Friendly Mongoose

Once a farmer and his wife lived in a village with their small son. They loved him very much. ""We must have a pet,"" the farmer said to his wife one day. ""When our son grows up, he will need a companion. This pet will be our son's companion."" His wife liked the idea.  

One evening, the farmer brought with him a tiny mongoose. ""It's a baby mongoose,"" said his wife, ""but will soon be fully grown. He will be a friend to our son.""  

Both the baby and the mongoose grew. In five or six months the mongoose had grown to its full size - a lovely animal with two shining black eyes and a bushy tail. The farmer's son was still a baby in the cradle, sleeping and crying alternately.  

One day, the farmer's wife wanted to go to the market. She fed the baby and rocked him to sleep in his little cradle. Picking up the basket, she said to her husband, ""I'm off to the bazar. The baby is sleeping. Keep an eye on him. Frankly, I don't like to leave the child alone with the mongoose.""  
""You needn't be afraid,"" said the farmer. ""The mongoose is a friendly animal. It's as sweet as our baby and they are the best of friends, you know,""  

The wife went away, and the farmer, having nothing to do in the house, decided to go out and take a look at his fields not far away. He ran into some friends on the way back and didn't return for quite some time.  

The farmer's wife finished her shopping and came back home with a basketful of groceries. She saw the mongoose sitting outside as if waiting for her. On seeing her he ran to welcome her, as was customary. The farmer's wife took one look at the mongoose and screamed. ""Blood!"" she cried. The face and paws of the mongoose were smeared with blood.  
""You wicked animal! You have killed my baby,"" she screamed hysterically. She was blind with rage and with all her strength brought down the heavy basket full of groceries on the blood-smeared mongoose and ran inside to the child's cradle.  

The baby was fast asleep. But on the floor lay a black snake torn and bleeding. In a flash she realised what had happened. She ran out looking for the mongoose.  
""Oh! You saved my child! You killed the snake! What have I done?"" she cried touching the mongoose, who lay dead and still, unaware of her sobbing. The farmer's wife, who had acted hastily and rashly, stared long at the dead mongoose. Then she heard the baby crying. Wiping her tears, she went in to feed him.  ",Why didn’t the farmer’s wife want to leave the baby alone with the mongoose?,"The farmer’s wife did not want to leave the baby alone with the mongoose because she was scared that the
mongoose might harm her child."
"## The Friendly Mongoose

Once a farmer and his wife lived in a village with their small son. They loved him very much. ""We must have a pet,"" the farmer said to his wife one day. ""When our son grows up, he will need a companion. This pet will be our son's companion."" His wife liked the idea.  

One evening, the farmer brought with him a tiny mongoose. ""It's a baby mongoose,"" said his wife, ""but will soon be fully grown. He will be a friend to our son.""  

Both the baby and the mongoose grew. In five or six months the mongoose had grown to its full size - a lovely animal with two shining black eyes and a bushy tail. The farmer's son was still a baby in the cradle, sleeping and crying alternately.  

One day, the farmer's wife wanted to go to the market. She fed the baby and rocked him to sleep in his little cradle. Picking up the basket, she said to her husband, ""I'm off to the bazar. The baby is sleeping. Keep an eye on him. Frankly, I don't like to leave the child alone with the mongoose.""  
""You needn't be afraid,"" said the farmer. ""The mongoose is a friendly animal. It's as sweet as our baby and they are the best of friends, you know,""  

The wife went away, and the farmer, having nothing to do in the house, decided to go out and take a look at his fields not far away. He ran into some friends on the way back and didn't return for quite some time.  

The farmer's wife finished her shopping and came back home with a basketful of groceries. She saw the mongoose sitting outside as if waiting for her. On seeing her he ran to welcome her, as was customary. The farmer's wife took one look at the mongoose and screamed. ""Blood!"" she cried. The face and paws of the mongoose were smeared with blood.  
""You wicked animal! You have killed my baby,"" she screamed hysterically. She was blind with rage and with all her strength brought down the heavy basket full of groceries on the blood-smeared mongoose and ran inside to the child's cradle.  

The baby was fast asleep. But on the floor lay a black snake torn and bleeding. In a flash she realised what had happened. She ran out looking for the mongoose.  
""Oh! You saved my child! You killed the snake! What have I done?"" she cried touching the mongoose, who lay dead and still, unaware of her sobbing. The farmer's wife, who had acted hastily and rashly, stared long at the dead mongoose. Then she heard the baby crying. Wiping her tears, she went in to feed him.  ",What was the farmer’s comment on his wife’s fears?,"The farmer assured his wife that the mongoose was a friendly animal and it wouldn’t hurt their baby. The
farmer also said that the mongoose was as sweet as their baby, and they were best friends."
"## The Friendly Mongoose

Once a farmer and his wife lived in a village with their small son. They loved him very much. ""We must have a pet,"" the farmer said to his wife one day. ""When our son grows up, he will need a companion. This pet will be our son's companion."" His wife liked the idea.  

One evening, the farmer brought with him a tiny mongoose. ""It's a baby mongoose,"" said his wife, ""but will soon be fully grown. He will be a friend to our son.""  

Both the baby and the mongoose grew. In five or six months the mongoose had grown to its full size - a lovely animal with two shining black eyes and a bushy tail. The farmer's son was still a baby in the cradle, sleeping and crying alternately.  

One day, the farmer's wife wanted to go to the market. She fed the baby and rocked him to sleep in his little cradle. Picking up the basket, she said to her husband, ""I'm off to the bazar. The baby is sleeping. Keep an eye on him. Frankly, I don't like to leave the child alone with the mongoose.""  
""You needn't be afraid,"" said the farmer. ""The mongoose is a friendly animal. It's as sweet as our baby and they are the best of friends, you know,""  

The wife went away, and the farmer, having nothing to do in the house, decided to go out and take a look at his fields not far away. He ran into some friends on the way back and didn't return for quite some time.  

The farmer's wife finished her shopping and came back home with a basketful of groceries. She saw the mongoose sitting outside as if waiting for her. On seeing her he ran to welcome her, as was customary. The farmer's wife took one look at the mongoose and screamed. ""Blood!"" she cried. The face and paws of the mongoose were smeared with blood.  
""You wicked animal! You have killed my baby,"" she screamed hysterically. She was blind with rage and with all her strength brought down the heavy basket full of groceries on the blood-smeared mongoose and ran inside to the child's cradle.  

The baby was fast asleep. But on the floor lay a black snake torn and bleeding. In a flash she realised what had happened. She ran out looking for the mongoose.  
""Oh! You saved my child! You killed the snake! What have I done?"" she cried touching the mongoose, who lay dead and still, unaware of her sobbing. The farmer's wife, who had acted hastily and rashly, stared long at the dead mongoose. Then she heard the baby crying. Wiping her tears, she went in to feed him.  ",Why did the farmer’s wife strike the mongoose with her basket?,"When the farmer’s wife reached home with her basket, she saw the mongoose at the door with his face and
paws covered with blood. She thought that the mongoose had killed her baby. In anger, she hit the mongoose with her heavy basket."
"## The Friendly Mongoose

Once a farmer and his wife lived in a village with their small son. They loved him very much. ""We must have a pet,"" the farmer said to his wife one day. ""When our son grows up, he will need a companion. This pet will be our son's companion."" His wife liked the idea.  

One evening, the farmer brought with him a tiny mongoose. ""It's a baby mongoose,"" said his wife, ""but will soon be fully grown. He will be a friend to our son.""  

Both the baby and the mongoose grew. In five or six months the mongoose had grown to its full size - a lovely animal with two shining black eyes and a bushy tail. The farmer's son was still a baby in the cradle, sleeping and crying alternately.  

One day, the farmer's wife wanted to go to the market. She fed the baby and rocked him to sleep in his little cradle. Picking up the basket, she said to her husband, ""I'm off to the bazar. The baby is sleeping. Keep an eye on him. Frankly, I don't like to leave the child alone with the mongoose.""  
""You needn't be afraid,"" said the farmer. ""The mongoose is a friendly animal. It's as sweet as our baby and they are the best of friends, you know,""  

The wife went away, and the farmer, having nothing to do in the house, decided to go out and take a look at his fields not far away. He ran into some friends on the way back and didn't return for quite some time.  

The farmer's wife finished her shopping and came back home with a basketful of groceries. She saw the mongoose sitting outside as if waiting for her. On seeing her he ran to welcome her, as was customary. The farmer's wife took one look at the mongoose and screamed. ""Blood!"" she cried. The face and paws of the mongoose were smeared with blood.  
""You wicked animal! You have killed my baby,"" she screamed hysterically. She was blind with rage and with all her strength brought down the heavy basket full of groceries on the blood-smeared mongoose and ran inside to the child's cradle.  

The baby was fast asleep. But on the floor lay a black snake torn and bleeding. In a flash she realised what had happened. She ran out looking for the mongoose.  
""Oh! You saved my child! You killed the snake! What have I done?"" she cried touching the mongoose, who lay dead and still, unaware of her sobbing. The farmer's wife, who had acted hastily and rashly, stared long at the dead mongoose. Then she heard the baby crying. Wiping her tears, she went in to feed him.  ",. Did she repent her hasty action? How does she show her repentance?,"Yes, she repented her hasty action when she realized that the mongoose had actually saved her son from a
snake. She ran out looking for the mongoose, but it was already dead. She sobbed and felt extremely sorry for her hasty
action."
"## The Shepherd's Treasure

A poor shepherd once lived in Iran. Though uneducated, he was very wise and helpful. The king decided to meet him in disguise.

In a village in Iran there once lived a shepherd. He was very poor. He did not have even a small cottage of his own. He had never been to school or learnt to read and write, for there were very few schools in those days.

Though poor and uneducated, this shepherd was very wise. He understood people's sorrows and troubles, and helped them face their problems with courage and common sense. Many people came to him for advice. Soon he became famous for his wisdom and friendly nature. The king of that country heard about him, and thought of meeting him.

Disguised as a shepherd and riding on a mule, one day the king came to the cave where the wise shepherd lived. As soon as the shepherd saw the traveller coming towards the cave, he rose to welcome him. He took the tired traveller inside the cave, gave him water to drink and a share of his own meagre meal. The king rested for the night in the cave and was greatly impressed by the shepherd's hospitality and wise conversation.

Though still tired, the king decided to depart the next morning. He said, ""Many thanks for your kindness to a poor traveller. I have a long way to go. Permit me to leave.""

Looking straight into the eyes of his guest, the shepherd replied, ""Thank you, Your Majesty, for paying me the compliment of a visit.""

The king was astonished as well as pleased. 'He is indeed very wise,' he thought to himself. 'I need people like him to work for me.' And the king appointed this humble shepherd the governor of a small district.

Although he rose to power and dignity, the shepherd remained as humble as ever. People loved and honoured him for his wisdom, sympathy and goodness. He was kind and just to one and all. His fame as a fair and wise governor soon spread throughout the country.

Now the governors of other provinces grew terribly jealous of him and began to talk to the king against him. They said, ""He is very dishonest, and keeps for himself part of the money that he collects as tax from the people."" Why did he always carry with him, they added, an iron chest? Perhaps he carried in it the treasure that he had secretly collected. After all, they said mockingly, he was an ordinary shepherd and could behave no better.

At first the king did not pay attention to these reports, but how long could he ignore these governors and their endless stories about the shepherd? One thing was certain, the king discovered. The new governor did carry an iron chest with him all the time.

So, one day, the new governor was summoned to the palace. He came riding on his camel, and to everyone's delight, the famous iron chest was there fastened securely behind him on the camel's back.

Now the king was angry. He thundered, ""Why do you always carry that iron chest with you? What does it contain?""

The governor smiled. He asked his servant to bring in the chest. How eagerly the people standing around waited for the shepherd to be found out! But how great was their astonishment, and even of the king himself, when the chest was opened! No gold or silver or jewels but an old blanket was all that came out. Holding it up proudly, the shepherd said, ""This, my dear master, is my only treasure. I always carry it with me.""

""But why do you carry such an ordinary blanket with you? Surely, you are the governor of a district?"" the king asked. To which the shepherd replied with quiet dignity, ""This blanket is my oldest friend. It will still protect me if, at any time, Your Majesty should wish to take away my new cloaks.""

How pleased the king was, and how embarrassed the jealous governors became to hear the wise man's reply! Now they knew that the shepherd was indeed the humblest and the wisest man in the land. The king made him the governor of a much bigger district that very day.","The shepherd hadn’t been to school because
(i) he was very poor.
(ii) there were very few schools in those days.
(iii) he wasn’t interested in studies.
Choose the right answer.",(ii) there were very few schools in those days.
"## The Shepherd's Treasure

A poor shepherd once lived in Iran. Though uneducated, he was very wise and helpful. The king decided to meet him in disguise.

In a village in Iran there once lived a shepherd. He was very poor. He did not have even a small cottage of his own. He had never been to school or learnt to read and write, for there were very few schools in those days.

Though poor and uneducated, this shepherd was very wise. He understood people's sorrows and troubles, and helped them face their problems with courage and common sense. Many people came to him for advice. Soon he became famous for his wisdom and friendly nature. The king of that country heard about him, and thought of meeting him.

Disguised as a shepherd and riding on a mule, one day the king came to the cave where the wise shepherd lived. As soon as the shepherd saw the traveller coming towards the cave, he rose to welcome him. He took the tired traveller inside the cave, gave him water to drink and a share of his own meagre meal. The king rested for the night in the cave and was greatly impressed by the shepherd's hospitality and wise conversation.

Though still tired, the king decided to depart the next morning. He said, ""Many thanks for your kindness to a poor traveller. I have a long way to go. Permit me to leave.""

Looking straight into the eyes of his guest, the shepherd replied, ""Thank you, Your Majesty, for paying me the compliment of a visit.""

The king was astonished as well as pleased. 'He is indeed very wise,' he thought to himself. 'I need people like him to work for me.' And the king appointed this humble shepherd the governor of a small district.

Although he rose to power and dignity, the shepherd remained as humble as ever. People loved and honoured him for his wisdom, sympathy and goodness. He was kind and just to one and all. His fame as a fair and wise governor soon spread throughout the country.

Now the governors of other provinces grew terribly jealous of him and began to talk to the king against him. They said, ""He is very dishonest, and keeps for himself part of the money that he collects as tax from the people."" Why did he always carry with him, they added, an iron chest? Perhaps he carried in it the treasure that he had secretly collected. After all, they said mockingly, he was an ordinary shepherd and could behave no better.

At first the king did not pay attention to these reports, but how long could he ignore these governors and their endless stories about the shepherd? One thing was certain, the king discovered. The new governor did carry an iron chest with him all the time.

So, one day, the new governor was summoned to the palace. He came riding on his camel, and to everyone's delight, the famous iron chest was there fastened securely behind him on the camel's back.

Now the king was angry. He thundered, ""Why do you always carry that iron chest with you? What does it contain?""

The governor smiled. He asked his servant to bring in the chest. How eagerly the people standing around waited for the shepherd to be found out! But how great was their astonishment, and even of the king himself, when the chest was opened! No gold or silver or jewels but an old blanket was all that came out. Holding it up proudly, the shepherd said, ""This, my dear master, is my only treasure. I always carry it with me.""

""But why do you carry such an ordinary blanket with you? Surely, you are the governor of a district?"" the king asked. To which the shepherd replied with quiet dignity, ""This blanket is my oldest friend. It will still protect me if, at any time, Your Majesty should wish to take away my new cloaks.""

How pleased the king was, and how embarrassed the jealous governors became to hear the wise man's reply! Now they knew that the shepherd was indeed the humblest and the wisest man in the land. The king made him the governor of a much bigger district that very day.","Who visited the shepherd one day, and why?","The king of Iran had come to visit the wise shepherd when he heard about his wisdom and friendly nature. The king
disguised himself as a shepherd and, riding on a mule, came to visit the humble shepherd."
"## The Shepherd's Treasure

A poor shepherd once lived in Iran. Though uneducated, he was very wise and helpful. The king decided to meet him in disguise.

In a village in Iran there once lived a shepherd. He was very poor. He did not have even a small cottage of his own. He had never been to school or learnt to read and write, for there were very few schools in those days.

Though poor and uneducated, this shepherd was very wise. He understood people's sorrows and troubles, and helped them face their problems with courage and common sense. Many people came to him for advice. Soon he became famous for his wisdom and friendly nature. The king of that country heard about him, and thought of meeting him.

Disguised as a shepherd and riding on a mule, one day the king came to the cave where the wise shepherd lived. As soon as the shepherd saw the traveller coming towards the cave, he rose to welcome him. He took the tired traveller inside the cave, gave him water to drink and a share of his own meagre meal. The king rested for the night in the cave and was greatly impressed by the shepherd's hospitality and wise conversation.

Though still tired, the king decided to depart the next morning. He said, ""Many thanks for your kindness to a poor traveller. I have a long way to go. Permit me to leave.""

Looking straight into the eyes of his guest, the shepherd replied, ""Thank you, Your Majesty, for paying me the compliment of a visit.""

The king was astonished as well as pleased. 'He is indeed very wise,' he thought to himself. 'I need people like him to work for me.' And the king appointed this humble shepherd the governor of a small district.

Although he rose to power and dignity, the shepherd remained as humble as ever. People loved and honoured him for his wisdom, sympathy and goodness. He was kind and just to one and all. His fame as a fair and wise governor soon spread throughout the country.

Now the governors of other provinces grew terribly jealous of him and began to talk to the king against him. They said, ""He is very dishonest, and keeps for himself part of the money that he collects as tax from the people."" Why did he always carry with him, they added, an iron chest? Perhaps he carried in it the treasure that he had secretly collected. After all, they said mockingly, he was an ordinary shepherd and could behave no better.

At first the king did not pay attention to these reports, but how long could he ignore these governors and their endless stories about the shepherd? One thing was certain, the king discovered. The new governor did carry an iron chest with him all the time.

So, one day, the new governor was summoned to the palace. He came riding on his camel, and to everyone's delight, the famous iron chest was there fastened securely behind him on the camel's back.

Now the king was angry. He thundered, ""Why do you always carry that iron chest with you? What does it contain?""

The governor smiled. He asked his servant to bring in the chest. How eagerly the people standing around waited for the shepherd to be found out! But how great was their astonishment, and even of the king himself, when the chest was opened! No gold or silver or jewels but an old blanket was all that came out. Holding it up proudly, the shepherd said, ""This, my dear master, is my only treasure. I always carry it with me.""

""But why do you carry such an ordinary blanket with you? Surely, you are the governor of a district?"" the king asked. To which the shepherd replied with quiet dignity, ""This blanket is my oldest friend. It will still protect me if, at any time, Your Majesty should wish to take away my new cloaks.""

How pleased the king was, and how embarrassed the jealous governors became to hear the wise man's reply! Now they knew that the shepherd was indeed the humblest and the wisest man in the land. The king made him the governor of a much bigger district that very day.",Why did the other governors grow jealous of the shepherd?,"The king was pleased at the wise shepherd’s warm reception and appointed him as the governor of a small district.
People loved and honoured him for his wisdom, sympathy and goodness. His fame spread far and wide throughout the
country. So, the governors of other provinces grew terribly jealous of him and began to talk to the king against him."
"## The Shepherd's Treasure

A poor shepherd once lived in Iran. Though uneducated, he was very wise and helpful. The king decided to meet him in disguise.

In a village in Iran there once lived a shepherd. He was very poor. He did not have even a small cottage of his own. He had never been to school or learnt to read and write, for there were very few schools in those days.

Though poor and uneducated, this shepherd was very wise. He understood people's sorrows and troubles, and helped them face their problems with courage and common sense. Many people came to him for advice. Soon he became famous for his wisdom and friendly nature. The king of that country heard about him, and thought of meeting him.

Disguised as a shepherd and riding on a mule, one day the king came to the cave where the wise shepherd lived. As soon as the shepherd saw the traveller coming towards the cave, he rose to welcome him. He took the tired traveller inside the cave, gave him water to drink and a share of his own meagre meal. The king rested for the night in the cave and was greatly impressed by the shepherd's hospitality and wise conversation.

Though still tired, the king decided to depart the next morning. He said, ""Many thanks for your kindness to a poor traveller. I have a long way to go. Permit me to leave.""

Looking straight into the eyes of his guest, the shepherd replied, ""Thank you, Your Majesty, for paying me the compliment of a visit.""

The king was astonished as well as pleased. 'He is indeed very wise,' he thought to himself. 'I need people like him to work for me.' And the king appointed this humble shepherd the governor of a small district.

Although he rose to power and dignity, the shepherd remained as humble as ever. People loved and honoured him for his wisdom, sympathy and goodness. He was kind and just to one and all. His fame as a fair and wise governor soon spread throughout the country.

Now the governors of other provinces grew terribly jealous of him and began to talk to the king against him. They said, ""He is very dishonest, and keeps for himself part of the money that he collects as tax from the people."" Why did he always carry with him, they added, an iron chest? Perhaps he carried in it the treasure that he had secretly collected. After all, they said mockingly, he was an ordinary shepherd and could behave no better.

At first the king did not pay attention to these reports, but how long could he ignore these governors and their endless stories about the shepherd? One thing was certain, the king discovered. The new governor did carry an iron chest with him all the time.

So, one day, the new governor was summoned to the palace. He came riding on his camel, and to everyone's delight, the famous iron chest was there fastened securely behind him on the camel's back.

Now the king was angry. He thundered, ""Why do you always carry that iron chest with you? What does it contain?""

The governor smiled. He asked his servant to bring in the chest. How eagerly the people standing around waited for the shepherd to be found out! But how great was their astonishment, and even of the king himself, when the chest was opened! No gold or silver or jewels but an old blanket was all that came out. Holding it up proudly, the shepherd said, ""This, my dear master, is my only treasure. I always carry it with me.""

""But why do you carry such an ordinary blanket with you? Surely, you are the governor of a district?"" the king asked. To which the shepherd replied with quiet dignity, ""This blanket is my oldest friend. It will still protect me if, at any time, Your Majesty should wish to take away my new cloaks.""

How pleased the king was, and how embarrassed the jealous governors became to hear the wise man's reply! Now they knew that the shepherd was indeed the humblest and the wisest man in the land. The king made him the governor of a much bigger district that very day.",Why was the new governor called to the palace?,"The governors of other provinces were extremely jealous of the newly appointed governor, who was renowned for his
wisdom, sympathy and goodness. They poisoned the king’s ears against the humble governor and reported that he was
dishonest. They complained that he kept for himself part of the money in an iron chest that he collected as tax from the
people. Hearing all these, finally the king called the new governor to the palace and ordered him to explain why he
always carried an iron chest along with him."
"## The Shepherd's Treasure

A poor shepherd once lived in Iran. Though uneducated, he was very wise and helpful. The king decided to meet him in disguise.

In a village in Iran there once lived a shepherd. He was very poor. He did not have even a small cottage of his own. He had never been to school or learnt to read and write, for there were very few schools in those days.

Though poor and uneducated, this shepherd was very wise. He understood people's sorrows and troubles, and helped them face their problems with courage and common sense. Many people came to him for advice. Soon he became famous for his wisdom and friendly nature. The king of that country heard about him, and thought of meeting him.

Disguised as a shepherd and riding on a mule, one day the king came to the cave where the wise shepherd lived. As soon as the shepherd saw the traveller coming towards the cave, he rose to welcome him. He took the tired traveller inside the cave, gave him water to drink and a share of his own meagre meal. The king rested for the night in the cave and was greatly impressed by the shepherd's hospitality and wise conversation.

Though still tired, the king decided to depart the next morning. He said, ""Many thanks for your kindness to a poor traveller. I have a long way to go. Permit me to leave.""

Looking straight into the eyes of his guest, the shepherd replied, ""Thank you, Your Majesty, for paying me the compliment of a visit.""

The king was astonished as well as pleased. 'He is indeed very wise,' he thought to himself. 'I need people like him to work for me.' And the king appointed this humble shepherd the governor of a small district.

Although he rose to power and dignity, the shepherd remained as humble as ever. People loved and honoured him for his wisdom, sympathy and goodness. He was kind and just to one and all. His fame as a fair and wise governor soon spread throughout the country.

Now the governors of other provinces grew terribly jealous of him and began to talk to the king against him. They said, ""He is very dishonest, and keeps for himself part of the money that he collects as tax from the people."" Why did he always carry with him, they added, an iron chest? Perhaps he carried in it the treasure that he had secretly collected. After all, they said mockingly, he was an ordinary shepherd and could behave no better.

At first the king did not pay attention to these reports, but how long could he ignore these governors and their endless stories about the shepherd? One thing was certain, the king discovered. The new governor did carry an iron chest with him all the time.

So, one day, the new governor was summoned to the palace. He came riding on his camel, and to everyone's delight, the famous iron chest was there fastened securely behind him on the camel's back.

Now the king was angry. He thundered, ""Why do you always carry that iron chest with you? What does it contain?""

The governor smiled. He asked his servant to bring in the chest. How eagerly the people standing around waited for the shepherd to be found out! But how great was their astonishment, and even of the king himself, when the chest was opened! No gold or silver or jewels but an old blanket was all that came out. Holding it up proudly, the shepherd said, ""This, my dear master, is my only treasure. I always carry it with me.""

""But why do you carry such an ordinary blanket with you? Surely, you are the governor of a district?"" the king asked. To which the shepherd replied with quiet dignity, ""This blanket is my oldest friend. It will still protect me if, at any time, Your Majesty should wish to take away my new cloaks.""

How pleased the king was, and how embarrassed the jealous governors became to hear the wise man's reply! Now they knew that the shepherd was indeed the humblest and the wisest man in the land. The king made him the governor of a much bigger district that very day.",Why was everyone delighted to see the iron chest on the camel’s back?,"Everyone in the palace was delighted to see the iron chest on the camel’s back when the new governor arrived because
they thought that the iron chest contained gold, silver and jewels in it. They knew if the king found the treasure inside
the chest, he would dismiss the new governor from his duties and punish him for his bad deeds."
"## The Shepherd's Treasure

A poor shepherd once lived in Iran. Though uneducated, he was very wise and helpful. The king decided to meet him in disguise.

In a village in Iran there once lived a shepherd. He was very poor. He did not have even a small cottage of his own. He had never been to school or learnt to read and write, for there were very few schools in those days.

Though poor and uneducated, this shepherd was very wise. He understood people's sorrows and troubles, and helped them face their problems with courage and common sense. Many people came to him for advice. Soon he became famous for his wisdom and friendly nature. The king of that country heard about him, and thought of meeting him.

Disguised as a shepherd and riding on a mule, one day the king came to the cave where the wise shepherd lived. As soon as the shepherd saw the traveller coming towards the cave, he rose to welcome him. He took the tired traveller inside the cave, gave him water to drink and a share of his own meagre meal. The king rested for the night in the cave and was greatly impressed by the shepherd's hospitality and wise conversation.

Though still tired, the king decided to depart the next morning. He said, ""Many thanks for your kindness to a poor traveller. I have a long way to go. Permit me to leave.""

Looking straight into the eyes of his guest, the shepherd replied, ""Thank you, Your Majesty, for paying me the compliment of a visit.""

The king was astonished as well as pleased. 'He is indeed very wise,' he thought to himself. 'I need people like him to work for me.' And the king appointed this humble shepherd the governor of a small district.

Although he rose to power and dignity, the shepherd remained as humble as ever. People loved and honoured him for his wisdom, sympathy and goodness. He was kind and just to one and all. His fame as a fair and wise governor soon spread throughout the country.

Now the governors of other provinces grew terribly jealous of him and began to talk to the king against him. They said, ""He is very dishonest, and keeps for himself part of the money that he collects as tax from the people."" Why did he always carry with him, they added, an iron chest? Perhaps he carried in it the treasure that he had secretly collected. After all, they said mockingly, he was an ordinary shepherd and could behave no better.

At first the king did not pay attention to these reports, but how long could he ignore these governors and their endless stories about the shepherd? One thing was certain, the king discovered. The new governor did carry an iron chest with him all the time.

So, one day, the new governor was summoned to the palace. He came riding on his camel, and to everyone's delight, the famous iron chest was there fastened securely behind him on the camel's back.

Now the king was angry. He thundered, ""Why do you always carry that iron chest with you? What does it contain?""

The governor smiled. He asked his servant to bring in the chest. How eagerly the people standing around waited for the shepherd to be found out! But how great was their astonishment, and even of the king himself, when the chest was opened! No gold or silver or jewels but an old blanket was all that came out. Holding it up proudly, the shepherd said, ""This, my dear master, is my only treasure. I always carry it with me.""

""But why do you carry such an ordinary blanket with you? Surely, you are the governor of a district?"" the king asked. To which the shepherd replied with quiet dignity, ""This blanket is my oldest friend. It will still protect me if, at any time, Your Majesty should wish to take away my new cloaks.""

How pleased the king was, and how embarrassed the jealous governors became to hear the wise man's reply! Now they knew that the shepherd was indeed the humblest and the wisest man in the land. The king made him the governor of a much bigger district that very day.",How did the king reward the new governor,"The king was extremely pleased with the new governor’s humility, wisdom and honesty. He immediately rewarded the
wise man and promoted him to the position of a governor of a bigger district the same day"
"## The Old-Clock Shop

Christmas Eve had arrived. As last-minute shoppers were going home, a thick, white sheet of snow lay over Salt Lake City, USA. Yet the lights were still burning in the old-clock shop, as Ray, its old, deaf owner, worked on a clock he had sold that day.  

Having finished his work, Ray stood up and was on his way to the back room when a cold rush of air from the front door hit the back of his neck.  

He turned to meet a last-minute shopper, but his old, wise eyes told him that this was not a shopper. He saw two men, one in his twenties, the other closer to fifty. The younger man remained at the door. The older man approached the counter with no sign of friendliness in his eyes. Ray was able to hide his growing fear as he slowly pushed a notepad and a pencil across the counter.  

He smiled at the unfriendly face, then pointed to his ears and shook his head from side to side. A quick look of surprise changed the man's face as he studied the notepad, then turned and said something to his friend.  

Ray used the chance to look closely at the man, paying attention to the shape of a gun and a restless hand in the man's right coat-pocket. Anger boiled within him, but it was kept down by an inner voice that said, ""Be still."" He wrote on the notepad, ""May I help you?"" For the first time the older man looked directly at Ray and smiled. A cruel, mocking smile. They both understood why he was there, why his friend remained at the door. They looked like men who were down on their luck, and were now ready to try something they would later be sorry about.  

The clocks ticked on. Ray calmly wrote another message. ""Have you come to pick up a clock or watch?"" Then he pointed to the 'loan' board filled with hanging clocks and pocket watches. He was not a pawnbroker, but at the same time couldn't say 'No' to the needy people who placed their old watches or clocks before him for anything they could get. He loaned more than he should. They would be there when the owners wanted them back ... at the same price he had paid, with no interest.  

Then the older man seemed to feel a little easier, took out his hand from his pocket and quickly looked at the watch on his wrist. ""How much will you give me for this?"" the man wrote.  

Ray noticed a little shame in the grey eyes looking at him. The watch was nothing special and yet had great powers. It was something to exchange, a way out of a bad situation. Knowing that great need had brought the man to his shop in the first place, Ray asked, ""How much do you need for it?"" The reply came back on the notepad: ""Whatever it's worth.""  

Ray reached into his cash-box, pulled out a fifty-dollar note and passed it into the man's hand. As they shook hands, Ray looked into the man's eyes, they seemed to say, ""Thank you!"" They both knew the watch wasn't worth that much. Before turning to leave, the man wrote, ""I will be back to pick it up as soon as I can. Merry Christmas!""  

The little story ended on the half hour with the clocks striking all together. The timepieces, which had been looking on silently all the while, rang out the time with such feeling that even Ray thought he could hear them. Their sweet, musical message was filled with hope. The timeless message of 'Peace on earth, goodwill towards all' was felt by the three men who stood in the old-clock shop.  ",What made Ray think the visitor was not really a shopper?,"Ray’s old, wise eyes understood that the visitor who arrived at a late hour, was not really a shopper. There was
no friendliness in the visitor’s eyes."
"## The Old-Clock Shop

Christmas Eve had arrived. As last-minute shoppers were going home, a thick, white sheet of snow lay over Salt Lake City, USA. Yet the lights were still burning in the old-clock shop, as Ray, its old, deaf owner, worked on a clock he had sold that day.  

Having finished his work, Ray stood up and was on his way to the back room when a cold rush of air from the front door hit the back of his neck.  

He turned to meet a last-minute shopper, but his old, wise eyes told him that this was not a shopper. He saw two men, one in his twenties, the other closer to fifty. The younger man remained at the door. The older man approached the counter with no sign of friendliness in his eyes. Ray was able to hide his growing fear as he slowly pushed a notepad and a pencil across the counter.  

He smiled at the unfriendly face, then pointed to his ears and shook his head from side to side. A quick look of surprise changed the man's face as he studied the notepad, then turned and said something to his friend.  

Ray used the chance to look closely at the man, paying attention to the shape of a gun and a restless hand in the man's right coat-pocket. Anger boiled within him, but it was kept down by an inner voice that said, ""Be still."" He wrote on the notepad, ""May I help you?"" For the first time the older man looked directly at Ray and smiled. A cruel, mocking smile. They both understood why he was there, why his friend remained at the door. They looked like men who were down on their luck, and were now ready to try something they would later be sorry about.  

The clocks ticked on. Ray calmly wrote another message. ""Have you come to pick up a clock or watch?"" Then he pointed to the 'loan' board filled with hanging clocks and pocket watches. He was not a pawnbroker, but at the same time couldn't say 'No' to the needy people who placed their old watches or clocks before him for anything they could get. He loaned more than he should. They would be there when the owners wanted them back ... at the same price he had paid, with no interest.  

Then the older man seemed to feel a little easier, took out his hand from his pocket and quickly looked at the watch on his wrist. ""How much will you give me for this?"" the man wrote.  

Ray noticed a little shame in the grey eyes looking at him. The watch was nothing special and yet had great powers. It was something to exchange, a way out of a bad situation. Knowing that great need had brought the man to his shop in the first place, Ray asked, ""How much do you need for it?"" The reply came back on the notepad: ""Whatever it's worth.""  

Ray reached into his cash-box, pulled out a fifty-dollar note and passed it into the man's hand. As they shook hands, Ray looked into the man's eyes, they seemed to say, ""Thank you!"" They both knew the watch wasn't worth that much. Before turning to leave, the man wrote, ""I will be back to pick it up as soon as I can. Merry Christmas!""  

The little story ended on the half hour with the clocks striking all together. The timepieces, which had been looking on silently all the while, rang out the time with such feeling that even Ray thought he could hear them. Their sweet, musical message was filled with hope. The timeless message of 'Peace on earth, goodwill towards all' was felt by the three men who stood in the old-clock shop.  ", Why do you think he had come to the shop?,I think he had come to the shop to rob the shop. He was in urgent need of money
"## The Old-Clock Shop

Christmas Eve had arrived. As last-minute shoppers were going home, a thick, white sheet of snow lay over Salt Lake City, USA. Yet the lights were still burning in the old-clock shop, as Ray, its old, deaf owner, worked on a clock he had sold that day.  

Having finished his work, Ray stood up and was on his way to the back room when a cold rush of air from the front door hit the back of his neck.  

He turned to meet a last-minute shopper, but his old, wise eyes told him that this was not a shopper. He saw two men, one in his twenties, the other closer to fifty. The younger man remained at the door. The older man approached the counter with no sign of friendliness in his eyes. Ray was able to hide his growing fear as he slowly pushed a notepad and a pencil across the counter.  

He smiled at the unfriendly face, then pointed to his ears and shook his head from side to side. A quick look of surprise changed the man's face as he studied the notepad, then turned and said something to his friend.  

Ray used the chance to look closely at the man, paying attention to the shape of a gun and a restless hand in the man's right coat-pocket. Anger boiled within him, but it was kept down by an inner voice that said, ""Be still."" He wrote on the notepad, ""May I help you?"" For the first time the older man looked directly at Ray and smiled. A cruel, mocking smile. They both understood why he was there, why his friend remained at the door. They looked like men who were down on their luck, and were now ready to try something they would later be sorry about.  

The clocks ticked on. Ray calmly wrote another message. ""Have you come to pick up a clock or watch?"" Then he pointed to the 'loan' board filled with hanging clocks and pocket watches. He was not a pawnbroker, but at the same time couldn't say 'No' to the needy people who placed their old watches or clocks before him for anything they could get. He loaned more than he should. They would be there when the owners wanted them back ... at the same price he had paid, with no interest.  

Then the older man seemed to feel a little easier, took out his hand from his pocket and quickly looked at the watch on his wrist. ""How much will you give me for this?"" the man wrote.  

Ray noticed a little shame in the grey eyes looking at him. The watch was nothing special and yet had great powers. It was something to exchange, a way out of a bad situation. Knowing that great need had brought the man to his shop in the first place, Ray asked, ""How much do you need for it?"" The reply came back on the notepad: ""Whatever it's worth.""  

Ray reached into his cash-box, pulled out a fifty-dollar note and passed it into the man's hand. As they shook hands, Ray looked into the man's eyes, they seemed to say, ""Thank you!"" They both knew the watch wasn't worth that much. Before turning to leave, the man wrote, ""I will be back to pick it up as soon as I can. Merry Christmas!""  

The little story ended on the half hour with the clocks striking all together. The timepieces, which had been looking on silently all the while, rang out the time with such feeling that even Ray thought he could hear them. Their sweet, musical message was filled with hope. The timeless message of 'Peace on earth, goodwill towards all' was felt by the three men who stood in the old-clock shop.  ",How did Ray communicate with him?,"As Ray was deaf, he communicated with his visitor through a notepad and a pen"
"## The Old-Clock Shop

Christmas Eve had arrived. As last-minute shoppers were going home, a thick, white sheet of snow lay over Salt Lake City, USA. Yet the lights were still burning in the old-clock shop, as Ray, its old, deaf owner, worked on a clock he had sold that day.  

Having finished his work, Ray stood up and was on his way to the back room when a cold rush of air from the front door hit the back of his neck.  

He turned to meet a last-minute shopper, but his old, wise eyes told him that this was not a shopper. He saw two men, one in his twenties, the other closer to fifty. The younger man remained at the door. The older man approached the counter with no sign of friendliness in his eyes. Ray was able to hide his growing fear as he slowly pushed a notepad and a pencil across the counter.  

He smiled at the unfriendly face, then pointed to his ears and shook his head from side to side. A quick look of surprise changed the man's face as he studied the notepad, then turned and said something to his friend.  

Ray used the chance to look closely at the man, paying attention to the shape of a gun and a restless hand in the man's right coat-pocket. Anger boiled within him, but it was kept down by an inner voice that said, ""Be still."" He wrote on the notepad, ""May I help you?"" For the first time the older man looked directly at Ray and smiled. A cruel, mocking smile. They both understood why he was there, why his friend remained at the door. They looked like men who were down on their luck, and were now ready to try something they would later be sorry about.  

The clocks ticked on. Ray calmly wrote another message. ""Have you come to pick up a clock or watch?"" Then he pointed to the 'loan' board filled with hanging clocks and pocket watches. He was not a pawnbroker, but at the same time couldn't say 'No' to the needy people who placed their old watches or clocks before him for anything they could get. He loaned more than he should. They would be there when the owners wanted them back ... at the same price he had paid, with no interest.  

Then the older man seemed to feel a little easier, took out his hand from his pocket and quickly looked at the watch on his wrist. ""How much will you give me for this?"" the man wrote.  

Ray noticed a little shame in the grey eyes looking at him. The watch was nothing special and yet had great powers. It was something to exchange, a way out of a bad situation. Knowing that great need had brought the man to his shop in the first place, Ray asked, ""How much do you need for it?"" The reply came back on the notepad: ""Whatever it's worth.""  

Ray reached into his cash-box, pulled out a fifty-dollar note and passed it into the man's hand. As they shook hands, Ray looked into the man's eyes, they seemed to say, ""Thank you!"" They both knew the watch wasn't worth that much. Before turning to leave, the man wrote, ""I will be back to pick it up as soon as I can. Merry Christmas!""  

The little story ended on the half hour with the clocks striking all together. The timepieces, which had been looking on silently all the while, rang out the time with such feeling that even Ray thought he could hear them. Their sweet, musical message was filled with hope. The timeless message of 'Peace on earth, goodwill towards all' was felt by the three men who stood in the old-clock shop.  ",What do you think the man said to his friend who waited at the door?,The man would have told his friend who waited at the door that the shop owner was deaf.
"## The Old-Clock Shop

Christmas Eve had arrived. As last-minute shoppers were going home, a thick, white sheet of snow lay over Salt Lake City, USA. Yet the lights were still burning in the old-clock shop, as Ray, its old, deaf owner, worked on a clock he had sold that day.  

Having finished his work, Ray stood up and was on his way to the back room when a cold rush of air from the front door hit the back of his neck.  

He turned to meet a last-minute shopper, but his old, wise eyes told him that this was not a shopper. He saw two men, one in his twenties, the other closer to fifty. The younger man remained at the door. The older man approached the counter with no sign of friendliness in his eyes. Ray was able to hide his growing fear as he slowly pushed a notepad and a pencil across the counter.  

He smiled at the unfriendly face, then pointed to his ears and shook his head from side to side. A quick look of surprise changed the man's face as he studied the notepad, then turned and said something to his friend.  

Ray used the chance to look closely at the man, paying attention to the shape of a gun and a restless hand in the man's right coat-pocket. Anger boiled within him, but it was kept down by an inner voice that said, ""Be still."" He wrote on the notepad, ""May I help you?"" For the first time the older man looked directly at Ray and smiled. A cruel, mocking smile. They both understood why he was there, why his friend remained at the door. They looked like men who were down on their luck, and were now ready to try something they would later be sorry about.  

The clocks ticked on. Ray calmly wrote another message. ""Have you come to pick up a clock or watch?"" Then he pointed to the 'loan' board filled with hanging clocks and pocket watches. He was not a pawnbroker, but at the same time couldn't say 'No' to the needy people who placed their old watches or clocks before him for anything they could get. He loaned more than he should. They would be there when the owners wanted them back ... at the same price he had paid, with no interest.  

Then the older man seemed to feel a little easier, took out his hand from his pocket and quickly looked at the watch on his wrist. ""How much will you give me for this?"" the man wrote.  

Ray noticed a little shame in the grey eyes looking at him. The watch was nothing special and yet had great powers. It was something to exchange, a way out of a bad situation. Knowing that great need had brought the man to his shop in the first place, Ray asked, ""How much do you need for it?"" The reply came back on the notepad: ""Whatever it's worth.""  

Ray reached into his cash-box, pulled out a fifty-dollar note and passed it into the man's hand. As they shook hands, Ray looked into the man's eyes, they seemed to say, ""Thank you!"" They both knew the watch wasn't worth that much. Before turning to leave, the man wrote, ""I will be back to pick it up as soon as I can. Merry Christmas!""  

The little story ended on the half hour with the clocks striking all together. The timepieces, which had been looking on silently all the while, rang out the time with such feeling that even Ray thought he could hear them. Their sweet, musical message was filled with hope. The timeless message of 'Peace on earth, goodwill towards all' was felt by the three men who stood in the old-clock shop.  ","Ray was not a pawnbroker. Why, then, did he lend money to people in exchange for their old watches and
clocks?","Ray was a very kind person. He was not a pawnbroker, someone who lends money on the security of an item.
But he always helped people in need. That’s why he lent money to people in exchange for their old watches and clocks."
"## The Old-Clock Shop

Christmas Eve had arrived. As last-minute shoppers were going home, a thick, white sheet of snow lay over Salt Lake City, USA. Yet the lights were still burning in the old-clock shop, as Ray, its old, deaf owner, worked on a clock he had sold that day.  

Having finished his work, Ray stood up and was on his way to the back room when a cold rush of air from the front door hit the back of his neck.  

He turned to meet a last-minute shopper, but his old, wise eyes told him that this was not a shopper. He saw two men, one in his twenties, the other closer to fifty. The younger man remained at the door. The older man approached the counter with no sign of friendliness in his eyes. Ray was able to hide his growing fear as he slowly pushed a notepad and a pencil across the counter.  

He smiled at the unfriendly face, then pointed to his ears and shook his head from side to side. A quick look of surprise changed the man's face as he studied the notepad, then turned and said something to his friend.  

Ray used the chance to look closely at the man, paying attention to the shape of a gun and a restless hand in the man's right coat-pocket. Anger boiled within him, but it was kept down by an inner voice that said, ""Be still."" He wrote on the notepad, ""May I help you?"" For the first time the older man looked directly at Ray and smiled. A cruel, mocking smile. They both understood why he was there, why his friend remained at the door. They looked like men who were down on their luck, and were now ready to try something they would later be sorry about.  

The clocks ticked on. Ray calmly wrote another message. ""Have you come to pick up a clock or watch?"" Then he pointed to the 'loan' board filled with hanging clocks and pocket watches. He was not a pawnbroker, but at the same time couldn't say 'No' to the needy people who placed their old watches or clocks before him for anything they could get. He loaned more than he should. They would be there when the owners wanted them back ... at the same price he had paid, with no interest.  

Then the older man seemed to feel a little easier, took out his hand from his pocket and quickly looked at the watch on his wrist. ""How much will you give me for this?"" the man wrote.  

Ray noticed a little shame in the grey eyes looking at him. The watch was nothing special and yet had great powers. It was something to exchange, a way out of a bad situation. Knowing that great need had brought the man to his shop in the first place, Ray asked, ""How much do you need for it?"" The reply came back on the notepad: ""Whatever it's worth.""  

Ray reached into his cash-box, pulled out a fifty-dollar note and passed it into the man's hand. As they shook hands, Ray looked into the man's eyes, they seemed to say, ""Thank you!"" They both knew the watch wasn't worth that much. Before turning to leave, the man wrote, ""I will be back to pick it up as soon as I can. Merry Christmas!""  

The little story ended on the half hour with the clocks striking all together. The timepieces, which had been looking on silently all the while, rang out the time with such feeling that even Ray thought he could hear them. Their sweet, musical message was filled with hope. The timeless message of 'Peace on earth, goodwill towards all' was felt by the three men who stood in the old-clock shop.  ",“The watch was nothing special and yet had great powers.” In what sense did it have ‘great powers’?,"It had great powers in the sense that it saved Ray from any kind of physical injuries he would have had to face
from the late-hour visitors. Also, it saved the visitors from committing a robbery. They needed money, and they got it by keeping the watch as security."
"## The Old-Clock Shop

Christmas Eve had arrived. As last-minute shoppers were going home, a thick, white sheet of snow lay over Salt Lake City, USA. Yet the lights were still burning in the old-clock shop, as Ray, its old, deaf owner, worked on a clock he had sold that day.  

Having finished his work, Ray stood up and was on his way to the back room when a cold rush of air from the front door hit the back of his neck.  

He turned to meet a last-minute shopper, but his old, wise eyes told him that this was not a shopper. He saw two men, one in his twenties, the other closer to fifty. The younger man remained at the door. The older man approached the counter with no sign of friendliness in his eyes. Ray was able to hide his growing fear as he slowly pushed a notepad and a pencil across the counter.  

He smiled at the unfriendly face, then pointed to his ears and shook his head from side to side. A quick look of surprise changed the man's face as he studied the notepad, then turned and said something to his friend.  

Ray used the chance to look closely at the man, paying attention to the shape of a gun and a restless hand in the man's right coat-pocket. Anger boiled within him, but it was kept down by an inner voice that said, ""Be still."" He wrote on the notepad, ""May I help you?"" For the first time the older man looked directly at Ray and smiled. A cruel, mocking smile. They both understood why he was there, why his friend remained at the door. They looked like men who were down on their luck, and were now ready to try something they would later be sorry about.  

The clocks ticked on. Ray calmly wrote another message. ""Have you come to pick up a clock or watch?"" Then he pointed to the 'loan' board filled with hanging clocks and pocket watches. He was not a pawnbroker, but at the same time couldn't say 'No' to the needy people who placed their old watches or clocks before him for anything they could get. He loaned more than he should. They would be there when the owners wanted them back ... at the same price he had paid, with no interest.  

Then the older man seemed to feel a little easier, took out his hand from his pocket and quickly looked at the watch on his wrist. ""How much will you give me for this?"" the man wrote.  

Ray noticed a little shame in the grey eyes looking at him. The watch was nothing special and yet had great powers. It was something to exchange, a way out of a bad situation. Knowing that great need had brought the man to his shop in the first place, Ray asked, ""How much do you need for it?"" The reply came back on the notepad: ""Whatever it's worth.""  

Ray reached into his cash-box, pulled out a fifty-dollar note and passed it into the man's hand. As they shook hands, Ray looked into the man's eyes, they seemed to say, ""Thank you!"" They both knew the watch wasn't worth that much. Before turning to leave, the man wrote, ""I will be back to pick it up as soon as I can. Merry Christmas!""  

The little story ended on the half hour with the clocks striking all together. The timepieces, which had been looking on silently all the while, rang out the time with such feeling that even Ray thought he could hear them. Their sweet, musical message was filled with hope. The timeless message of 'Peace on earth, goodwill towards all' was felt by the three men who stood in the old-clock shop.  ",. Do you think the man would ever come back to pick up the watch?,"No, I don’t think the older man would ever come back to pick up the watch. He received money more than the
watch was worth."
"## The Old-Clock Shop

Christmas Eve had arrived. As last-minute shoppers were going home, a thick, white sheet of snow lay over Salt Lake City, USA. Yet the lights were still burning in the old-clock shop, as Ray, its old, deaf owner, worked on a clock he had sold that day.  

Having finished his work, Ray stood up and was on his way to the back room when a cold rush of air from the front door hit the back of his neck.  

He turned to meet a last-minute shopper, but his old, wise eyes told him that this was not a shopper. He saw two men, one in his twenties, the other closer to fifty. The younger man remained at the door. The older man approached the counter with no sign of friendliness in his eyes. Ray was able to hide his growing fear as he slowly pushed a notepad and a pencil across the counter.  

He smiled at the unfriendly face, then pointed to his ears and shook his head from side to side. A quick look of surprise changed the man's face as he studied the notepad, then turned and said something to his friend.  

Ray used the chance to look closely at the man, paying attention to the shape of a gun and a restless hand in the man's right coat-pocket. Anger boiled within him, but it was kept down by an inner voice that said, ""Be still."" He wrote on the notepad, ""May I help you?"" For the first time the older man looked directly at Ray and smiled. A cruel, mocking smile. They both understood why he was there, why his friend remained at the door. They looked like men who were down on their luck, and were now ready to try something they would later be sorry about.  

The clocks ticked on. Ray calmly wrote another message. ""Have you come to pick up a clock or watch?"" Then he pointed to the 'loan' board filled with hanging clocks and pocket watches. He was not a pawnbroker, but at the same time couldn't say 'No' to the needy people who placed their old watches or clocks before him for anything they could get. He loaned more than he should. They would be there when the owners wanted them back ... at the same price he had paid, with no interest.  

Then the older man seemed to feel a little easier, took out his hand from his pocket and quickly looked at the watch on his wrist. ""How much will you give me for this?"" the man wrote.  

Ray noticed a little shame in the grey eyes looking at him. The watch was nothing special and yet had great powers. It was something to exchange, a way out of a bad situation. Knowing that great need had brought the man to his shop in the first place, Ray asked, ""How much do you need for it?"" The reply came back on the notepad: ""Whatever it's worth.""  

Ray reached into his cash-box, pulled out a fifty-dollar note and passed it into the man's hand. As they shook hands, Ray looked into the man's eyes, they seemed to say, ""Thank you!"" They both knew the watch wasn't worth that much. Before turning to leave, the man wrote, ""I will be back to pick it up as soon as I can. Merry Christmas!""  

The little story ended on the half hour with the clocks striking all together. The timepieces, which had been looking on silently all the while, rang out the time with such feeling that even Ray thought he could hear them. Their sweet, musical message was filled with hope. The timeless message of 'Peace on earth, goodwill towards all' was felt by the three men who stood in the old-clock shop.  ",When did “the unfriendly face” of the visitor turn truly friendly?,"The unfriendly face of the visitor turned truly friendly when he got a fifty-dollar note for his ordinary watch.
Both, Ray and the older man, knew that the watch was not worth that much money. So, the older man genuinely felt
obliged for Ray’s kindness."
"##Chapter Name: Tansen

You may have heard the name of Tansen - the greatest musician our country has produced.  

A singer called Mukandan Misra and his wife lived in Behat near Gwalior. Tansen was their only child. It is said that he was a naughty child. Often, he ran away to play in the forest, and soon learnt to imitate perfectly the calls of birds and animals.  

A famous singer named Swami Haridas was once travelling through the forest with his disciples. Tired, the group settled down to rest in a shady grove. Tansen saw them. 'Strangers in the forest!' he said to himself. 'It will be fun to frighten them'. He hid behind a tree and roared like a tiger. The little group of travellers scattered in fear but Swami Haridas called them together. ""Don't be afraid,"" he said. ""Tigers are not always dangerous. Let us look for this one.""  

Suddenly, one of his men saw a small boy hiding behind a tree. ""There are no tigers here, master,"" he said. ""Only this naughty boy.""  

Swami Haridas did not punish him. He went to Tansen's father and said, ""Your son is very naughty. He is also very talented. I think I can make him a good singer.""  

Tansen was ten years old when he went away with Swami Haridas. He lived with him for eleven years, learning music, and became a great singer. At about this time, his parents died. Mukandan Misra's dying wish was that Tansen should visit Mohammad Ghaus of Gwalior. Mohammad Ghaus was a holy man. Mukandan Misra had long been devoted to him, and often visited him. While living in Gwalior with Mohammed Ghaus, Tansen was often taken to the court of Rani Mrignaini, who was a great musician herself. There he met and married one of the ladies of the court. Her name was Hussaini.  

Hussaini also became Swami Haridas's disciple. Tansen and Hussaini had five children who were all very musical.  

Tansen had, by this time, become very famous. Sometimes he sang before Emperor Akbar, who was so impressed by him that he insisted Tansen should join his court.  

Tansen went to Akbar's court in 1556, and soon became a great favourite of the Emperor. Akbar would call upon Tansen to sing at any time during the day or night. Quite often he would just walk into Tansen's house to hear him practise. He also gave him many presents. Some of the courtiers became jealous of Tansen. ""We shall never be able to rest till Tansen is ruined,"" they declared. One of the courtiers, Shaukat Mian, had a bright idea. ""Let us make him sing Raga Deepak,"" he said. ""How will that help us?"" asked another man. ""If Raga Deepak is properly sung, it makes the air so hot that the singer is burnt to ashes. Tansen is a very good singer. If he sings Raga Deepak, he will die, and we will be rid of him.""  

Shaukat Mian went to Akbar and said, ""We don't think Tansen is a great singer. Let us test him. Tell him to sing Raga Deepak. Only the greatest singers can sing it properly."" ""Of course he can sing it. Tansen can sing anything."" Akbar said. Tansen was afraid, but could not disobey the king. ""Very well, my lord,"" he said, ""but give me time to prepare myself."" Tansen went home. He had never been more downcast and unhappy. ""I can sing the Raga,"" he told his wife, ""but the heat it gives off will not only set the lamps alight, it will also burn me to ashes.""  

Then he had an idea. ""If someone sings Raga Megh at the same time, and sings it properly, it will bring rain. Perhaps our daughter, Saraswati, and her friend, Rupvati, could do it,"" he said.  

He taught the two girls to sing Raga Megh. They practised night and day for two weeks. Tansen told them, ""You must wait till the lamps start burning, and then you start singing.""  

The legend goes that on the appointed day the whole town assembled to hear Tansen sing Raga Deepak. When he began to sing, the air became warm. Soon people in the audience were bathed in perspiration. The leaves on the trees dried up and fell to the ground. As the music continued, birds fell dead because of the heat and the water in the rivers began to boil. People cried out in terror as flames shot up out of nowhere and lighted the lamps.  

At once Saraswati and Rupvati began to sing Raga Megh. The sky clouded over and the rain came down. Tansen was saved. The story goes that he was very ill after this, and Akbar was sorry that he had caused him so much suffering. He punished Tansen's enemies. When Tansen got well, the entire city rejoiced. Tansen remained Akbar's court singer till 1585 when he died. He composed several new ragas.  

Tansen's tomb is in Gwalior. It is a place of pilgrimage for musicians.
",Why did Swami Haridas say Tansen was ‘talented’?,"Tansen was a very naughty child who could imitate the calls of birds and animals perfectly. One day, a famous singer named Swami Haridas, along with his disciples, settled down in a shady grove to take rest. Seeing them, Tansen tried to frighten them away by roaring like a tiger. When the travellers found out it was Tansen who made the sound, Swami Haridas was impressed by his skill and called him ‘talented’."
"##Chapter Name: Tansen

You may have heard the name of Tansen - the greatest musician our country has produced.  

A singer called Mukandan Misra and his wife lived in Behat near Gwalior. Tansen was their only child. It is said that he was a naughty child. Often, he ran away to play in the forest, and soon learnt to imitate perfectly the calls of birds and animals.  

A famous singer named Swami Haridas was once travelling through the forest with his disciples. Tired, the group settled down to rest in a shady grove. Tansen saw them. 'Strangers in the forest!' he said to himself. 'It will be fun to frighten them'. He hid behind a tree and roared like a tiger. The little group of travellers scattered in fear but Swami Haridas called them together. ""Don't be afraid,"" he said. ""Tigers are not always dangerous. Let us look for this one.""  

Suddenly, one of his men saw a small boy hiding behind a tree. ""There are no tigers here, master,"" he said. ""Only this naughty boy.""  

Swami Haridas did not punish him. He went to Tansen's father and said, ""Your son is very naughty. He is also very talented. I think I can make him a good singer.""  

Tansen was ten years old when he went away with Swami Haridas. He lived with him for eleven years, learning music, and became a great singer. At about this time, his parents died. Mukandan Misra's dying wish was that Tansen should visit Mohammad Ghaus of Gwalior. Mohammad Ghaus was a holy man. Mukandan Misra had long been devoted to him, and often visited him. While living in Gwalior with Mohammed Ghaus, Tansen was often taken to the court of Rani Mrignaini, who was a great musician herself. There he met and married one of the ladies of the court. Her name was Hussaini.  

Hussaini also became Swami Haridas's disciple. Tansen and Hussaini had five children who were all very musical.  

Tansen had, by this time, become very famous. Sometimes he sang before Emperor Akbar, who was so impressed by him that he insisted Tansen should join his court.  

Tansen went to Akbar's court in 1556, and soon became a great favourite of the Emperor. Akbar would call upon Tansen to sing at any time during the day or night. Quite often he would just walk into Tansen's house to hear him practise. He also gave him many presents. Some of the courtiers became jealous of Tansen. ""We shall never be able to rest till Tansen is ruined,"" they declared. One of the courtiers, Shaukat Mian, had a bright idea. ""Let us make him sing Raga Deepak,"" he said. ""How will that help us?"" asked another man. ""If Raga Deepak is properly sung, it makes the air so hot that the singer is burnt to ashes. Tansen is a very good singer. If he sings Raga Deepak, he will die, and we will be rid of him.""  

Shaukat Mian went to Akbar and said, ""We don't think Tansen is a great singer. Let us test him. Tell him to sing Raga Deepak. Only the greatest singers can sing it properly."" ""Of course he can sing it. Tansen can sing anything."" Akbar said. Tansen was afraid, but could not disobey the king. ""Very well, my lord,"" he said, ""but give me time to prepare myself."" Tansen went home. He had never been more downcast and unhappy. ""I can sing the Raga,"" he told his wife, ""but the heat it gives off will not only set the lamps alight, it will also burn me to ashes.""  

Then he had an idea. ""If someone sings Raga Megh at the same time, and sings it properly, it will bring rain. Perhaps our daughter, Saraswati, and her friend, Rupvati, could do it,"" he said.  

He taught the two girls to sing Raga Megh. They practised night and day for two weeks. Tansen told them, ""You must wait till the lamps start burning, and then you start singing.""  

The legend goes that on the appointed day the whole town assembled to hear Tansen sing Raga Deepak. When he began to sing, the air became warm. Soon people in the audience were bathed in perspiration. The leaves on the trees dried up and fell to the ground. As the music continued, birds fell dead because of the heat and the water in the rivers began to boil. People cried out in terror as flames shot up out of nowhere and lighted the lamps.  

At once Saraswati and Rupvati began to sing Raga Megh. The sky clouded over and the rain came down. Tansen was saved. The story goes that he was very ill after this, and Akbar was sorry that he had caused him so much suffering. He punished Tansen's enemies. When Tansen got well, the entire city rejoiced. Tansen remained Akbar's court singer till 1585 when he died. He composed several new ragas.  

Tansen's tomb is in Gwalior. It is a place of pilgrimage for musicians.
",Why did Akbar ask Tansen to join his court?,"Tansen learnt music from Swami Haridas for eleven years and became a great and famous singer. Once Tansen went to Akbar’s court to sing and soon became a great favourite of the Emperor. Akbar was highly impressed with his performance, and he asked Tansen to join his court immediately."
"##Chapter Name: Tansen

You may have heard the name of Tansen - the greatest musician our country has produced.  

A singer called Mukandan Misra and his wife lived in Behat near Gwalior. Tansen was their only child. It is said that he was a naughty child. Often, he ran away to play in the forest, and soon learnt to imitate perfectly the calls of birds and animals.  

A famous singer named Swami Haridas was once travelling through the forest with his disciples. Tired, the group settled down to rest in a shady grove. Tansen saw them. 'Strangers in the forest!' he said to himself. 'It will be fun to frighten them'. He hid behind a tree and roared like a tiger. The little group of travellers scattered in fear but Swami Haridas called them together. ""Don't be afraid,"" he said. ""Tigers are not always dangerous. Let us look for this one.""  

Suddenly, one of his men saw a small boy hiding behind a tree. ""There are no tigers here, master,"" he said. ""Only this naughty boy.""  

Swami Haridas did not punish him. He went to Tansen's father and said, ""Your son is very naughty. He is also very talented. I think I can make him a good singer.""  

Tansen was ten years old when he went away with Swami Haridas. He lived with him for eleven years, learning music, and became a great singer. At about this time, his parents died. Mukandan Misra's dying wish was that Tansen should visit Mohammad Ghaus of Gwalior. Mohammad Ghaus was a holy man. Mukandan Misra had long been devoted to him, and often visited him. While living in Gwalior with Mohammed Ghaus, Tansen was often taken to the court of Rani Mrignaini, who was a great musician herself. There he met and married one of the ladies of the court. Her name was Hussaini.  

Hussaini also became Swami Haridas's disciple. Tansen and Hussaini had five children who were all very musical.  

Tansen had, by this time, become very famous. Sometimes he sang before Emperor Akbar, who was so impressed by him that he insisted Tansen should join his court.  

Tansen went to Akbar's court in 1556, and soon became a great favourite of the Emperor. Akbar would call upon Tansen to sing at any time during the day or night. Quite often he would just walk into Tansen's house to hear him practise. He also gave him many presents. Some of the courtiers became jealous of Tansen. ""We shall never be able to rest till Tansen is ruined,"" they declared. One of the courtiers, Shaukat Mian, had a bright idea. ""Let us make him sing Raga Deepak,"" he said. ""How will that help us?"" asked another man. ""If Raga Deepak is properly sung, it makes the air so hot that the singer is burnt to ashes. Tansen is a very good singer. If he sings Raga Deepak, he will die, and we will be rid of him.""  

Shaukat Mian went to Akbar and said, ""We don't think Tansen is a great singer. Let us test him. Tell him to sing Raga Deepak. Only the greatest singers can sing it properly."" ""Of course he can sing it. Tansen can sing anything."" Akbar said. Tansen was afraid, but could not disobey the king. ""Very well, my lord,"" he said, ""but give me time to prepare myself."" Tansen went home. He had never been more downcast and unhappy. ""I can sing the Raga,"" he told his wife, ""but the heat it gives off will not only set the lamps alight, it will also burn me to ashes.""  

Then he had an idea. ""If someone sings Raga Megh at the same time, and sings it properly, it will bring rain. Perhaps our daughter, Saraswati, and her friend, Rupvati, could do it,"" he said.  

He taught the two girls to sing Raga Megh. They practised night and day for two weeks. Tansen told them, ""You must wait till the lamps start burning, and then you start singing.""  

The legend goes that on the appointed day the whole town assembled to hear Tansen sing Raga Deepak. When he began to sing, the air became warm. Soon people in the audience were bathed in perspiration. The leaves on the trees dried up and fell to the ground. As the music continued, birds fell dead because of the heat and the water in the rivers began to boil. People cried out in terror as flames shot up out of nowhere and lighted the lamps.  

At once Saraswati and Rupvati began to sing Raga Megh. The sky clouded over and the rain came down. Tansen was saved. The story goes that he was very ill after this, and Akbar was sorry that he had caused him so much suffering. He punished Tansen's enemies. When Tansen got well, the entire city rejoiced. Tansen remained Akbar's court singer till 1585 when he died. He composed several new ragas.  

Tansen's tomb is in Gwalior. It is a place of pilgrimage for musicians.
",How do we know that Akbar was fond of Tansen? Give two reasons.,"Tansen became a great favourite of Emperor Akbar. The Emperor would often call upon Tansen to sing at any time of the day for a performance. Akbar would often just walk into Tansen’s house to hear him practice. Besides that, he would also give the singer various beautiful presents."
"##Chapter Name: Tansen

You may have heard the name of Tansen - the greatest musician our country has produced.  

A singer called Mukandan Misra and his wife lived in Behat near Gwalior. Tansen was their only child. It is said that he was a naughty child. Often, he ran away to play in the forest, and soon learnt to imitate perfectly the calls of birds and animals.  

A famous singer named Swami Haridas was once travelling through the forest with his disciples. Tired, the group settled down to rest in a shady grove. Tansen saw them. 'Strangers in the forest!' he said to himself. 'It will be fun to frighten them'. He hid behind a tree and roared like a tiger. The little group of travellers scattered in fear but Swami Haridas called them together. ""Don't be afraid,"" he said. ""Tigers are not always dangerous. Let us look for this one.""  

Suddenly, one of his men saw a small boy hiding behind a tree. ""There are no tigers here, master,"" he said. ""Only this naughty boy.""  

Swami Haridas did not punish him. He went to Tansen's father and said, ""Your son is very naughty. He is also very talented. I think I can make him a good singer.""  

Tansen was ten years old when he went away with Swami Haridas. He lived with him for eleven years, learning music, and became a great singer. At about this time, his parents died. Mukandan Misra's dying wish was that Tansen should visit Mohammad Ghaus of Gwalior. Mohammad Ghaus was a holy man. Mukandan Misra had long been devoted to him, and often visited him. While living in Gwalior with Mohammed Ghaus, Tansen was often taken to the court of Rani Mrignaini, who was a great musician herself. There he met and married one of the ladies of the court. Her name was Hussaini.  

Hussaini also became Swami Haridas's disciple. Tansen and Hussaini had five children who were all very musical.  

Tansen had, by this time, become very famous. Sometimes he sang before Emperor Akbar, who was so impressed by him that he insisted Tansen should join his court.  

Tansen went to Akbar's court in 1556, and soon became a great favourite of the Emperor. Akbar would call upon Tansen to sing at any time during the day or night. Quite often he would just walk into Tansen's house to hear him practise. He also gave him many presents. Some of the courtiers became jealous of Tansen. ""We shall never be able to rest till Tansen is ruined,"" they declared. One of the courtiers, Shaukat Mian, had a bright idea. ""Let us make him sing Raga Deepak,"" he said. ""How will that help us?"" asked another man. ""If Raga Deepak is properly sung, it makes the air so hot that the singer is burnt to ashes. Tansen is a very good singer. If he sings Raga Deepak, he will die, and we will be rid of him.""  

Shaukat Mian went to Akbar and said, ""We don't think Tansen is a great singer. Let us test him. Tell him to sing Raga Deepak. Only the greatest singers can sing it properly."" ""Of course he can sing it. Tansen can sing anything."" Akbar said. Tansen was afraid, but could not disobey the king. ""Very well, my lord,"" he said, ""but give me time to prepare myself."" Tansen went home. He had never been more downcast and unhappy. ""I can sing the Raga,"" he told his wife, ""but the heat it gives off will not only set the lamps alight, it will also burn me to ashes.""  

Then he had an idea. ""If someone sings Raga Megh at the same time, and sings it properly, it will bring rain. Perhaps our daughter, Saraswati, and her friend, Rupvati, could do it,"" he said.  

He taught the two girls to sing Raga Megh. They practised night and day for two weeks. Tansen told them, ""You must wait till the lamps start burning, and then you start singing.""  

The legend goes that on the appointed day the whole town assembled to hear Tansen sing Raga Deepak. When he began to sing, the air became warm. Soon people in the audience were bathed in perspiration. The leaves on the trees dried up and fell to the ground. As the music continued, birds fell dead because of the heat and the water in the rivers began to boil. People cried out in terror as flames shot up out of nowhere and lighted the lamps.  

At once Saraswati and Rupvati began to sing Raga Megh. The sky clouded over and the rain came down. Tansen was saved. The story goes that he was very ill after this, and Akbar was sorry that he had caused him so much suffering. He punished Tansen's enemies. When Tansen got well, the entire city rejoiced. Tansen remained Akbar's court singer till 1585 when he died. He composed several new ragas.  

Tansen's tomb is in Gwalior. It is a place of pilgrimage for musicians.
",What did the other courtiers feel about Tansen?,"With the increase in Tansen’s popularity, the other courtiers of Akbar’s court became jealous of him. They decided to ruin his music career and get rid of him forever."
"##Chapter Name: Tansen

You may have heard the name of Tansen - the greatest musician our country has produced.  

A singer called Mukandan Misra and his wife lived in Behat near Gwalior. Tansen was their only child. It is said that he was a naughty child. Often, he ran away to play in the forest, and soon learnt to imitate perfectly the calls of birds and animals.  

A famous singer named Swami Haridas was once travelling through the forest with his disciples. Tired, the group settled down to rest in a shady grove. Tansen saw them. 'Strangers in the forest!' he said to himself. 'It will be fun to frighten them'. He hid behind a tree and roared like a tiger. The little group of travellers scattered in fear but Swami Haridas called them together. ""Don't be afraid,"" he said. ""Tigers are not always dangerous. Let us look for this one.""  

Suddenly, one of his men saw a small boy hiding behind a tree. ""There are no tigers here, master,"" he said. ""Only this naughty boy.""  

Swami Haridas did not punish him. He went to Tansen's father and said, ""Your son is very naughty. He is also very talented. I think I can make him a good singer.""  

Tansen was ten years old when he went away with Swami Haridas. He lived with him for eleven years, learning music, and became a great singer. At about this time, his parents died. Mukandan Misra's dying wish was that Tansen should visit Mohammad Ghaus of Gwalior. Mohammad Ghaus was a holy man. Mukandan Misra had long been devoted to him, and often visited him. While living in Gwalior with Mohammed Ghaus, Tansen was often taken to the court of Rani Mrignaini, who was a great musician herself. There he met and married one of the ladies of the court. Her name was Hussaini.  

Hussaini also became Swami Haridas's disciple. Tansen and Hussaini had five children who were all very musical.  

Tansen had, by this time, become very famous. Sometimes he sang before Emperor Akbar, who was so impressed by him that he insisted Tansen should join his court.  

Tansen went to Akbar's court in 1556, and soon became a great favourite of the Emperor. Akbar would call upon Tansen to sing at any time during the day or night. Quite often he would just walk into Tansen's house to hear him practise. He also gave him many presents. Some of the courtiers became jealous of Tansen. ""We shall never be able to rest till Tansen is ruined,"" they declared. One of the courtiers, Shaukat Mian, had a bright idea. ""Let us make him sing Raga Deepak,"" he said. ""How will that help us?"" asked another man. ""If Raga Deepak is properly sung, it makes the air so hot that the singer is burnt to ashes. Tansen is a very good singer. If he sings Raga Deepak, he will die, and we will be rid of him.""  

Shaukat Mian went to Akbar and said, ""We don't think Tansen is a great singer. Let us test him. Tell him to sing Raga Deepak. Only the greatest singers can sing it properly."" ""Of course he can sing it. Tansen can sing anything."" Akbar said. Tansen was afraid, but could not disobey the king. ""Very well, my lord,"" he said, ""but give me time to prepare myself."" Tansen went home. He had never been more downcast and unhappy. ""I can sing the Raga,"" he told his wife, ""but the heat it gives off will not only set the lamps alight, it will also burn me to ashes.""  

Then he had an idea. ""If someone sings Raga Megh at the same time, and sings it properly, it will bring rain. Perhaps our daughter, Saraswati, and her friend, Rupvati, could do it,"" he said.  

He taught the two girls to sing Raga Megh. They practised night and day for two weeks. Tansen told them, ""You must wait till the lamps start burning, and then you start singing.""  

The legend goes that on the appointed day the whole town assembled to hear Tansen sing Raga Deepak. When he began to sing, the air became warm. Soon people in the audience were bathed in perspiration. The leaves on the trees dried up and fell to the ground. As the music continued, birds fell dead because of the heat and the water in the rivers began to boil. People cried out in terror as flames shot up out of nowhere and lighted the lamps.  

At once Saraswati and Rupvati began to sing Raga Megh. The sky clouded over and the rain came down. Tansen was saved. The story goes that he was very ill after this, and Akbar was sorry that he had caused him so much suffering. He punished Tansen's enemies. When Tansen got well, the entire city rejoiced. Tansen remained Akbar's court singer till 1585 when he died. He composed several new ragas.  

Tansen's tomb is in Gwalior. It is a place of pilgrimage for musicians.
", What happens if Raga Deepak is sung properly?,"If Raga Deepak was sung properly, the air and surroundings would become so hot that the singer would be burnt
to ashes."
"##Chapter Name: Tansen

You may have heard the name of Tansen - the greatest musician our country has produced.  

A singer called Mukandan Misra and his wife lived in Behat near Gwalior. Tansen was their only child. It is said that he was a naughty child. Often, he ran away to play in the forest, and soon learnt to imitate perfectly the calls of birds and animals.  

A famous singer named Swami Haridas was once travelling through the forest with his disciples. Tired, the group settled down to rest in a shady grove. Tansen saw them. 'Strangers in the forest!' he said to himself. 'It will be fun to frighten them'. He hid behind a tree and roared like a tiger. The little group of travellers scattered in fear but Swami Haridas called them together. ""Don't be afraid,"" he said. ""Tigers are not always dangerous. Let us look for this one.""  

Suddenly, one of his men saw a small boy hiding behind a tree. ""There are no tigers here, master,"" he said. ""Only this naughty boy.""  

Swami Haridas did not punish him. He went to Tansen's father and said, ""Your son is very naughty. He is also very talented. I think I can make him a good singer.""  

Tansen was ten years old when he went away with Swami Haridas. He lived with him for eleven years, learning music, and became a great singer. At about this time, his parents died. Mukandan Misra's dying wish was that Tansen should visit Mohammad Ghaus of Gwalior. Mohammad Ghaus was a holy man. Mukandan Misra had long been devoted to him, and often visited him. While living in Gwalior with Mohammed Ghaus, Tansen was often taken to the court of Rani Mrignaini, who was a great musician herself. There he met and married one of the ladies of the court. Her name was Hussaini.  

Hussaini also became Swami Haridas's disciple. Tansen and Hussaini had five children who were all very musical.  

Tansen had, by this time, become very famous. Sometimes he sang before Emperor Akbar, who was so impressed by him that he insisted Tansen should join his court.  

Tansen went to Akbar's court in 1556, and soon became a great favourite of the Emperor. Akbar would call upon Tansen to sing at any time during the day or night. Quite often he would just walk into Tansen's house to hear him practise. He also gave him many presents. Some of the courtiers became jealous of Tansen. ""We shall never be able to rest till Tansen is ruined,"" they declared. One of the courtiers, Shaukat Mian, had a bright idea. ""Let us make him sing Raga Deepak,"" he said. ""How will that help us?"" asked another man. ""If Raga Deepak is properly sung, it makes the air so hot that the singer is burnt to ashes. Tansen is a very good singer. If he sings Raga Deepak, he will die, and we will be rid of him.""  

Shaukat Mian went to Akbar and said, ""We don't think Tansen is a great singer. Let us test him. Tell him to sing Raga Deepak. Only the greatest singers can sing it properly."" ""Of course he can sing it. Tansen can sing anything."" Akbar said. Tansen was afraid, but could not disobey the king. ""Very well, my lord,"" he said, ""but give me time to prepare myself."" Tansen went home. He had never been more downcast and unhappy. ""I can sing the Raga,"" he told his wife, ""but the heat it gives off will not only set the lamps alight, it will also burn me to ashes.""  

Then he had an idea. ""If someone sings Raga Megh at the same time, and sings it properly, it will bring rain. Perhaps our daughter, Saraswati, and her friend, Rupvati, could do it,"" he said.  

He taught the two girls to sing Raga Megh. They practised night and day for two weeks. Tansen told them, ""You must wait till the lamps start burning, and then you start singing.""  

The legend goes that on the appointed day the whole town assembled to hear Tansen sing Raga Deepak. When he began to sing, the air became warm. Soon people in the audience were bathed in perspiration. The leaves on the trees dried up and fell to the ground. As the music continued, birds fell dead because of the heat and the water in the rivers began to boil. People cried out in terror as flames shot up out of nowhere and lighted the lamps.  

At once Saraswati and Rupvati began to sing Raga Megh. The sky clouded over and the rain came down. Tansen was saved. The story goes that he was very ill after this, and Akbar was sorry that he had caused him so much suffering. He punished Tansen's enemies. When Tansen got well, the entire city rejoiced. Tansen remained Akbar's court singer till 1585 when he died. He composed several new ragas.  

Tansen's tomb is in Gwalior. It is a place of pilgrimage for musicians.
",Why did Tansen’s enemies want him to sing the Raga?,"Some courtiers of Akbar’s court were jealous of Tansen and his popularity and soon they became his enemies.
They wanted him to sing Raga Deepak so that he would die out of heat and burn to ashes."
"##Chapter Name: Tansen

You may have heard the name of Tansen - the greatest musician our country has produced.  

A singer called Mukandan Misra and his wife lived in Behat near Gwalior. Tansen was their only child. It is said that he was a naughty child. Often, he ran away to play in the forest, and soon learnt to imitate perfectly the calls of birds and animals.  

A famous singer named Swami Haridas was once travelling through the forest with his disciples. Tired, the group settled down to rest in a shady grove. Tansen saw them. 'Strangers in the forest!' he said to himself. 'It will be fun to frighten them'. He hid behind a tree and roared like a tiger. The little group of travellers scattered in fear but Swami Haridas called them together. ""Don't be afraid,"" he said. ""Tigers are not always dangerous. Let us look for this one.""  

Suddenly, one of his men saw a small boy hiding behind a tree. ""There are no tigers here, master,"" he said. ""Only this naughty boy.""  

Swami Haridas did not punish him. He went to Tansen's father and said, ""Your son is very naughty. He is also very talented. I think I can make him a good singer.""  

Tansen was ten years old when he went away with Swami Haridas. He lived with him for eleven years, learning music, and became a great singer. At about this time, his parents died. Mukandan Misra's dying wish was that Tansen should visit Mohammad Ghaus of Gwalior. Mohammad Ghaus was a holy man. Mukandan Misra had long been devoted to him, and often visited him. While living in Gwalior with Mohammed Ghaus, Tansen was often taken to the court of Rani Mrignaini, who was a great musician herself. There he met and married one of the ladies of the court. Her name was Hussaini.  

Hussaini also became Swami Haridas's disciple. Tansen and Hussaini had five children who were all very musical.  

Tansen had, by this time, become very famous. Sometimes he sang before Emperor Akbar, who was so impressed by him that he insisted Tansen should join his court.  

Tansen went to Akbar's court in 1556, and soon became a great favourite of the Emperor. Akbar would call upon Tansen to sing at any time during the day or night. Quite often he would just walk into Tansen's house to hear him practise. He also gave him many presents. Some of the courtiers became jealous of Tansen. ""We shall never be able to rest till Tansen is ruined,"" they declared. One of the courtiers, Shaukat Mian, had a bright idea. ""Let us make him sing Raga Deepak,"" he said. ""How will that help us?"" asked another man. ""If Raga Deepak is properly sung, it makes the air so hot that the singer is burnt to ashes. Tansen is a very good singer. If he sings Raga Deepak, he will die, and we will be rid of him.""  

Shaukat Mian went to Akbar and said, ""We don't think Tansen is a great singer. Let us test him. Tell him to sing Raga Deepak. Only the greatest singers can sing it properly."" ""Of course he can sing it. Tansen can sing anything."" Akbar said. Tansen was afraid, but could not disobey the king. ""Very well, my lord,"" he said, ""but give me time to prepare myself."" Tansen went home. He had never been more downcast and unhappy. ""I can sing the Raga,"" he told his wife, ""but the heat it gives off will not only set the lamps alight, it will also burn me to ashes.""  

Then he had an idea. ""If someone sings Raga Megh at the same time, and sings it properly, it will bring rain. Perhaps our daughter, Saraswati, and her friend, Rupvati, could do it,"" he said.  

He taught the two girls to sing Raga Megh. They practised night and day for two weeks. Tansen told them, ""You must wait till the lamps start burning, and then you start singing.""  

The legend goes that on the appointed day the whole town assembled to hear Tansen sing Raga Deepak. When he began to sing, the air became warm. Soon people in the audience were bathed in perspiration. The leaves on the trees dried up and fell to the ground. As the music continued, birds fell dead because of the heat and the water in the rivers began to boil. People cried out in terror as flames shot up out of nowhere and lighted the lamps.  

At once Saraswati and Rupvati began to sing Raga Megh. The sky clouded over and the rain came down. Tansen was saved. The story goes that he was very ill after this, and Akbar was sorry that he had caused him so much suffering. He punished Tansen's enemies. When Tansen got well, the entire city rejoiced. Tansen remained Akbar's court singer till 1585 when he died. He composed several new ragas.  

Tansen's tomb is in Gwalior. It is a place of pilgrimage for musicians.
",Why did Tansen agree to sing Raga Deepak?,"Tansen was afraid to sing Raga Deepak, but agreed to sing it as he dared not disobey the king. Besides, he also wanted to exhibit his singing ability and talent in music."
"##Chapter Name: Tansen

You may have heard the name of Tansen - the greatest musician our country has produced.  

A singer called Mukandan Misra and his wife lived in Behat near Gwalior. Tansen was their only child. It is said that he was a naughty child. Often, he ran away to play in the forest, and soon learnt to imitate perfectly the calls of birds and animals.  

A famous singer named Swami Haridas was once travelling through the forest with his disciples. Tired, the group settled down to rest in a shady grove. Tansen saw them. 'Strangers in the forest!' he said to himself. 'It will be fun to frighten them'. He hid behind a tree and roared like a tiger. The little group of travellers scattered in fear but Swami Haridas called them together. ""Don't be afraid,"" he said. ""Tigers are not always dangerous. Let us look for this one.""  

Suddenly, one of his men saw a small boy hiding behind a tree. ""There are no tigers here, master,"" he said. ""Only this naughty boy.""  

Swami Haridas did not punish him. He went to Tansen's father and said, ""Your son is very naughty. He is also very talented. I think I can make him a good singer.""  

Tansen was ten years old when he went away with Swami Haridas. He lived with him for eleven years, learning music, and became a great singer. At about this time, his parents died. Mukandan Misra's dying wish was that Tansen should visit Mohammad Ghaus of Gwalior. Mohammad Ghaus was a holy man. Mukandan Misra had long been devoted to him, and often visited him. While living in Gwalior with Mohammed Ghaus, Tansen was often taken to the court of Rani Mrignaini, who was a great musician herself. There he met and married one of the ladies of the court. Her name was Hussaini.  

Hussaini also became Swami Haridas's disciple. Tansen and Hussaini had five children who were all very musical.  

Tansen had, by this time, become very famous. Sometimes he sang before Emperor Akbar, who was so impressed by him that he insisted Tansen should join his court.  

Tansen went to Akbar's court in 1556, and soon became a great favourite of the Emperor. Akbar would call upon Tansen to sing at any time during the day or night. Quite often he would just walk into Tansen's house to hear him practise. He also gave him many presents. Some of the courtiers became jealous of Tansen. ""We shall never be able to rest till Tansen is ruined,"" they declared. One of the courtiers, Shaukat Mian, had a bright idea. ""Let us make him sing Raga Deepak,"" he said. ""How will that help us?"" asked another man. ""If Raga Deepak is properly sung, it makes the air so hot that the singer is burnt to ashes. Tansen is a very good singer. If he sings Raga Deepak, he will die, and we will be rid of him.""  

Shaukat Mian went to Akbar and said, ""We don't think Tansen is a great singer. Let us test him. Tell him to sing Raga Deepak. Only the greatest singers can sing it properly."" ""Of course he can sing it. Tansen can sing anything."" Akbar said. Tansen was afraid, but could not disobey the king. ""Very well, my lord,"" he said, ""but give me time to prepare myself."" Tansen went home. He had never been more downcast and unhappy. ""I can sing the Raga,"" he told his wife, ""but the heat it gives off will not only set the lamps alight, it will also burn me to ashes.""  

Then he had an idea. ""If someone sings Raga Megh at the same time, and sings it properly, it will bring rain. Perhaps our daughter, Saraswati, and her friend, Rupvati, could do it,"" he said.  

He taught the two girls to sing Raga Megh. They practised night and day for two weeks. Tansen told them, ""You must wait till the lamps start burning, and then you start singing.""  

The legend goes that on the appointed day the whole town assembled to hear Tansen sing Raga Deepak. When he began to sing, the air became warm. Soon people in the audience were bathed in perspiration. The leaves on the trees dried up and fell to the ground. As the music continued, birds fell dead because of the heat and the water in the rivers began to boil. People cried out in terror as flames shot up out of nowhere and lighted the lamps.  

At once Saraswati and Rupvati began to sing Raga Megh. The sky clouded over and the rain came down. Tansen was saved. The story goes that he was very ill after this, and Akbar was sorry that he had caused him so much suffering. He punished Tansen's enemies. When Tansen got well, the entire city rejoiced. Tansen remained Akbar's court singer till 1585 when he died. He composed several new ragas.  

Tansen's tomb is in Gwalior. It is a place of pilgrimage for musicians.
",What steps did he take to save himself?,"Tansen was worried and afraid after being asked to sing Raga Deepak. He requested the king to allow him some
time to prepare for it. In the meantime, he thought of a brilliant idea. He taught Raga Megh to his daughter,
Saraswati, and her friend, Rupvati for two weeks. He told them that soon after he completes singing Raga
Deepak, they should start singing Raga Megh to bring rain and appease the effect of the heat."
"##Chapter Name: Tansen

You may have heard the name of Tansen - the greatest musician our country has produced.  

A singer called Mukandan Misra and his wife lived in Behat near Gwalior. Tansen was their only child. It is said that he was a naughty child. Often, he ran away to play in the forest, and soon learnt to imitate perfectly the calls of birds and animals.  

A famous singer named Swami Haridas was once travelling through the forest with his disciples. Tired, the group settled down to rest in a shady grove. Tansen saw them. 'Strangers in the forest!' he said to himself. 'It will be fun to frighten them'. He hid behind a tree and roared like a tiger. The little group of travellers scattered in fear but Swami Haridas called them together. ""Don't be afraid,"" he said. ""Tigers are not always dangerous. Let us look for this one.""  

Suddenly, one of his men saw a small boy hiding behind a tree. ""There are no tigers here, master,"" he said. ""Only this naughty boy.""  

Swami Haridas did not punish him. He went to Tansen's father and said, ""Your son is very naughty. He is also very talented. I think I can make him a good singer.""  

Tansen was ten years old when he went away with Swami Haridas. He lived with him for eleven years, learning music, and became a great singer. At about this time, his parents died. Mukandan Misra's dying wish was that Tansen should visit Mohammad Ghaus of Gwalior. Mohammad Ghaus was a holy man. Mukandan Misra had long been devoted to him, and often visited him. While living in Gwalior with Mohammed Ghaus, Tansen was often taken to the court of Rani Mrignaini, who was a great musician herself. There he met and married one of the ladies of the court. Her name was Hussaini.  

Hussaini also became Swami Haridas's disciple. Tansen and Hussaini had five children who were all very musical.  

Tansen had, by this time, become very famous. Sometimes he sang before Emperor Akbar, who was so impressed by him that he insisted Tansen should join his court.  

Tansen went to Akbar's court in 1556, and soon became a great favourite of the Emperor. Akbar would call upon Tansen to sing at any time during the day or night. Quite often he would just walk into Tansen's house to hear him practise. He also gave him many presents. Some of the courtiers became jealous of Tansen. ""We shall never be able to rest till Tansen is ruined,"" they declared. One of the courtiers, Shaukat Mian, had a bright idea. ""Let us make him sing Raga Deepak,"" he said. ""How will that help us?"" asked another man. ""If Raga Deepak is properly sung, it makes the air so hot that the singer is burnt to ashes. Tansen is a very good singer. If he sings Raga Deepak, he will die, and we will be rid of him.""  

Shaukat Mian went to Akbar and said, ""We don't think Tansen is a great singer. Let us test him. Tell him to sing Raga Deepak. Only the greatest singers can sing it properly."" ""Of course he can sing it. Tansen can sing anything."" Akbar said. Tansen was afraid, but could not disobey the king. ""Very well, my lord,"" he said, ""but give me time to prepare myself."" Tansen went home. He had never been more downcast and unhappy. ""I can sing the Raga,"" he told his wife, ""but the heat it gives off will not only set the lamps alight, it will also burn me to ashes.""  

Then he had an idea. ""If someone sings Raga Megh at the same time, and sings it properly, it will bring rain. Perhaps our daughter, Saraswati, and her friend, Rupvati, could do it,"" he said.  

He taught the two girls to sing Raga Megh. They practised night and day for two weeks. Tansen told them, ""You must wait till the lamps start burning, and then you start singing.""  

The legend goes that on the appointed day the whole town assembled to hear Tansen sing Raga Deepak. When he began to sing, the air became warm. Soon people in the audience were bathed in perspiration. The leaves on the trees dried up and fell to the ground. As the music continued, birds fell dead because of the heat and the water in the rivers began to boil. People cried out in terror as flames shot up out of nowhere and lighted the lamps.  

At once Saraswati and Rupvati began to sing Raga Megh. The sky clouded over and the rain came down. Tansen was saved. The story goes that he was very ill after this, and Akbar was sorry that he had caused him so much suffering. He punished Tansen's enemies. When Tansen got well, the entire city rejoiced. Tansen remained Akbar's court singer till 1585 when he died. He composed several new ragas.  

Tansen's tomb is in Gwalior. It is a place of pilgrimage for musicians.
",Did his plan work? How?,"Yes, Tansen’s plan worked perfectly. When he sang Raga Deepak, the surroundings became warm – the leaves
of trees dried up, birds fell dead, water of rivers began to boil, people were terrified that flames shot up out of
nowhere and lighted the lamps. Just then, Saraswati and Rupvati began to sing Raga Megh, the sky filled with
dark clouds and the rain came down suddenly and this saved Tansen’s life and the surroundings from more
damage."
"## The Monkey and the Crocodile

Once, on the bank of a river, a monkey made a home for himself in a tree laden with fruit. He lived in it happily eating to his heart's content the fruit of his choice.

The monkey was happy but lonely and wanted a companion to talk to and share the fruits with. But there was no one around, not even another monkey, till one day a crocodile appeared on the riverside.

""Hello, there,"" said the monkey. ""Do you live in this river? Would you like to eat some fruit?""

""Good morning,"" replied the crocodile politely. ""I did come here in search of food for myself and my wife. Nice of you to offer me fruit.""

The monkey plucked some from the nearest branch and threw them down. The crocodile found them delicious. ""Thanks,"" he said. ""May I have some on my next visit?""

""Certainly, as many as you like and some for your wife too,"" said the monkey. ""Do come again. I'm rather lonely here.""

The crocodile visited the monkey regularly and ate the fruits which his host threw down. He took some home for his wife. The monkey and the crocodile were now the best of friends. They talked and were never tired of talking. They talked about birds and animals, about the villages nearby and the difficulties villagers faced in raising good crops for lack of rain.

One day the crocodile stayed with the monkey longer than usual. His wife was annoyed waiting and waiting managing the little crocodiles that had just been hatched. She said, ""Who is this friend of yours you are so fond of?""

""Oh, he is a very nice monkey,"" he replied. ""He lives on a fruit-tree. He sends fruits for you everyday. You don't expect me to climb trees, do you?""

""A nice monkey, I'm sure,"" replied the wife with obvious sarcasm. ""If you ask me, this monkey should be my food. I want to eat his heart so much.""

""What a foolish thing to say!"" shouted the crocodile. ""I can't kill a friend, though I won't mind a monkey occasionally for a change of taste.""

""You bring him here,"" ordered the wife. ""I want to see him."" ""So you can eat him. Never!"" declared her husband.

His wife was furious and she dived in to hide herself at the bottom of the river leaving the little ones to pester their father.

The crocodile was in a serious dilemma. He loved his wife and was very fond of his friend too. Finally, he decided to be on the side of his wife. She was his life-partner after all. 'I know it's a sin to betray a friend, but I have no choice,' he said to himself. 'I'll invite the monkey home and hope for the best.'

""My wife wants you over for a meal, dear friend,"" said the crocodile when he visited the monkey next. ""You must come home with me today.""

""With pleasure,"" said the monkey. ""I'm no swimmer, but can ride on your back."" And they set out.

In the middle of the river, where the current was the strongest, the crocodile could no longer hide his intention. ""Sorry, my friend,"" he said hesitatingly, ""but I have to go under water now. I've brought you here to kill you. My wife cannot survive without eating your heart. Good bye.""

The monkey was scared and distressed. But he was sensible and clever like all monkeys. He kept a cool head. Calmly he said, ""I'd do anything for you and your family. You are my only friend. After all, what is a monkey's heart compared with the life of a crocodile's wife? But how foolish could you be? Why didn't you tell me before? I'd have brought my heart along.""

""But where is your heart?"" asked the crocodile innocently. ""I thought you carried it all the time.""

""Of course not. It's there on the tree. Let's swim back at once and get it. Your wife must be waiting,"" replied the monkey gaining confidence.

""Oh dear! What a mistake!"" hissed the crocodile. They laughed loudly as the crocodile took a full turn to reach the tree.

On the river-bank, the monkey jumped on to the tree and heaved a deep sigh of relief. He plucked a fruit or two from the nearest branch and throwing them down said, ""Let your wife have some fruit rather than my heart. Fresh fruits are good for mind and body. Good bye, friend, and if you don't mind, we won't meet again."" The crocodile, sadder and wiser, shed a few tears which were genuine and turned back to go home. He was in a hurry to tell his wife a thing or two.
","The monkey was happy living in the fruit tree, but his happiness was not complete. What did he miss?","The monkey was happy living in the fruit tree, but his happiness was not complete. He had no companion to
talk to or share fruits with. He felt lonely."
"## The Monkey and the Crocodile

Once, on the bank of a river, a monkey made a home for himself in a tree laden with fruit. He lived in it happily eating to his heart's content the fruit of his choice.

The monkey was happy but lonely and wanted a companion to talk to and share the fruits with. But there was no one around, not even another monkey, till one day a crocodile appeared on the riverside.

""Hello, there,"" said the monkey. ""Do you live in this river? Would you like to eat some fruit?""

""Good morning,"" replied the crocodile politely. ""I did come here in search of food for myself and my wife. Nice of you to offer me fruit.""

The monkey plucked some from the nearest branch and threw them down. The crocodile found them delicious. ""Thanks,"" he said. ""May I have some on my next visit?""

""Certainly, as many as you like and some for your wife too,"" said the monkey. ""Do come again. I'm rather lonely here.""

The crocodile visited the monkey regularly and ate the fruits which his host threw down. He took some home for his wife. The monkey and the crocodile were now the best of friends. They talked and were never tired of talking. They talked about birds and animals, about the villages nearby and the difficulties villagers faced in raising good crops for lack of rain.

One day the crocodile stayed with the monkey longer than usual. His wife was annoyed waiting and waiting managing the little crocodiles that had just been hatched. She said, ""Who is this friend of yours you are so fond of?""

""Oh, he is a very nice monkey,"" he replied. ""He lives on a fruit-tree. He sends fruits for you everyday. You don't expect me to climb trees, do you?""

""A nice monkey, I'm sure,"" replied the wife with obvious sarcasm. ""If you ask me, this monkey should be my food. I want to eat his heart so much.""

""What a foolish thing to say!"" shouted the crocodile. ""I can't kill a friend, though I won't mind a monkey occasionally for a change of taste.""

""You bring him here,"" ordered the wife. ""I want to see him."" ""So you can eat him. Never!"" declared her husband.

His wife was furious and she dived in to hide herself at the bottom of the river leaving the little ones to pester their father.

The crocodile was in a serious dilemma. He loved his wife and was very fond of his friend too. Finally, he decided to be on the side of his wife. She was his life-partner after all. 'I know it's a sin to betray a friend, but I have no choice,' he said to himself. 'I'll invite the monkey home and hope for the best.'

""My wife wants you over for a meal, dear friend,"" said the crocodile when he visited the monkey next. ""You must come home with me today.""

""With pleasure,"" said the monkey. ""I'm no swimmer, but can ride on your back."" And they set out.

In the middle of the river, where the current was the strongest, the crocodile could no longer hide his intention. ""Sorry, my friend,"" he said hesitatingly, ""but I have to go under water now. I've brought you here to kill you. My wife cannot survive without eating your heart. Good bye.""

The monkey was scared and distressed. But he was sensible and clever like all monkeys. He kept a cool head. Calmly he said, ""I'd do anything for you and your family. You are my only friend. After all, what is a monkey's heart compared with the life of a crocodile's wife? But how foolish could you be? Why didn't you tell me before? I'd have brought my heart along.""

""But where is your heart?"" asked the crocodile innocently. ""I thought you carried it all the time.""

""Of course not. It's there on the tree. Let's swim back at once and get it. Your wife must be waiting,"" replied the monkey gaining confidence.

""Oh dear! What a mistake!"" hissed the crocodile. They laughed loudly as the crocodile took a full turn to reach the tree.

On the river-bank, the monkey jumped on to the tree and heaved a deep sigh of relief. He plucked a fruit or two from the nearest branch and throwing them down said, ""Let your wife have some fruit rather than my heart. Fresh fruits are good for mind and body. Good bye, friend, and if you don't mind, we won't meet again."" The crocodile, sadder and wiser, shed a few tears which were genuine and turned back to go home. He was in a hurry to tell his wife a thing or two.
",What did the two friends generally talk about?,"The two friends, the monkey and the crocodile, generally talked about birds and animals, as well as the nearby
villages. They also used to talk about the difficulties villagers faced in raising good crops because of the lack of rain.The two friends, the monkey and the crocodile, generally talked about birds and animals, as well as the nearby
villages. They also used to talk about the difficulties villagers faced in raising good crops because of the lack of rain."
"## The Monkey and the Crocodile

Once, on the bank of a river, a monkey made a home for himself in a tree laden with fruit. He lived in it happily eating to his heart's content the fruit of his choice.

The monkey was happy but lonely and wanted a companion to talk to and share the fruits with. But there was no one around, not even another monkey, till one day a crocodile appeared on the riverside.

""Hello, there,"" said the monkey. ""Do you live in this river? Would you like to eat some fruit?""

""Good morning,"" replied the crocodile politely. ""I did come here in search of food for myself and my wife. Nice of you to offer me fruit.""

The monkey plucked some from the nearest branch and threw them down. The crocodile found them delicious. ""Thanks,"" he said. ""May I have some on my next visit?""

""Certainly, as many as you like and some for your wife too,"" said the monkey. ""Do come again. I'm rather lonely here.""

The crocodile visited the monkey regularly and ate the fruits which his host threw down. He took some home for his wife. The monkey and the crocodile were now the best of friends. They talked and were never tired of talking. They talked about birds and animals, about the villages nearby and the difficulties villagers faced in raising good crops for lack of rain.

One day the crocodile stayed with the monkey longer than usual. His wife was annoyed waiting and waiting managing the little crocodiles that had just been hatched. She said, ""Who is this friend of yours you are so fond of?""

""Oh, he is a very nice monkey,"" he replied. ""He lives on a fruit-tree. He sends fruits for you everyday. You don't expect me to climb trees, do you?""

""A nice monkey, I'm sure,"" replied the wife with obvious sarcasm. ""If you ask me, this monkey should be my food. I want to eat his heart so much.""

""What a foolish thing to say!"" shouted the crocodile. ""I can't kill a friend, though I won't mind a monkey occasionally for a change of taste.""

""You bring him here,"" ordered the wife. ""I want to see him."" ""So you can eat him. Never!"" declared her husband.

His wife was furious and she dived in to hide herself at the bottom of the river leaving the little ones to pester their father.

The crocodile was in a serious dilemma. He loved his wife and was very fond of his friend too. Finally, he decided to be on the side of his wife. She was his life-partner after all. 'I know it's a sin to betray a friend, but I have no choice,' he said to himself. 'I'll invite the monkey home and hope for the best.'

""My wife wants you over for a meal, dear friend,"" said the crocodile when he visited the monkey next. ""You must come home with me today.""

""With pleasure,"" said the monkey. ""I'm no swimmer, but can ride on your back."" And they set out.

In the middle of the river, where the current was the strongest, the crocodile could no longer hide his intention. ""Sorry, my friend,"" he said hesitatingly, ""but I have to go under water now. I've brought you here to kill you. My wife cannot survive without eating your heart. Good bye.""

The monkey was scared and distressed. But he was sensible and clever like all monkeys. He kept a cool head. Calmly he said, ""I'd do anything for you and your family. You are my only friend. After all, what is a monkey's heart compared with the life of a crocodile's wife? But how foolish could you be? Why didn't you tell me before? I'd have brought my heart along.""

""But where is your heart?"" asked the crocodile innocently. ""I thought you carried it all the time.""

""Of course not. It's there on the tree. Let's swim back at once and get it. Your wife must be waiting,"" replied the monkey gaining confidence.

""Oh dear! What a mistake!"" hissed the crocodile. They laughed loudly as the crocodile took a full turn to reach the tree.

On the river-bank, the monkey jumped on to the tree and heaved a deep sigh of relief. He plucked a fruit or two from the nearest branch and throwing them down said, ""Let your wife have some fruit rather than my heart. Fresh fruits are good for mind and body. Good bye, friend, and if you don't mind, we won't meet again."" The crocodile, sadder and wiser, shed a few tears which were genuine and turned back to go home. He was in a hurry to tell his wife a thing or two.
",Why was the crocodile’s wife annoyed with her husband one day?,"The crocodile’s wife was annoyed with her husband one day because the crocodile came home very late that
day, and she had to manage the little crocodiles all by herself."
"## The Monkey and the Crocodile

Once, on the bank of a river, a monkey made a home for himself in a tree laden with fruit. He lived in it happily eating to his heart's content the fruit of his choice.

The monkey was happy but lonely and wanted a companion to talk to and share the fruits with. But there was no one around, not even another monkey, till one day a crocodile appeared on the riverside.

""Hello, there,"" said the monkey. ""Do you live in this river? Would you like to eat some fruit?""

""Good morning,"" replied the crocodile politely. ""I did come here in search of food for myself and my wife. Nice of you to offer me fruit.""

The monkey plucked some from the nearest branch and threw them down. The crocodile found them delicious. ""Thanks,"" he said. ""May I have some on my next visit?""

""Certainly, as many as you like and some for your wife too,"" said the monkey. ""Do come again. I'm rather lonely here.""

The crocodile visited the monkey regularly and ate the fruits which his host threw down. He took some home for his wife. The monkey and the crocodile were now the best of friends. They talked and were never tired of talking. They talked about birds and animals, about the villages nearby and the difficulties villagers faced in raising good crops for lack of rain.

One day the crocodile stayed with the monkey longer than usual. His wife was annoyed waiting and waiting managing the little crocodiles that had just been hatched. She said, ""Who is this friend of yours you are so fond of?""

""Oh, he is a very nice monkey,"" he replied. ""He lives on a fruit-tree. He sends fruits for you everyday. You don't expect me to climb trees, do you?""

""A nice monkey, I'm sure,"" replied the wife with obvious sarcasm. ""If you ask me, this monkey should be my food. I want to eat his heart so much.""

""What a foolish thing to say!"" shouted the crocodile. ""I can't kill a friend, though I won't mind a monkey occasionally for a change of taste.""

""You bring him here,"" ordered the wife. ""I want to see him."" ""So you can eat him. Never!"" declared her husband.

His wife was furious and she dived in to hide herself at the bottom of the river leaving the little ones to pester their father.

The crocodile was in a serious dilemma. He loved his wife and was very fond of his friend too. Finally, he decided to be on the side of his wife. She was his life-partner after all. 'I know it's a sin to betray a friend, but I have no choice,' he said to himself. 'I'll invite the monkey home and hope for the best.'

""My wife wants you over for a meal, dear friend,"" said the crocodile when he visited the monkey next. ""You must come home with me today.""

""With pleasure,"" said the monkey. ""I'm no swimmer, but can ride on your back."" And they set out.

In the middle of the river, where the current was the strongest, the crocodile could no longer hide his intention. ""Sorry, my friend,"" he said hesitatingly, ""but I have to go under water now. I've brought you here to kill you. My wife cannot survive without eating your heart. Good bye.""

The monkey was scared and distressed. But he was sensible and clever like all monkeys. He kept a cool head. Calmly he said, ""I'd do anything for you and your family. You are my only friend. After all, what is a monkey's heart compared with the life of a crocodile's wife? But how foolish could you be? Why didn't you tell me before? I'd have brought my heart along.""

""But where is your heart?"" asked the crocodile innocently. ""I thought you carried it all the time.""

""Of course not. It's there on the tree. Let's swim back at once and get it. Your wife must be waiting,"" replied the monkey gaining confidence.

""Oh dear! What a mistake!"" hissed the crocodile. They laughed loudly as the crocodile took a full turn to reach the tree.

On the river-bank, the monkey jumped on to the tree and heaved a deep sigh of relief. He plucked a fruit or two from the nearest branch and throwing them down said, ""Let your wife have some fruit rather than my heart. Fresh fruits are good for mind and body. Good bye, friend, and if you don't mind, we won't meet again."" The crocodile, sadder and wiser, shed a few tears which were genuine and turned back to go home. He was in a hurry to tell his wife a thing or two.
",Why was the crocodile unwilling to invite his friend home?,"The crocodile was unwilling to invite his friend home because his wife wanted to eat the monkey’s heart. The
crocodile did not want to betray his best friend. So, he refused to oblige her and shouted angrily at her."
"## The Monkey and the Crocodile

Once, on the bank of a river, a monkey made a home for himself in a tree laden with fruit. He lived in it happily eating to his heart's content the fruit of his choice.

The monkey was happy but lonely and wanted a companion to talk to and share the fruits with. But there was no one around, not even another monkey, till one day a crocodile appeared on the riverside.

""Hello, there,"" said the monkey. ""Do you live in this river? Would you like to eat some fruit?""

""Good morning,"" replied the crocodile politely. ""I did come here in search of food for myself and my wife. Nice of you to offer me fruit.""

The monkey plucked some from the nearest branch and threw them down. The crocodile found them delicious. ""Thanks,"" he said. ""May I have some on my next visit?""

""Certainly, as many as you like and some for your wife too,"" said the monkey. ""Do come again. I'm rather lonely here.""

The crocodile visited the monkey regularly and ate the fruits which his host threw down. He took some home for his wife. The monkey and the crocodile were now the best of friends. They talked and were never tired of talking. They talked about birds and animals, about the villages nearby and the difficulties villagers faced in raising good crops for lack of rain.

One day the crocodile stayed with the monkey longer than usual. His wife was annoyed waiting and waiting managing the little crocodiles that had just been hatched. She said, ""Who is this friend of yours you are so fond of?""

""Oh, he is a very nice monkey,"" he replied. ""He lives on a fruit-tree. He sends fruits for you everyday. You don't expect me to climb trees, do you?""

""A nice monkey, I'm sure,"" replied the wife with obvious sarcasm. ""If you ask me, this monkey should be my food. I want to eat his heart so much.""

""What a foolish thing to say!"" shouted the crocodile. ""I can't kill a friend, though I won't mind a monkey occasionally for a change of taste.""

""You bring him here,"" ordered the wife. ""I want to see him."" ""So you can eat him. Never!"" declared her husband.

His wife was furious and she dived in to hide herself at the bottom of the river leaving the little ones to pester their father.

The crocodile was in a serious dilemma. He loved his wife and was very fond of his friend too. Finally, he decided to be on the side of his wife. She was his life-partner after all. 'I know it's a sin to betray a friend, but I have no choice,' he said to himself. 'I'll invite the monkey home and hope for the best.'

""My wife wants you over for a meal, dear friend,"" said the crocodile when he visited the monkey next. ""You must come home with me today.""

""With pleasure,"" said the monkey. ""I'm no swimmer, but can ride on your back."" And they set out.

In the middle of the river, where the current was the strongest, the crocodile could no longer hide his intention. ""Sorry, my friend,"" he said hesitatingly, ""but I have to go under water now. I've brought you here to kill you. My wife cannot survive without eating your heart. Good bye.""

The monkey was scared and distressed. But he was sensible and clever like all monkeys. He kept a cool head. Calmly he said, ""I'd do anything for you and your family. You are my only friend. After all, what is a monkey's heart compared with the life of a crocodile's wife? But how foolish could you be? Why didn't you tell me before? I'd have brought my heart along.""

""But where is your heart?"" asked the crocodile innocently. ""I thought you carried it all the time.""

""Of course not. It's there on the tree. Let's swim back at once and get it. Your wife must be waiting,"" replied the monkey gaining confidence.

""Oh dear! What a mistake!"" hissed the crocodile. They laughed loudly as the crocodile took a full turn to reach the tree.

On the river-bank, the monkey jumped on to the tree and heaved a deep sigh of relief. He plucked a fruit or two from the nearest branch and throwing them down said, ""Let your wife have some fruit rather than my heart. Fresh fruits are good for mind and body. Good bye, friend, and if you don't mind, we won't meet again."" The crocodile, sadder and wiser, shed a few tears which were genuine and turned back to go home. He was in a hurry to tell his wife a thing or two.
",What did the crocodile tell the monkey midstream?,The crocodile told the monkey midstream that he would have to go underwater now so that he could kill the monkey and give the monkey’s heart to his wife for a meal.
"## The Monkey and the Crocodile

Once, on the bank of a river, a monkey made a home for himself in a tree laden with fruit. He lived in it happily eating to his heart's content the fruit of his choice.

The monkey was happy but lonely and wanted a companion to talk to and share the fruits with. But there was no one around, not even another monkey, till one day a crocodile appeared on the riverside.

""Hello, there,"" said the monkey. ""Do you live in this river? Would you like to eat some fruit?""

""Good morning,"" replied the crocodile politely. ""I did come here in search of food for myself and my wife. Nice of you to offer me fruit.""

The monkey plucked some from the nearest branch and threw them down. The crocodile found them delicious. ""Thanks,"" he said. ""May I have some on my next visit?""

""Certainly, as many as you like and some for your wife too,"" said the monkey. ""Do come again. I'm rather lonely here.""

The crocodile visited the monkey regularly and ate the fruits which his host threw down. He took some home for his wife. The monkey and the crocodile were now the best of friends. They talked and were never tired of talking. They talked about birds and animals, about the villages nearby and the difficulties villagers faced in raising good crops for lack of rain.

One day the crocodile stayed with the monkey longer than usual. His wife was annoyed waiting and waiting managing the little crocodiles that had just been hatched. She said, ""Who is this friend of yours you are so fond of?""

""Oh, he is a very nice monkey,"" he replied. ""He lives on a fruit-tree. He sends fruits for you everyday. You don't expect me to climb trees, do you?""

""A nice monkey, I'm sure,"" replied the wife with obvious sarcasm. ""If you ask me, this monkey should be my food. I want to eat his heart so much.""

""What a foolish thing to say!"" shouted the crocodile. ""I can't kill a friend, though I won't mind a monkey occasionally for a change of taste.""

""You bring him here,"" ordered the wife. ""I want to see him."" ""So you can eat him. Never!"" declared her husband.

His wife was furious and she dived in to hide herself at the bottom of the river leaving the little ones to pester their father.

The crocodile was in a serious dilemma. He loved his wife and was very fond of his friend too. Finally, he decided to be on the side of his wife. She was his life-partner after all. 'I know it's a sin to betray a friend, but I have no choice,' he said to himself. 'I'll invite the monkey home and hope for the best.'

""My wife wants you over for a meal, dear friend,"" said the crocodile when he visited the monkey next. ""You must come home with me today.""

""With pleasure,"" said the monkey. ""I'm no swimmer, but can ride on your back."" And they set out.

In the middle of the river, where the current was the strongest, the crocodile could no longer hide his intention. ""Sorry, my friend,"" he said hesitatingly, ""but I have to go under water now. I've brought you here to kill you. My wife cannot survive without eating your heart. Good bye.""

The monkey was scared and distressed. But he was sensible and clever like all monkeys. He kept a cool head. Calmly he said, ""I'd do anything for you and your family. You are my only friend. After all, what is a monkey's heart compared with the life of a crocodile's wife? But how foolish could you be? Why didn't you tell me before? I'd have brought my heart along.""

""But where is your heart?"" asked the crocodile innocently. ""I thought you carried it all the time.""

""Of course not. It's there on the tree. Let's swim back at once and get it. Your wife must be waiting,"" replied the monkey gaining confidence.

""Oh dear! What a mistake!"" hissed the crocodile. They laughed loudly as the crocodile took a full turn to reach the tree.

On the river-bank, the monkey jumped on to the tree and heaved a deep sigh of relief. He plucked a fruit or two from the nearest branch and throwing them down said, ""Let your wife have some fruit rather than my heart. Fresh fruits are good for mind and body. Good bye, friend, and if you don't mind, we won't meet again."" The crocodile, sadder and wiser, shed a few tears which were genuine and turned back to go home. He was in a hurry to tell his wife a thing or two.
",How did the monkey save himself?,"Although he was shocked and distressed, the monkey kept calm. He said that he would do anything for the crocodile and his family. But unfortunately, he did not bring his heart along with him and left it on the tree. The foolish crocodile believed the monkey and took him back to the tree. The monkey jumped to the tree at once and, thus, saved himself."
"## The Monkey and the Crocodile

Once, on the bank of a river, a monkey made a home for himself in a tree laden with fruit. He lived in it happily eating to his heart's content the fruit of his choice.

The monkey was happy but lonely and wanted a companion to talk to and share the fruits with. But there was no one around, not even another monkey, till one day a crocodile appeared on the riverside.

""Hello, there,"" said the monkey. ""Do you live in this river? Would you like to eat some fruit?""

""Good morning,"" replied the crocodile politely. ""I did come here in search of food for myself and my wife. Nice of you to offer me fruit.""

The monkey plucked some from the nearest branch and threw them down. The crocodile found them delicious. ""Thanks,"" he said. ""May I have some on my next visit?""

""Certainly, as many as you like and some for your wife too,"" said the monkey. ""Do come again. I'm rather lonely here.""

The crocodile visited the monkey regularly and ate the fruits which his host threw down. He took some home for his wife. The monkey and the crocodile were now the best of friends. They talked and were never tired of talking. They talked about birds and animals, about the villages nearby and the difficulties villagers faced in raising good crops for lack of rain.

One day the crocodile stayed with the monkey longer than usual. His wife was annoyed waiting and waiting managing the little crocodiles that had just been hatched. She said, ""Who is this friend of yours you are so fond of?""

""Oh, he is a very nice monkey,"" he replied. ""He lives on a fruit-tree. He sends fruits for you everyday. You don't expect me to climb trees, do you?""

""A nice monkey, I'm sure,"" replied the wife with obvious sarcasm. ""If you ask me, this monkey should be my food. I want to eat his heart so much.""

""What a foolish thing to say!"" shouted the crocodile. ""I can't kill a friend, though I won't mind a monkey occasionally for a change of taste.""

""You bring him here,"" ordered the wife. ""I want to see him."" ""So you can eat him. Never!"" declared her husband.

His wife was furious and she dived in to hide herself at the bottom of the river leaving the little ones to pester their father.

The crocodile was in a serious dilemma. He loved his wife and was very fond of his friend too. Finally, he decided to be on the side of his wife. She was his life-partner after all. 'I know it's a sin to betray a friend, but I have no choice,' he said to himself. 'I'll invite the monkey home and hope for the best.'

""My wife wants you over for a meal, dear friend,"" said the crocodile when he visited the monkey next. ""You must come home with me today.""

""With pleasure,"" said the monkey. ""I'm no swimmer, but can ride on your back."" And they set out.

In the middle of the river, where the current was the strongest, the crocodile could no longer hide his intention. ""Sorry, my friend,"" he said hesitatingly, ""but I have to go under water now. I've brought you here to kill you. My wife cannot survive without eating your heart. Good bye.""

The monkey was scared and distressed. But he was sensible and clever like all monkeys. He kept a cool head. Calmly he said, ""I'd do anything for you and your family. You are my only friend. After all, what is a monkey's heart compared with the life of a crocodile's wife? But how foolish could you be? Why didn't you tell me before? I'd have brought my heart along.""

""But where is your heart?"" asked the crocodile innocently. ""I thought you carried it all the time.""

""Of course not. It's there on the tree. Let's swim back at once and get it. Your wife must be waiting,"" replied the monkey gaining confidence.

""Oh dear! What a mistake!"" hissed the crocodile. They laughed loudly as the crocodile took a full turn to reach the tree.

On the river-bank, the monkey jumped on to the tree and heaved a deep sigh of relief. He plucked a fruit or two from the nearest branch and throwing them down said, ""Let your wife have some fruit rather than my heart. Fresh fruits are good for mind and body. Good bye, friend, and if you don't mind, we won't meet again."" The crocodile, sadder and wiser, shed a few tears which were genuine and turned back to go home. He was in a hurry to tell his wife a thing or two.
",What does the last sentence of the story suggest? What would the crocodile tell his wife?,"The crocodile was sadder and wiser. He would have told his wife about all that happened and how she broke a
great friendship because of her insecurity and greed."
"## The Wonder Called Sleep  

We know enough about what sleep is, though we don't know what exactly causes sleep. Sleep is a state of rest - an unconscious rest. When we sleep, our body recovers from fatigue caused by the day's activities. After a good sleep and the rest that it gives, we become alert and active again, ready for the normal activities of the day.  

When we wake up in the morning, it is not always possible for us to remember what happened when we were asleep. We may remember a dream but the rest of our sleep was a kind of darkness in which nothing seems to have taken place.  

Several things happen to our body while we are sleeping. As we sink deeper into sleep, our muscles relax more and more. Our heartbeat becomes slower. Our temperature and blood pressure go down. The ever-active brain also slows down so that we can't think or act consciously. But we dream.  

When we wake up, our temperature and blood pressure rise to normal. Our heartbeat and breathing also become normal and we are fully awake, and have forgotten most, if not all, the dreams that we had while sleeping.  

What is a dream? It is an activity of the mind that takes place when we are asleep. Some dreams are probable while others are not. That only means that many of the things that happen in dreams could happen when we are awake. Others could not. Dreams seem to be important for several reasons. One is that a dream can help us to sleep through noise or other disturbances. For example, the alarm clock rings, but our mind causes us to dream that the telephone or doorbell is ringing, and that we are awake and answering it.  

Certain doctors have found that one's dreams often reveal a great deal about one's problems and that, if understood correctly, they can provide a key to the solution of those problems. But we must remember one thing. Dreams cannot be used as a way to tell the future. They simply can never tell the future.  

Sleep is the most common experience, but how many of us really think about the wonder and power of sleep? Many poets have written beautiful poems about sleep.
",What is the most obvious advantage of sleep?,"The most obvious advantage of sleep is that it helps our body recover from fatigue caused by the day’s activities. It helps us in relaxing our minds and gives rest to our exhausted bodies. We tend to become alert and active after taking a nap, and it prepares us to take on the normal activities of the day."
"## The Wonder Called Sleep  

We know enough about what sleep is, though we don't know what exactly causes sleep. Sleep is a state of rest - an unconscious rest. When we sleep, our body recovers from fatigue caused by the day's activities. After a good sleep and the rest that it gives, we become alert and active again, ready for the normal activities of the day.  

When we wake up in the morning, it is not always possible for us to remember what happened when we were asleep. We may remember a dream but the rest of our sleep was a kind of darkness in which nothing seems to have taken place.  

Several things happen to our body while we are sleeping. As we sink deeper into sleep, our muscles relax more and more. Our heartbeat becomes slower. Our temperature and blood pressure go down. The ever-active brain also slows down so that we can't think or act consciously. But we dream.  

When we wake up, our temperature and blood pressure rise to normal. Our heartbeat and breathing also become normal and we are fully awake, and have forgotten most, if not all, the dreams that we had while sleeping.  

What is a dream? It is an activity of the mind that takes place when we are asleep. Some dreams are probable while others are not. That only means that many of the things that happen in dreams could happen when we are awake. Others could not. Dreams seem to be important for several reasons. One is that a dream can help us to sleep through noise or other disturbances. For example, the alarm clock rings, but our mind causes us to dream that the telephone or doorbell is ringing, and that we are awake and answering it.  

Certain doctors have found that one's dreams often reveal a great deal about one's problems and that, if understood correctly, they can provide a key to the solution of those problems. But we must remember one thing. Dreams cannot be used as a way to tell the future. They simply can never tell the future.  

Sleep is the most common experience, but how many of us really think about the wonder and power of sleep? Many poets have written beautiful poems about sleep.
",What happens to our body when we sleep,"During sleep, the muscles of our body become relaxed, our heartbeat becomes slower, and our temperature and blood pressure also go down."
"## The Wonder Called Sleep  

We know enough about what sleep is, though we don't know what exactly causes sleep. Sleep is a state of rest - an unconscious rest. When we sleep, our body recovers from fatigue caused by the day's activities. After a good sleep and the rest that it gives, we become alert and active again, ready for the normal activities of the day.  

When we wake up in the morning, it is not always possible for us to remember what happened when we were asleep. We may remember a dream but the rest of our sleep was a kind of darkness in which nothing seems to have taken place.  

Several things happen to our body while we are sleeping. As we sink deeper into sleep, our muscles relax more and more. Our heartbeat becomes slower. Our temperature and blood pressure go down. The ever-active brain also slows down so that we can't think or act consciously. But we dream.  

When we wake up, our temperature and blood pressure rise to normal. Our heartbeat and breathing also become normal and we are fully awake, and have forgotten most, if not all, the dreams that we had while sleeping.  

What is a dream? It is an activity of the mind that takes place when we are asleep. Some dreams are probable while others are not. That only means that many of the things that happen in dreams could happen when we are awake. Others could not. Dreams seem to be important for several reasons. One is that a dream can help us to sleep through noise or other disturbances. For example, the alarm clock rings, but our mind causes us to dream that the telephone or doorbell is ringing, and that we are awake and answering it.  

Certain doctors have found that one's dreams often reveal a great deal about one's problems and that, if understood correctly, they can provide a key to the solution of those problems. But we must remember one thing. Dreams cannot be used as a way to tell the future. They simply can never tell the future.  

Sleep is the most common experience, but how many of us really think about the wonder and power of sleep? Many poets have written beautiful poems about sleep.
",Define a dream in your own words.,"A dream is an involuntary activity of the mind in which we see a succession of pictures, sensations and emotions that usually occur during different phases of sleep."
"## The Wonder Called Sleep  

We know enough about what sleep is, though we don't know what exactly causes sleep. Sleep is a state of rest - an unconscious rest. When we sleep, our body recovers from fatigue caused by the day's activities. After a good sleep and the rest that it gives, we become alert and active again, ready for the normal activities of the day.  

When we wake up in the morning, it is not always possible for us to remember what happened when we were asleep. We may remember a dream but the rest of our sleep was a kind of darkness in which nothing seems to have taken place.  

Several things happen to our body while we are sleeping. As we sink deeper into sleep, our muscles relax more and more. Our heartbeat becomes slower. Our temperature and blood pressure go down. The ever-active brain also slows down so that we can't think or act consciously. But we dream.  

When we wake up, our temperature and blood pressure rise to normal. Our heartbeat and breathing also become normal and we are fully awake, and have forgotten most, if not all, the dreams that we had while sleeping.  

What is a dream? It is an activity of the mind that takes place when we are asleep. Some dreams are probable while others are not. That only means that many of the things that happen in dreams could happen when we are awake. Others could not. Dreams seem to be important for several reasons. One is that a dream can help us to sleep through noise or other disturbances. For example, the alarm clock rings, but our mind causes us to dream that the telephone or doorbell is ringing, and that we are awake and answering it.  

Certain doctors have found that one's dreams often reveal a great deal about one's problems and that, if understood correctly, they can provide a key to the solution of those problems. But we must remember one thing. Dreams cannot be used as a way to tell the future. They simply can never tell the future.  

Sleep is the most common experience, but how many of us really think about the wonder and power of sleep? Many poets have written beautiful poems about sleep.
",Why are dreams important? Mention two reasons.,"Dreams are important mainly for two reasons. These include the following:
1. They give us an insight into our subconscious fears and worries.
2. Sometimes they provide us with solutions to certain mental problems that we face."
"## The Wonder Called Sleep  

We know enough about what sleep is, though we don't know what exactly causes sleep. Sleep is a state of rest - an unconscious rest. When we sleep, our body recovers from fatigue caused by the day's activities. After a good sleep and the rest that it gives, we become alert and active again, ready for the normal activities of the day.  

When we wake up in the morning, it is not always possible for us to remember what happened when we were asleep. We may remember a dream but the rest of our sleep was a kind of darkness in which nothing seems to have taken place.  

Several things happen to our body while we are sleeping. As we sink deeper into sleep, our muscles relax more and more. Our heartbeat becomes slower. Our temperature and blood pressure go down. The ever-active brain also slows down so that we can't think or act consciously. But we dream.  

When we wake up, our temperature and blood pressure rise to normal. Our heartbeat and breathing also become normal and we are fully awake, and have forgotten most, if not all, the dreams that we had while sleeping.  

What is a dream? It is an activity of the mind that takes place when we are asleep. Some dreams are probable while others are not. That only means that many of the things that happen in dreams could happen when we are awake. Others could not. Dreams seem to be important for several reasons. One is that a dream can help us to sleep through noise or other disturbances. For example, the alarm clock rings, but our mind causes us to dream that the telephone or doorbell is ringing, and that we are awake and answering it.  

Certain doctors have found that one's dreams often reveal a great deal about one's problems and that, if understood correctly, they can provide a key to the solution of those problems. But we must remember one thing. Dreams cannot be used as a way to tell the future. They simply can never tell the future.  

Sleep is the most common experience, but how many of us really think about the wonder and power of sleep? Many poets have written beautiful poems about sleep.
",Why has sleep been called a wonder?,"Sleep has been regarded as a wonder because nobody has been able to justify or explain what exactly causes it. It is a state of unconscious rest that transports us to a world of dreams and helps us to escape from the real world. Good sleep is often considered necessary for the optimal physical, mental and emotional development of a person."
"## The Wonder Called Sleep  

We know enough about what sleep is, though we don't know what exactly causes sleep. Sleep is a state of rest - an unconscious rest. When we sleep, our body recovers from fatigue caused by the day's activities. After a good sleep and the rest that it gives, we become alert and active again, ready for the normal activities of the day.  

When we wake up in the morning, it is not always possible for us to remember what happened when we were asleep. We may remember a dream but the rest of our sleep was a kind of darkness in which nothing seems to have taken place.  

Several things happen to our body while we are sleeping. As we sink deeper into sleep, our muscles relax more and more. Our heartbeat becomes slower. Our temperature and blood pressure go down. The ever-active brain also slows down so that we can't think or act consciously. But we dream.  

When we wake up, our temperature and blood pressure rise to normal. Our heartbeat and breathing also become normal and we are fully awake, and have forgotten most, if not all, the dreams that we had while sleeping.  

What is a dream? It is an activity of the mind that takes place when we are asleep. Some dreams are probable while others are not. That only means that many of the things that happen in dreams could happen when we are awake. Others could not. Dreams seem to be important for several reasons. One is that a dream can help us to sleep through noise or other disturbances. For example, the alarm clock rings, but our mind causes us to dream that the telephone or doorbell is ringing, and that we are awake and answering it.  

Certain doctors have found that one's dreams often reveal a great deal about one's problems and that, if understood correctly, they can provide a key to the solution of those problems. But we must remember one thing. Dreams cannot be used as a way to tell the future. They simply can never tell the future.  

Sleep is the most common experience, but how many of us really think about the wonder and power of sleep? Many poets have written beautiful poems about sleep.
",Describe briefly to the class an improbable dream you have ever had.,"One night I dreamt that I had won a jackpot of 10 million rupees in a lottery. I bought a luxurious car, house and beautiful presents for my family members with the prize money. We went on a vacation to Ladakh in our car. I was driving the car, and I suddenly applied the brakes, and we stopped with a jerk. I was stunned, and I suddenly found myself lying on my bed and realised that it was a dream."
"## A Pact with the Sun

Saeeda's mother had been ailing for a long time - fever, cough, body-ache, painful joints and what not. Treated by a variety of physicians for weeks, she often showed signs of improvement but soon relapsed into her old, sick self, one complaint substituted by another. Though weak and colourless, she was forbidden normal food and was under strict orders to remain perpetually confined to her small, dingy room with doors and windows fastened, deprived of sunshine and fresh air.  

When she became critical, her relatives and neighbours persuaded her to consult a specialist even though his fee was likely to be high. Life is more precious than money, they said. Saeeda's mother was poor but she heeded their advice and sold a few trinkets to pay the doctor's fee and the cost of medicine.  

The doctor came in a few days and examined her and prescribed effective but costly medicine. To the question as to what she should eat he said, ""Anything you wish to eat chapati, vegetables, milk, fruits, etc. In addition to all this,"" he added emphatically, ""leave this dark hovel and occupy a bigger room with doors and windows open. Sit in the sun every morning from eight to nine. Sunshine and fresh air,"" he concluded, ""are more important than medicine.""  

The doctor and his advice became a subject of noisy commentary among all present. Some favoured while others opposed it. Exposure to sun and air for someone afflicted with chronic cough was dangerous, an experienced lady declared. A younger neighbour nearly quarrelled with her over this. Too exhausted to participate in the debate, Saeeda's mother remained quiet but determined to follow the doctor's advice. ""Forget the consequences,"" she said at last. ""I'll carry out his instructions to the letter. Move my bed into the next room and let me sit in the sun on my charpoy for an hour daily.""  

It so happened that the sky remained overcast next morning. The same was the case the following day. Saeeda's mother was dejected. She muttered, ""O Lord of mine, why have you ordered the sun to remain hidden? How will I ever be cured?""  

Saeeda was playing with her doll nearby and she heard her mother's lament but kept calm. Later in the afternoon, when she stumbled on a spot of pale sunshine in the courtyard, she ran to her mother to say the sun was there. ""No, no"", said everybody present. ""It's too late and chilly. Your mother can't sit out there."" Disheartened, Saeeda returned to her doll. There was no sun really except for its last remnant entangled in the top branches of the family mango tree.  

Now, children have at their command a secret language, foreign to grown-ups altogether, in which they fluently communicate with trees, flowers, animals, the sun and the moon, perhaps even with the Almighty. Using that special language, Saeeda addressed her remark to the last departing ray of the sun. ""Dearest sister, do come tomorrow with lots of warmth and brightness. You see, my mother is ill and needs your help.  
""Surely,"" answered the light, ""don't look unhappy. We'll be here at the fixed hour.""  

Next day, early in the morning, when the sprightly sunrays embellished themselves for their journey down to earth, the sun said, ""It's our day off again. We're staying up here. The road to earth is blocked by an army of thick, mucky clouds."" The little rays so much wanted to go down for a lark but they remained quiet. One of them, though, who had made a pact with little Saeeda said, ""Sir, I can't stay back. I've given my word to Saeeda whose mother is ill and needs our help. I'll pierce through the clouds to reach Saeeda's courtyard. How else will her mother be cured?"" Hearing this, all the rays nearly staged a revolt against their father, the sun. ""Fancy staying back again,"" they said in a single voice. ""What will the people of the earth say about us? That we of the heavens have turned liars?""  

The sun relented. ""Please yourselves,"" he said. ""Mind your clothes, though. The clouds are mucky.""  
""Never mind our clothes. We can always change. But go we must."" And the rays rushed towards the earth. The clouds stood guard between them and Saeeda's courtyard. The little rays focussed their heat - and they had enough of it - on a battalion of clouds, which had to flee from its post. The rays got through, shooting past the bewildered clouds. They were already late.  

Saeeda saw the whole host of them approaching and her heart leapt with joy. She shouted, ""Amma, Amma! The sun is here. Come out."" The old lady's eyes welled up with tears of gratitude. Her charpoy was placed in the courtyard and she sat on it for an hour reclining against bolsters. It had been months since she had felt the sun on her hands and face and breathed in fresh air. She thought she was in a new world. Though pale, her face glowed and her eyes shone bright. She saw her child too bathed in sunlight and kissed her. The morning air brought in a new fragrance from nearby flowers. The birds chanted a new tune. Saeeda's mother felt better already.  

She is fully recovered now, but she still follows the doctor's advice - an hour of sunlight and lungfuls of fresh air every day.  

~ Zakir Husain  
","What did the physicians ask Saeeda’s mother to do to get well? Did their advice help her? If not, why?","The physicians asked Saeeda’s mother to avoid normal food. She was given strict orders to stay confined to
her small room with doors and windows fastened, in the lack of sunshine and fresh air to breathe."
"## A Pact with the Sun

Saeeda's mother had been ailing for a long time - fever, cough, body-ache, painful joints and what not. Treated by a variety of physicians for weeks, she often showed signs of improvement but soon relapsed into her old, sick self, one complaint substituted by another. Though weak and colourless, she was forbidden normal food and was under strict orders to remain perpetually confined to her small, dingy room with doors and windows fastened, deprived of sunshine and fresh air.  

When she became critical, her relatives and neighbours persuaded her to consult a specialist even though his fee was likely to be high. Life is more precious than money, they said. Saeeda's mother was poor but she heeded their advice and sold a few trinkets to pay the doctor's fee and the cost of medicine.  

The doctor came in a few days and examined her and prescribed effective but costly medicine. To the question as to what she should eat he said, ""Anything you wish to eat chapati, vegetables, milk, fruits, etc. In addition to all this,"" he added emphatically, ""leave this dark hovel and occupy a bigger room with doors and windows open. Sit in the sun every morning from eight to nine. Sunshine and fresh air,"" he concluded, ""are more important than medicine.""  

The doctor and his advice became a subject of noisy commentary among all present. Some favoured while others opposed it. Exposure to sun and air for someone afflicted with chronic cough was dangerous, an experienced lady declared. A younger neighbour nearly quarrelled with her over this. Too exhausted to participate in the debate, Saeeda's mother remained quiet but determined to follow the doctor's advice. ""Forget the consequences,"" she said at last. ""I'll carry out his instructions to the letter. Move my bed into the next room and let me sit in the sun on my charpoy for an hour daily.""  

It so happened that the sky remained overcast next morning. The same was the case the following day. Saeeda's mother was dejected. She muttered, ""O Lord of mine, why have you ordered the sun to remain hidden? How will I ever be cured?""  

Saeeda was playing with her doll nearby and she heard her mother's lament but kept calm. Later in the afternoon, when she stumbled on a spot of pale sunshine in the courtyard, she ran to her mother to say the sun was there. ""No, no"", said everybody present. ""It's too late and chilly. Your mother can't sit out there."" Disheartened, Saeeda returned to her doll. There was no sun really except for its last remnant entangled in the top branches of the family mango tree.  

Now, children have at their command a secret language, foreign to grown-ups altogether, in which they fluently communicate with trees, flowers, animals, the sun and the moon, perhaps even with the Almighty. Using that special language, Saeeda addressed her remark to the last departing ray of the sun. ""Dearest sister, do come tomorrow with lots of warmth and brightness. You see, my mother is ill and needs your help.  
""Surely,"" answered the light, ""don't look unhappy. We'll be here at the fixed hour.""  

Next day, early in the morning, when the sprightly sunrays embellished themselves for their journey down to earth, the sun said, ""It's our day off again. We're staying up here. The road to earth is blocked by an army of thick, mucky clouds."" The little rays so much wanted to go down for a lark but they remained quiet. One of them, though, who had made a pact with little Saeeda said, ""Sir, I can't stay back. I've given my word to Saeeda whose mother is ill and needs our help. I'll pierce through the clouds to reach Saeeda's courtyard. How else will her mother be cured?"" Hearing this, all the rays nearly staged a revolt against their father, the sun. ""Fancy staying back again,"" they said in a single voice. ""What will the people of the earth say about us? That we of the heavens have turned liars?""  

The sun relented. ""Please yourselves,"" he said. ""Mind your clothes, though. The clouds are mucky.""  
""Never mind our clothes. We can always change. But go we must."" And the rays rushed towards the earth. The clouds stood guard between them and Saeeda's courtyard. The little rays focussed their heat - and they had enough of it - on a battalion of clouds, which had to flee from its post. The rays got through, shooting past the bewildered clouds. They were already late.  

Saeeda saw the whole host of them approaching and her heart leapt with joy. She shouted, ""Amma, Amma! The sun is here. Come out."" The old lady's eyes welled up with tears of gratitude. Her charpoy was placed in the courtyard and she sat on it for an hour reclining against bolsters. It had been months since she had felt the sun on her hands and face and breathed in fresh air. She thought she was in a new world. Though pale, her face glowed and her eyes shone bright. She saw her child too bathed in sunlight and kissed her. The morning air brought in a new fragrance from nearby flowers. The birds chanted a new tune. Saeeda's mother felt better already.  

She is fully recovered now, but she still follows the doctor's advice - an hour of sunlight and lungfuls of fresh air every day.  

~ Zakir Husain  
",What did the specialist prescribe in addition to medicine?,"In addition to medicine, the specialist prescribed Saeeda’s mother to sit in the sun from eight to nine in the
morning. He said that sunshine and fresh air are more important than medicine."
"## A Pact with the Sun

Saeeda's mother had been ailing for a long time - fever, cough, body-ache, painful joints and what not. Treated by a variety of physicians for weeks, she often showed signs of improvement but soon relapsed into her old, sick self, one complaint substituted by another. Though weak and colourless, she was forbidden normal food and was under strict orders to remain perpetually confined to her small, dingy room with doors and windows fastened, deprived of sunshine and fresh air.  

When she became critical, her relatives and neighbours persuaded her to consult a specialist even though his fee was likely to be high. Life is more precious than money, they said. Saeeda's mother was poor but she heeded their advice and sold a few trinkets to pay the doctor's fee and the cost of medicine.  

The doctor came in a few days and examined her and prescribed effective but costly medicine. To the question as to what she should eat he said, ""Anything you wish to eat chapati, vegetables, milk, fruits, etc. In addition to all this,"" he added emphatically, ""leave this dark hovel and occupy a bigger room with doors and windows open. Sit in the sun every morning from eight to nine. Sunshine and fresh air,"" he concluded, ""are more important than medicine.""  

The doctor and his advice became a subject of noisy commentary among all present. Some favoured while others opposed it. Exposure to sun and air for someone afflicted with chronic cough was dangerous, an experienced lady declared. A younger neighbour nearly quarrelled with her over this. Too exhausted to participate in the debate, Saeeda's mother remained quiet but determined to follow the doctor's advice. ""Forget the consequences,"" she said at last. ""I'll carry out his instructions to the letter. Move my bed into the next room and let me sit in the sun on my charpoy for an hour daily.""  

It so happened that the sky remained overcast next morning. The same was the case the following day. Saeeda's mother was dejected. She muttered, ""O Lord of mine, why have you ordered the sun to remain hidden? How will I ever be cured?""  

Saeeda was playing with her doll nearby and she heard her mother's lament but kept calm. Later in the afternoon, when she stumbled on a spot of pale sunshine in the courtyard, she ran to her mother to say the sun was there. ""No, no"", said everybody present. ""It's too late and chilly. Your mother can't sit out there."" Disheartened, Saeeda returned to her doll. There was no sun really except for its last remnant entangled in the top branches of the family mango tree.  

Now, children have at their command a secret language, foreign to grown-ups altogether, in which they fluently communicate with trees, flowers, animals, the sun and the moon, perhaps even with the Almighty. Using that special language, Saeeda addressed her remark to the last departing ray of the sun. ""Dearest sister, do come tomorrow with lots of warmth and brightness. You see, my mother is ill and needs your help.  
""Surely,"" answered the light, ""don't look unhappy. We'll be here at the fixed hour.""  

Next day, early in the morning, when the sprightly sunrays embellished themselves for their journey down to earth, the sun said, ""It's our day off again. We're staying up here. The road to earth is blocked by an army of thick, mucky clouds."" The little rays so much wanted to go down for a lark but they remained quiet. One of them, though, who had made a pact with little Saeeda said, ""Sir, I can't stay back. I've given my word to Saeeda whose mother is ill and needs our help. I'll pierce through the clouds to reach Saeeda's courtyard. How else will her mother be cured?"" Hearing this, all the rays nearly staged a revolt against their father, the sun. ""Fancy staying back again,"" they said in a single voice. ""What will the people of the earth say about us? That we of the heavens have turned liars?""  

The sun relented. ""Please yourselves,"" he said. ""Mind your clothes, though. The clouds are mucky.""  
""Never mind our clothes. We can always change. But go we must."" And the rays rushed towards the earth. The clouds stood guard between them and Saeeda's courtyard. The little rays focussed their heat - and they had enough of it - on a battalion of clouds, which had to flee from its post. The rays got through, shooting past the bewildered clouds. They were already late.  

Saeeda saw the whole host of them approaching and her heart leapt with joy. She shouted, ""Amma, Amma! The sun is here. Come out."" The old lady's eyes welled up with tears of gratitude. Her charpoy was placed in the courtyard and she sat on it for an hour reclining against bolsters. It had been months since she had felt the sun on her hands and face and breathed in fresh air. She thought she was in a new world. Though pale, her face glowed and her eyes shone bright. She saw her child too bathed in sunlight and kissed her. The morning air brought in a new fragrance from nearby flowers. The birds chanted a new tune. Saeeda's mother felt better already.  

She is fully recovered now, but she still follows the doctor's advice - an hour of sunlight and lungfuls of fresh air every day.  

~ Zakir Husain  
",What did Saeeda tell the sunrays to do?,Saeeda requested the sunrays to appear the next morning with lots of warmth and brightness so that her mother could sit in the sun.
"## A Pact with the Sun

Saeeda's mother had been ailing for a long time - fever, cough, body-ache, painful joints and what not. Treated by a variety of physicians for weeks, she often showed signs of improvement but soon relapsed into her old, sick self, one complaint substituted by another. Though weak and colourless, she was forbidden normal food and was under strict orders to remain perpetually confined to her small, dingy room with doors and windows fastened, deprived of sunshine and fresh air.  

When she became critical, her relatives and neighbours persuaded her to consult a specialist even though his fee was likely to be high. Life is more precious than money, they said. Saeeda's mother was poor but she heeded their advice and sold a few trinkets to pay the doctor's fee and the cost of medicine.  

The doctor came in a few days and examined her and prescribed effective but costly medicine. To the question as to what she should eat he said, ""Anything you wish to eat chapati, vegetables, milk, fruits, etc. In addition to all this,"" he added emphatically, ""leave this dark hovel and occupy a bigger room with doors and windows open. Sit in the sun every morning from eight to nine. Sunshine and fresh air,"" he concluded, ""are more important than medicine.""  

The doctor and his advice became a subject of noisy commentary among all present. Some favoured while others opposed it. Exposure to sun and air for someone afflicted with chronic cough was dangerous, an experienced lady declared. A younger neighbour nearly quarrelled with her over this. Too exhausted to participate in the debate, Saeeda's mother remained quiet but determined to follow the doctor's advice. ""Forget the consequences,"" she said at last. ""I'll carry out his instructions to the letter. Move my bed into the next room and let me sit in the sun on my charpoy for an hour daily.""  

It so happened that the sky remained overcast next morning. The same was the case the following day. Saeeda's mother was dejected. She muttered, ""O Lord of mine, why have you ordered the sun to remain hidden? How will I ever be cured?""  

Saeeda was playing with her doll nearby and she heard her mother's lament but kept calm. Later in the afternoon, when she stumbled on a spot of pale sunshine in the courtyard, she ran to her mother to say the sun was there. ""No, no"", said everybody present. ""It's too late and chilly. Your mother can't sit out there."" Disheartened, Saeeda returned to her doll. There was no sun really except for its last remnant entangled in the top branches of the family mango tree.  

Now, children have at their command a secret language, foreign to grown-ups altogether, in which they fluently communicate with trees, flowers, animals, the sun and the moon, perhaps even with the Almighty. Using that special language, Saeeda addressed her remark to the last departing ray of the sun. ""Dearest sister, do come tomorrow with lots of warmth and brightness. You see, my mother is ill and needs your help.  
""Surely,"" answered the light, ""don't look unhappy. We'll be here at the fixed hour.""  

Next day, early in the morning, when the sprightly sunrays embellished themselves for their journey down to earth, the sun said, ""It's our day off again. We're staying up here. The road to earth is blocked by an army of thick, mucky clouds."" The little rays so much wanted to go down for a lark but they remained quiet. One of them, though, who had made a pact with little Saeeda said, ""Sir, I can't stay back. I've given my word to Saeeda whose mother is ill and needs our help. I'll pierce through the clouds to reach Saeeda's courtyard. How else will her mother be cured?"" Hearing this, all the rays nearly staged a revolt against their father, the sun. ""Fancy staying back again,"" they said in a single voice. ""What will the people of the earth say about us? That we of the heavens have turned liars?""  

The sun relented. ""Please yourselves,"" he said. ""Mind your clothes, though. The clouds are mucky.""  
""Never mind our clothes. We can always change. But go we must."" And the rays rushed towards the earth. The clouds stood guard between them and Saeeda's courtyard. The little rays focussed their heat - and they had enough of it - on a battalion of clouds, which had to flee from its post. The rays got through, shooting past the bewildered clouds. They were already late.  

Saeeda saw the whole host of them approaching and her heart leapt with joy. She shouted, ""Amma, Amma! The sun is here. Come out."" The old lady's eyes welled up with tears of gratitude. Her charpoy was placed in the courtyard and she sat on it for an hour reclining against bolsters. It had been months since she had felt the sun on her hands and face and breathed in fresh air. She thought she was in a new world. Though pale, her face glowed and her eyes shone bright. She saw her child too bathed in sunlight and kissed her. The morning air brought in a new fragrance from nearby flowers. The birds chanted a new tune. Saeeda's mother felt better already.  

She is fully recovered now, but she still follows the doctor's advice - an hour of sunlight and lungfuls of fresh air every day.  

~ Zakir Husain  
",Why were the sunrays keen to go down to the earth the next day?,"The sunrays were keen to go down to the earth the next day because they had promised Saeeda to help her
mother get better. To keep their promise, they forced their way through the dark clouds."
"## What Happened to the Reptiles

You may not believe this story. But I can tell you it is true, because I have been to Pambupatti, a village on the edge of the jungle. It is on a cliff, and the vast forest stretches below like a mossy green carpet. There are many kinds of people in the village - dark, fair, tall, short. They speak many languages. Some eat meat, some don't. Some pray in a small temple at the edge of the forest. Others pray in a mosque some miles away.

My name is Prem and I live many hundred miles away from Pambupatti. I had heard about the village, but I'd never been there. Then last year, something terrible happened. The people of my own village went mad. Far, far away in a place they have never even been to, a temple or mosque had been burnt down, and they went mad. They started fighting with one another. Some had to run away in the middle of the night. And at three in the morning, as I lay in my house, half awake to the sounds of hate and violence, there was a fire. Many houses were burnt down in the fire. One of them was mine.

I managed to grab a few clothes, some coins, my little Ganesh statue, and I ran! I ran for a day and a night, resting whenever my legs would not carry me any further. I jumped on to a train, then on a bus. No tickets. Never mind, everyone seemed to be running. Finally, I found myself in Pambupatti, and I saw some villagers gathered near a well. I ran to them, and before I could say a thing, I fainted.

When I opened my eyes, I saw an old man with white hair, white beard and shining black eyes bending over me. For the next few days, he looked after me, putting food in my mouth and bringing me sweet, cool water from the stream. He rubbed my feet gently and made the pain go away. Neighbours, strangers - everyone came to visit me.

""Tell me, Grandfather,"" I said to him one day. ""I have never seen people like the villagers here! In my village, people fight with those who pray to another god. But here ... this seems a very strange place!""

""Prem,"" replied the old man, ""I will tell you the story of Pambupatti. You can take this story back to your village. Maybe it will heal some of its wounds, and dry some of its sores.""

""Oh, Grandfather,"" I said anxiously, ""don't say that. What I have seen in my village makes me burn with shame. I never, never want to go back there.""

""But that's exactly why you must go back,"" he said, in a soft voice. I kept quiet. I didn't want to argue with him, and I wanted to hear his story.

It happened a long, long time ago, he began. So long ago that there were no schools and no teachers. Children lived in caves with their parents and helped them to collect fruit and berries from the forest. At that time, there were no tigers or panthers or elephants in Pambupatti forest. There were only reptiles, many kinds of reptiles. Now you know what reptiles are. Snakes, crocodiles, turtles, lizards. And you know that a reptile has scales on its body and it lays eggs. Every month, the reptiles of Pambupatti had a big meeting. Everyone came - the pretty excited snakes, the slow thoughtful tortoises, the clever quick lizards, and the moody crocodiles, grumpy because they were out of water. The president of these meetings was Makara, the biggest crocodile of the forest. All the animals thought he was very important. When someone is strong and powerful, you know, it is difficult not to go along with what he says or does.

Now, one day, a strange thing happened. It was a week before one of the monthly meetings. Makara sent a letter to the tortoises, asking them not to come to the meeting. Ahistay, the big old star tortoise with black and yellow pictures on his shell, was very angry.

""What does this mean?"" he shouted. ""How dare they!"" But not one of the tortoises had the courage to attend the meeting - they were so few, the others so many!

Before the meeting, the giant Makara polished his teeth with the red flowers of the tree by the river till they sparkled. Everyone was waiting for him at the meeting place.

""Brothers and sisters,"" he began. All the reptiles, even the beautiful king cobras, stopped talking. Makara continued his speech. ""I have decided that we don't need the tortoises! I have told them not to come today. Brothers and sisters, can you tell me why we don't like the tortoises?""

The reptiles looked this way and that. They felt very uncomfortable. The snakes hissed anxiously, the lizards wriggled their tails, the crocodiles opened their jaws even wider.

""But..."" said one little lizard.

""No BUTS!"" shouted Makara. There was silence.

""I think ..."" said a baby crocodile.

""No I THINKS!"" screamed Makara, so loudly that the fruit in the tree above him rained down. After that, no one had the courage to speak.

Makara cleared his throat and showed a few more teeth. ""Well,"" he said, ""I will tell you why we don't like the tortoises. They are so slow! So stupid! They even carry their houses on their backs. Whoever heard of such a stupid thing? Now you lizards, you live in trees. Would you ever carry a TREE on your back? Would you?""

Small, frightened voices answered together, ""No, we wouldn't. But...""

""No BUTS! Now, listen. I have told the tortoises that they will have to move out of Pambupatti. When they go, we will have more of everything. More food, more water, more space. I want them out by tomorrow. But because they are such slowcoaches, I have given them one week. By next Tuesday we won't have a single tortoise left in this jungle!""

And by the following Tuesday, they were all gone. At first the animals were sad, but then they realised that what Makara had said was true. There was more food, more water, and more space for them! But soon, a strange smell began to fill the forest. It was the smell of rot - rotting fruit on the ground, rotting animals in the river. This was what the tortoises used to eat. And even Makara had to go about holding his nose with his big claws.

A month passed by, and then the same thing happened all over again. But this time, it was the snakes. Makara wrote them one of his letters. They were to leave the forest and, since they could move fast, they had to go in a day!

Naga, the head of the snakes, pleaded for more time, but Makara would not give in. At the meeting, he silenced the others - the lizards and crocodiles - with even louder shouts and threats. ""Snakes are slimy,"" he said, ""and they make funny noises. Who wants such weird creatures around?"" Again, no one dared to disagree with Makara, and so the snakes left.

For a while, the animals of the forest were happy because they had been a little afraid of the snakes. You never knew when one of them might lose his temper and spit some venom at you! And it took only a little poison to kill you, after all.

A few weeks passed and the animals of the forest looked tired and fed up. The RATS! Now that there were no snakes to eat them, the rats had taken over the forest. And they were having a wonderful time. They were everywhere, on the trees, in the grass, in the bushes, on the ground. They ate up the eggs of the lizards and crocodiles. There would be no babies that year. Makara's own nest of eggs had been chewed up.

Then Makara had a great idea. He called a meeting of the crocodiles and said, ""Wouldn't it be wonderful if we, the crocodiles, could have the WHOLE jungle for ourselves? No one but us? These lizards, now, just look at them! They have the strangest habits, and some of them even change colour! How can we trust someone who is green one minute, red the next? Let's get rid of them.""

By now, the crocodiles were really scared of Makara. So they clapped and cheered. Makara was pleased. The lizards left the forest, some with their babies on their backs.

But now, when life should have been wonderful for the crocodiles of Pambupatti, all kinds of awful things began to happen. To begin with, the rats grew bolder by the day. They became so fearless that they jumped and turned somersaults on the crocodiles' backs! And there were too many frogs. They seemed to be growing larger, and there was no one to eat them but the crocodiles. These huge frogs began to eat the baby crocodiles. And the insects! Now that the lizards were gone, there were millions of them, growing bigger and nastier by the day.

It was a terrible time for the crocodiles. They couldn't understand what had happened to their happy forest home.

Then one day, a squeaky little voice piped up at one of their meetings, ""We know why the forest has gone crazy, don't we?""

Suddenly everyone was silent. They looked at Makara fearfully, but to their surprise, he looked nervous. He shook a rat off his tail and asked the small crocodile. ""Why, little fellow?""

""It all began with the tort-""

""Okay, okay"", said Makara. ""There's no need to talk so much."" Makara didn't want to admit he was wrong, but it didn't matter. All the crocodiles knew now that he was not all that strong or powerful. Or always right. They sent urgent messages all over the place for the tortoises, snakes and lizards to come back to Pambupatti. And what a great day it was when these creatures came back, family after family, with their little ones on their backs or straggling behind, shouting at their parents to wait for them!

In two months, the forest was back to normal. The rats disappeared, and the insects, and the smell, and the world finally went back to its familiar old self.

""Well, Prem,"" said the old man, ""have you fallen asleep? Did my story send you off to dreamland?""

I shook my head. ""No, Grandfather, I was just thinking. Maybe it's time I went back to my own village, because I have a story to tell them. But what if they don't listen to me?""

""We can only keep at it, my son - tell these stories again and again, to more and more people. Some of them may laugh at you or say your stories are not true. But they may remember them one day, and understand that each of us has a place in this strange, funny world of ours.""
",In what way is Pambupatti different from any other village?,People in Pambupatti lived peacefully as they did not fight or get involved in communal riots in the name of religion or language. This proved that Pambupatti was not like any other village but different from them.
"## What Happened to the Reptiles

You may not believe this story. But I can tell you it is true, because I have been to Pambupatti, a village on the edge of the jungle. It is on a cliff, and the vast forest stretches below like a mossy green carpet. There are many kinds of people in the village - dark, fair, tall, short. They speak many languages. Some eat meat, some don't. Some pray in a small temple at the edge of the forest. Others pray in a mosque some miles away.

My name is Prem and I live many hundred miles away from Pambupatti. I had heard about the village, but I'd never been there. Then last year, something terrible happened. The people of my own village went mad. Far, far away in a place they have never even been to, a temple or mosque had been burnt down, and they went mad. They started fighting with one another. Some had to run away in the middle of the night. And at three in the morning, as I lay in my house, half awake to the sounds of hate and violence, there was a fire. Many houses were burnt down in the fire. One of them was mine.

I managed to grab a few clothes, some coins, my little Ganesh statue, and I ran! I ran for a day and a night, resting whenever my legs would not carry me any further. I jumped on to a train, then on a bus. No tickets. Never mind, everyone seemed to be running. Finally, I found myself in Pambupatti, and I saw some villagers gathered near a well. I ran to them, and before I could say a thing, I fainted.

When I opened my eyes, I saw an old man with white hair, white beard and shining black eyes bending over me. For the next few days, he looked after me, putting food in my mouth and bringing me sweet, cool water from the stream. He rubbed my feet gently and made the pain go away. Neighbours, strangers - everyone came to visit me.

""Tell me, Grandfather,"" I said to him one day. ""I have never seen people like the villagers here! In my village, people fight with those who pray to another god. But here ... this seems a very strange place!""

""Prem,"" replied the old man, ""I will tell you the story of Pambupatti. You can take this story back to your village. Maybe it will heal some of its wounds, and dry some of its sores.""

""Oh, Grandfather,"" I said anxiously, ""don't say that. What I have seen in my village makes me burn with shame. I never, never want to go back there.""

""But that's exactly why you must go back,"" he said, in a soft voice. I kept quiet. I didn't want to argue with him, and I wanted to hear his story.

It happened a long, long time ago, he began. So long ago that there were no schools and no teachers. Children lived in caves with their parents and helped them to collect fruit and berries from the forest. At that time, there were no tigers or panthers or elephants in Pambupatti forest. There were only reptiles, many kinds of reptiles. Now you know what reptiles are. Snakes, crocodiles, turtles, lizards. And you know that a reptile has scales on its body and it lays eggs. Every month, the reptiles of Pambupatti had a big meeting. Everyone came - the pretty excited snakes, the slow thoughtful tortoises, the clever quick lizards, and the moody crocodiles, grumpy because they were out of water. The president of these meetings was Makara, the biggest crocodile of the forest. All the animals thought he was very important. When someone is strong and powerful, you know, it is difficult not to go along with what he says or does.

Now, one day, a strange thing happened. It was a week before one of the monthly meetings. Makara sent a letter to the tortoises, asking them not to come to the meeting. Ahistay, the big old star tortoise with black and yellow pictures on his shell, was very angry.

""What does this mean?"" he shouted. ""How dare they!"" But not one of the tortoises had the courage to attend the meeting - they were so few, the others so many!

Before the meeting, the giant Makara polished his teeth with the red flowers of the tree by the river till they sparkled. Everyone was waiting for him at the meeting place.

""Brothers and sisters,"" he began. All the reptiles, even the beautiful king cobras, stopped talking. Makara continued his speech. ""I have decided that we don't need the tortoises! I have told them not to come today. Brothers and sisters, can you tell me why we don't like the tortoises?""

The reptiles looked this way and that. They felt very uncomfortable. The snakes hissed anxiously, the lizards wriggled their tails, the crocodiles opened their jaws even wider.

""But..."" said one little lizard.

""No BUTS!"" shouted Makara. There was silence.

""I think ..."" said a baby crocodile.

""No I THINKS!"" screamed Makara, so loudly that the fruit in the tree above him rained down. After that, no one had the courage to speak.

Makara cleared his throat and showed a few more teeth. ""Well,"" he said, ""I will tell you why we don't like the tortoises. They are so slow! So stupid! They even carry their houses on their backs. Whoever heard of such a stupid thing? Now you lizards, you live in trees. Would you ever carry a TREE on your back? Would you?""

Small, frightened voices answered together, ""No, we wouldn't. But...""

""No BUTS! Now, listen. I have told the tortoises that they will have to move out of Pambupatti. When they go, we will have more of everything. More food, more water, more space. I want them out by tomorrow. But because they are such slowcoaches, I have given them one week. By next Tuesday we won't have a single tortoise left in this jungle!""

And by the following Tuesday, they were all gone. At first the animals were sad, but then they realised that what Makara had said was true. There was more food, more water, and more space for them! But soon, a strange smell began to fill the forest. It was the smell of rot - rotting fruit on the ground, rotting animals in the river. This was what the tortoises used to eat. And even Makara had to go about holding his nose with his big claws.

A month passed by, and then the same thing happened all over again. But this time, it was the snakes. Makara wrote them one of his letters. They were to leave the forest and, since they could move fast, they had to go in a day!

Naga, the head of the snakes, pleaded for more time, but Makara would not give in. At the meeting, he silenced the others - the lizards and crocodiles - with even louder shouts and threats. ""Snakes are slimy,"" he said, ""and they make funny noises. Who wants such weird creatures around?"" Again, no one dared to disagree with Makara, and so the snakes left.

For a while, the animals of the forest were happy because they had been a little afraid of the snakes. You never knew when one of them might lose his temper and spit some venom at you! And it took only a little poison to kill you, after all.

A few weeks passed and the animals of the forest looked tired and fed up. The RATS! Now that there were no snakes to eat them, the rats had taken over the forest. And they were having a wonderful time. They were everywhere, on the trees, in the grass, in the bushes, on the ground. They ate up the eggs of the lizards and crocodiles. There would be no babies that year. Makara's own nest of eggs had been chewed up.

Then Makara had a great idea. He called a meeting of the crocodiles and said, ""Wouldn't it be wonderful if we, the crocodiles, could have the WHOLE jungle for ourselves? No one but us? These lizards, now, just look at them! They have the strangest habits, and some of them even change colour! How can we trust someone who is green one minute, red the next? Let's get rid of them.""

By now, the crocodiles were really scared of Makara. So they clapped and cheered. Makara was pleased. The lizards left the forest, some with their babies on their backs.

But now, when life should have been wonderful for the crocodiles of Pambupatti, all kinds of awful things began to happen. To begin with, the rats grew bolder by the day. They became so fearless that they jumped and turned somersaults on the crocodiles' backs! And there were too many frogs. They seemed to be growing larger, and there was no one to eat them but the crocodiles. These huge frogs began to eat the baby crocodiles. And the insects! Now that the lizards were gone, there were millions of them, growing bigger and nastier by the day.

It was a terrible time for the crocodiles. They couldn't understand what had happened to their happy forest home.

Then one day, a squeaky little voice piped up at one of their meetings, ""We know why the forest has gone crazy, don't we?""

Suddenly everyone was silent. They looked at Makara fearfully, but to their surprise, he looked nervous. He shook a rat off his tail and asked the small crocodile. ""Why, little fellow?""

""It all began with the tort-""

""Okay, okay"", said Makara. ""There's no need to talk so much."" Makara didn't want to admit he was wrong, but it didn't matter. All the crocodiles knew now that he was not all that strong or powerful. Or always right. They sent urgent messages all over the place for the tortoises, snakes and lizards to come back to Pambupatti. And what a great day it was when these creatures came back, family after family, with their little ones on their backs or straggling behind, shouting at their parents to wait for them!

In two months, the forest was back to normal. The rats disappeared, and the insects, and the smell, and the world finally went back to its familiar old self.

""Well, Prem,"" said the old man, ""have you fallen asleep? Did my story send you off to dreamland?""

I shook my head. ""No, Grandfather, I was just thinking. Maybe it's time I went back to my own village, because I have a story to tell them. But what if they don't listen to me?""

""We can only keep at it, my son - tell these stories again and again, to more and more people. Some of them may laugh at you or say your stories are not true. But they may remember them one day, and understand that each of us has a place in this strange, funny world of ours.""
",Why is Prem determined not to return to his village?,"Prem was determined not to return to his village because communal riots of hate and violence were happening in his village. He and other villagers felt that it was unsafe for them to reside in the village where houses were being burnt, and people were killing each other and getting involved in communal violence."
"## What Happened to the Reptiles

You may not believe this story. But I can tell you it is true, because I have been to Pambupatti, a village on the edge of the jungle. It is on a cliff, and the vast forest stretches below like a mossy green carpet. There are many kinds of people in the village - dark, fair, tall, short. They speak many languages. Some eat meat, some don't. Some pray in a small temple at the edge of the forest. Others pray in a mosque some miles away.

My name is Prem and I live many hundred miles away from Pambupatti. I had heard about the village, but I'd never been there. Then last year, something terrible happened. The people of my own village went mad. Far, far away in a place they have never even been to, a temple or mosque had been burnt down, and they went mad. They started fighting with one another. Some had to run away in the middle of the night. And at three in the morning, as I lay in my house, half awake to the sounds of hate and violence, there was a fire. Many houses were burnt down in the fire. One of them was mine.

I managed to grab a few clothes, some coins, my little Ganesh statue, and I ran! I ran for a day and a night, resting whenever my legs would not carry me any further. I jumped on to a train, then on a bus. No tickets. Never mind, everyone seemed to be running. Finally, I found myself in Pambupatti, and I saw some villagers gathered near a well. I ran to them, and before I could say a thing, I fainted.

When I opened my eyes, I saw an old man with white hair, white beard and shining black eyes bending over me. For the next few days, he looked after me, putting food in my mouth and bringing me sweet, cool water from the stream. He rubbed my feet gently and made the pain go away. Neighbours, strangers - everyone came to visit me.

""Tell me, Grandfather,"" I said to him one day. ""I have never seen people like the villagers here! In my village, people fight with those who pray to another god. But here ... this seems a very strange place!""

""Prem,"" replied the old man, ""I will tell you the story of Pambupatti. You can take this story back to your village. Maybe it will heal some of its wounds, and dry some of its sores.""

""Oh, Grandfather,"" I said anxiously, ""don't say that. What I have seen in my village makes me burn with shame. I never, never want to go back there.""

""But that's exactly why you must go back,"" he said, in a soft voice. I kept quiet. I didn't want to argue with him, and I wanted to hear his story.

It happened a long, long time ago, he began. So long ago that there were no schools and no teachers. Children lived in caves with their parents and helped them to collect fruit and berries from the forest. At that time, there were no tigers or panthers or elephants in Pambupatti forest. There were only reptiles, many kinds of reptiles. Now you know what reptiles are. Snakes, crocodiles, turtles, lizards. And you know that a reptile has scales on its body and it lays eggs. Every month, the reptiles of Pambupatti had a big meeting. Everyone came - the pretty excited snakes, the slow thoughtful tortoises, the clever quick lizards, and the moody crocodiles, grumpy because they were out of water. The president of these meetings was Makara, the biggest crocodile of the forest. All the animals thought he was very important. When someone is strong and powerful, you know, it is difficult not to go along with what he says or does.

Now, one day, a strange thing happened. It was a week before one of the monthly meetings. Makara sent a letter to the tortoises, asking them not to come to the meeting. Ahistay, the big old star tortoise with black and yellow pictures on his shell, was very angry.

""What does this mean?"" he shouted. ""How dare they!"" But not one of the tortoises had the courage to attend the meeting - they were so few, the others so many!

Before the meeting, the giant Makara polished his teeth with the red flowers of the tree by the river till they sparkled. Everyone was waiting for him at the meeting place.

""Brothers and sisters,"" he began. All the reptiles, even the beautiful king cobras, stopped talking. Makara continued his speech. ""I have decided that we don't need the tortoises! I have told them not to come today. Brothers and sisters, can you tell me why we don't like the tortoises?""

The reptiles looked this way and that. They felt very uncomfortable. The snakes hissed anxiously, the lizards wriggled their tails, the crocodiles opened their jaws even wider.

""But..."" said one little lizard.

""No BUTS!"" shouted Makara. There was silence.

""I think ..."" said a baby crocodile.

""No I THINKS!"" screamed Makara, so loudly that the fruit in the tree above him rained down. After that, no one had the courage to speak.

Makara cleared his throat and showed a few more teeth. ""Well,"" he said, ""I will tell you why we don't like the tortoises. They are so slow! So stupid! They even carry their houses on their backs. Whoever heard of such a stupid thing? Now you lizards, you live in trees. Would you ever carry a TREE on your back? Would you?""

Small, frightened voices answered together, ""No, we wouldn't. But...""

""No BUTS! Now, listen. I have told the tortoises that they will have to move out of Pambupatti. When they go, we will have more of everything. More food, more water, more space. I want them out by tomorrow. But because they are such slowcoaches, I have given them one week. By next Tuesday we won't have a single tortoise left in this jungle!""

And by the following Tuesday, they were all gone. At first the animals were sad, but then they realised that what Makara had said was true. There was more food, more water, and more space for them! But soon, a strange smell began to fill the forest. It was the smell of rot - rotting fruit on the ground, rotting animals in the river. This was what the tortoises used to eat. And even Makara had to go about holding his nose with his big claws.

A month passed by, and then the same thing happened all over again. But this time, it was the snakes. Makara wrote them one of his letters. They were to leave the forest and, since they could move fast, they had to go in a day!

Naga, the head of the snakes, pleaded for more time, but Makara would not give in. At the meeting, he silenced the others - the lizards and crocodiles - with even louder shouts and threats. ""Snakes are slimy,"" he said, ""and they make funny noises. Who wants such weird creatures around?"" Again, no one dared to disagree with Makara, and so the snakes left.

For a while, the animals of the forest were happy because they had been a little afraid of the snakes. You never knew when one of them might lose his temper and spit some venom at you! And it took only a little poison to kill you, after all.

A few weeks passed and the animals of the forest looked tired and fed up. The RATS! Now that there were no snakes to eat them, the rats had taken over the forest. And they were having a wonderful time. They were everywhere, on the trees, in the grass, in the bushes, on the ground. They ate up the eggs of the lizards and crocodiles. There would be no babies that year. Makara's own nest of eggs had been chewed up.

Then Makara had a great idea. He called a meeting of the crocodiles and said, ""Wouldn't it be wonderful if we, the crocodiles, could have the WHOLE jungle for ourselves? No one but us? These lizards, now, just look at them! They have the strangest habits, and some of them even change colour! How can we trust someone who is green one minute, red the next? Let's get rid of them.""

By now, the crocodiles were really scared of Makara. So they clapped and cheered. Makara was pleased. The lizards left the forest, some with their babies on their backs.

But now, when life should have been wonderful for the crocodiles of Pambupatti, all kinds of awful things began to happen. To begin with, the rats grew bolder by the day. They became so fearless that they jumped and turned somersaults on the crocodiles' backs! And there were too many frogs. They seemed to be growing larger, and there was no one to eat them but the crocodiles. These huge frogs began to eat the baby crocodiles. And the insects! Now that the lizards were gone, there were millions of them, growing bigger and nastier by the day.

It was a terrible time for the crocodiles. They couldn't understand what had happened to their happy forest home.

Then one day, a squeaky little voice piped up at one of their meetings, ""We know why the forest has gone crazy, don't we?""

Suddenly everyone was silent. They looked at Makara fearfully, but to their surprise, he looked nervous. He shook a rat off his tail and asked the small crocodile. ""Why, little fellow?""

""It all began with the tort-""

""Okay, okay"", said Makara. ""There's no need to talk so much."" Makara didn't want to admit he was wrong, but it didn't matter. All the crocodiles knew now that he was not all that strong or powerful. Or always right. They sent urgent messages all over the place for the tortoises, snakes and lizards to come back to Pambupatti. And what a great day it was when these creatures came back, family after family, with their little ones on their backs or straggling behind, shouting at their parents to wait for them!

In two months, the forest was back to normal. The rats disappeared, and the insects, and the smell, and the world finally went back to its familiar old self.

""Well, Prem,"" said the old man, ""have you fallen asleep? Did my story send you off to dreamland?""

I shook my head. ""No, Grandfather, I was just thinking. Maybe it's time I went back to my own village, because I have a story to tell them. But what if they don't listen to me?""

""We can only keep at it, my son - tell these stories again and again, to more and more people. Some of them may laugh at you or say your stories are not true. But they may remember them one day, and understand that each of us has a place in this strange, funny world of ours.""
","Why did Makara dislike tortoises, snakes and lizards? Write a line about each","Makara disliked tortoises because they were slow and stupid, and carried their houses on their backs.
Makara disliked snakes because they were slimy, made funny noises and were poisonous in nature.
Makara disliked lizards because they had the strangest habits, such as changing colour, which made them unreliable."
"## What Happened to the Reptiles

You may not believe this story. But I can tell you it is true, because I have been to Pambupatti, a village on the edge of the jungle. It is on a cliff, and the vast forest stretches below like a mossy green carpet. There are many kinds of people in the village - dark, fair, tall, short. They speak many languages. Some eat meat, some don't. Some pray in a small temple at the edge of the forest. Others pray in a mosque some miles away.

My name is Prem and I live many hundred miles away from Pambupatti. I had heard about the village, but I'd never been there. Then last year, something terrible happened. The people of my own village went mad. Far, far away in a place they have never even been to, a temple or mosque had been burnt down, and they went mad. They started fighting with one another. Some had to run away in the middle of the night. And at three in the morning, as I lay in my house, half awake to the sounds of hate and violence, there was a fire. Many houses were burnt down in the fire. One of them was mine.

I managed to grab a few clothes, some coins, my little Ganesh statue, and I ran! I ran for a day and a night, resting whenever my legs would not carry me any further. I jumped on to a train, then on a bus. No tickets. Never mind, everyone seemed to be running. Finally, I found myself in Pambupatti, and I saw some villagers gathered near a well. I ran to them, and before I could say a thing, I fainted.

When I opened my eyes, I saw an old man with white hair, white beard and shining black eyes bending over me. For the next few days, he looked after me, putting food in my mouth and bringing me sweet, cool water from the stream. He rubbed my feet gently and made the pain go away. Neighbours, strangers - everyone came to visit me.

""Tell me, Grandfather,"" I said to him one day. ""I have never seen people like the villagers here! In my village, people fight with those who pray to another god. But here ... this seems a very strange place!""

""Prem,"" replied the old man, ""I will tell you the story of Pambupatti. You can take this story back to your village. Maybe it will heal some of its wounds, and dry some of its sores.""

""Oh, Grandfather,"" I said anxiously, ""don't say that. What I have seen in my village makes me burn with shame. I never, never want to go back there.""

""But that's exactly why you must go back,"" he said, in a soft voice. I kept quiet. I didn't want to argue with him, and I wanted to hear his story.

It happened a long, long time ago, he began. So long ago that there were no schools and no teachers. Children lived in caves with their parents and helped them to collect fruit and berries from the forest. At that time, there were no tigers or panthers or elephants in Pambupatti forest. There were only reptiles, many kinds of reptiles. Now you know what reptiles are. Snakes, crocodiles, turtles, lizards. And you know that a reptile has scales on its body and it lays eggs. Every month, the reptiles of Pambupatti had a big meeting. Everyone came - the pretty excited snakes, the slow thoughtful tortoises, the clever quick lizards, and the moody crocodiles, grumpy because they were out of water. The president of these meetings was Makara, the biggest crocodile of the forest. All the animals thought he was very important. When someone is strong and powerful, you know, it is difficult not to go along with what he says or does.

Now, one day, a strange thing happened. It was a week before one of the monthly meetings. Makara sent a letter to the tortoises, asking them not to come to the meeting. Ahistay, the big old star tortoise with black and yellow pictures on his shell, was very angry.

""What does this mean?"" he shouted. ""How dare they!"" But not one of the tortoises had the courage to attend the meeting - they were so few, the others so many!

Before the meeting, the giant Makara polished his teeth with the red flowers of the tree by the river till they sparkled. Everyone was waiting for him at the meeting place.

""Brothers and sisters,"" he began. All the reptiles, even the beautiful king cobras, stopped talking. Makara continued his speech. ""I have decided that we don't need the tortoises! I have told them not to come today. Brothers and sisters, can you tell me why we don't like the tortoises?""

The reptiles looked this way and that. They felt very uncomfortable. The snakes hissed anxiously, the lizards wriggled their tails, the crocodiles opened their jaws even wider.

""But..."" said one little lizard.

""No BUTS!"" shouted Makara. There was silence.

""I think ..."" said a baby crocodile.

""No I THINKS!"" screamed Makara, so loudly that the fruit in the tree above him rained down. After that, no one had the courage to speak.

Makara cleared his throat and showed a few more teeth. ""Well,"" he said, ""I will tell you why we don't like the tortoises. They are so slow! So stupid! They even carry their houses on their backs. Whoever heard of such a stupid thing? Now you lizards, you live in trees. Would you ever carry a TREE on your back? Would you?""

Small, frightened voices answered together, ""No, we wouldn't. But...""

""No BUTS! Now, listen. I have told the tortoises that they will have to move out of Pambupatti. When they go, we will have more of everything. More food, more water, more space. I want them out by tomorrow. But because they are such slowcoaches, I have given them one week. By next Tuesday we won't have a single tortoise left in this jungle!""

And by the following Tuesday, they were all gone. At first the animals were sad, but then they realised that what Makara had said was true. There was more food, more water, and more space for them! But soon, a strange smell began to fill the forest. It was the smell of rot - rotting fruit on the ground, rotting animals in the river. This was what the tortoises used to eat. And even Makara had to go about holding his nose with his big claws.

A month passed by, and then the same thing happened all over again. But this time, it was the snakes. Makara wrote them one of his letters. They were to leave the forest and, since they could move fast, they had to go in a day!

Naga, the head of the snakes, pleaded for more time, but Makara would not give in. At the meeting, he silenced the others - the lizards and crocodiles - with even louder shouts and threats. ""Snakes are slimy,"" he said, ""and they make funny noises. Who wants such weird creatures around?"" Again, no one dared to disagree with Makara, and so the snakes left.

For a while, the animals of the forest were happy because they had been a little afraid of the snakes. You never knew when one of them might lose his temper and spit some venom at you! And it took only a little poison to kill you, after all.

A few weeks passed and the animals of the forest looked tired and fed up. The RATS! Now that there were no snakes to eat them, the rats had taken over the forest. And they were having a wonderful time. They were everywhere, on the trees, in the grass, in the bushes, on the ground. They ate up the eggs of the lizards and crocodiles. There would be no babies that year. Makara's own nest of eggs had been chewed up.

Then Makara had a great idea. He called a meeting of the crocodiles and said, ""Wouldn't it be wonderful if we, the crocodiles, could have the WHOLE jungle for ourselves? No one but us? These lizards, now, just look at them! They have the strangest habits, and some of them even change colour! How can we trust someone who is green one minute, red the next? Let's get rid of them.""

By now, the crocodiles were really scared of Makara. So they clapped and cheered. Makara was pleased. The lizards left the forest, some with their babies on their backs.

But now, when life should have been wonderful for the crocodiles of Pambupatti, all kinds of awful things began to happen. To begin with, the rats grew bolder by the day. They became so fearless that they jumped and turned somersaults on the crocodiles' backs! And there were too many frogs. They seemed to be growing larger, and there was no one to eat them but the crocodiles. These huge frogs began to eat the baby crocodiles. And the insects! Now that the lizards were gone, there were millions of them, growing bigger and nastier by the day.

It was a terrible time for the crocodiles. They couldn't understand what had happened to their happy forest home.

Then one day, a squeaky little voice piped up at one of their meetings, ""We know why the forest has gone crazy, don't we?""

Suddenly everyone was silent. They looked at Makara fearfully, but to their surprise, he looked nervous. He shook a rat off his tail and asked the small crocodile. ""Why, little fellow?""

""It all began with the tort-""

""Okay, okay"", said Makara. ""There's no need to talk so much."" Makara didn't want to admit he was wrong, but it didn't matter. All the crocodiles knew now that he was not all that strong or powerful. Or always right. They sent urgent messages all over the place for the tortoises, snakes and lizards to come back to Pambupatti. And what a great day it was when these creatures came back, family after family, with their little ones on their backs or straggling behind, shouting at their parents to wait for them!

In two months, the forest was back to normal. The rats disappeared, and the insects, and the smell, and the world finally went back to its familiar old self.

""Well, Prem,"" said the old man, ""have you fallen asleep? Did my story send you off to dreamland?""

I shook my head. ""No, Grandfather, I was just thinking. Maybe it's time I went back to my own village, because I have a story to tell them. But what if they don't listen to me?""

""We can only keep at it, my son - tell these stories again and again, to more and more people. Some of them may laugh at you or say your stories are not true. But they may remember them one day, and understand that each of us has a place in this strange, funny world of ours.""
","What went wrong when the tortoises, snakes and lizards left the forest?","When the tortoises, snakes and lizards left the forest, they went through a tough phase. The forest was filled with a rotting smell of fruits and animals due to the absence of tortoises. Once the snakes left, the forest was taken over by the rats as there was no one to eat them. Finally, insects grew bigger and multiplied in millions due to the absence of the lizards."
"## What Happened to the Reptiles

You may not believe this story. But I can tell you it is true, because I have been to Pambupatti, a village on the edge of the jungle. It is on a cliff, and the vast forest stretches below like a mossy green carpet. There are many kinds of people in the village - dark, fair, tall, short. They speak many languages. Some eat meat, some don't. Some pray in a small temple at the edge of the forest. Others pray in a mosque some miles away.

My name is Prem and I live many hundred miles away from Pambupatti. I had heard about the village, but I'd never been there. Then last year, something terrible happened. The people of my own village went mad. Far, far away in a place they have never even been to, a temple or mosque had been burnt down, and they went mad. They started fighting with one another. Some had to run away in the middle of the night. And at three in the morning, as I lay in my house, half awake to the sounds of hate and violence, there was a fire. Many houses were burnt down in the fire. One of them was mine.

I managed to grab a few clothes, some coins, my little Ganesh statue, and I ran! I ran for a day and a night, resting whenever my legs would not carry me any further. I jumped on to a train, then on a bus. No tickets. Never mind, everyone seemed to be running. Finally, I found myself in Pambupatti, and I saw some villagers gathered near a well. I ran to them, and before I could say a thing, I fainted.

When I opened my eyes, I saw an old man with white hair, white beard and shining black eyes bending over me. For the next few days, he looked after me, putting food in my mouth and bringing me sweet, cool water from the stream. He rubbed my feet gently and made the pain go away. Neighbours, strangers - everyone came to visit me.

""Tell me, Grandfather,"" I said to him one day. ""I have never seen people like the villagers here! In my village, people fight with those who pray to another god. But here ... this seems a very strange place!""

""Prem,"" replied the old man, ""I will tell you the story of Pambupatti. You can take this story back to your village. Maybe it will heal some of its wounds, and dry some of its sores.""

""Oh, Grandfather,"" I said anxiously, ""don't say that. What I have seen in my village makes me burn with shame. I never, never want to go back there.""

""But that's exactly why you must go back,"" he said, in a soft voice. I kept quiet. I didn't want to argue with him, and I wanted to hear his story.

It happened a long, long time ago, he began. So long ago that there were no schools and no teachers. Children lived in caves with their parents and helped them to collect fruit and berries from the forest. At that time, there were no tigers or panthers or elephants in Pambupatti forest. There were only reptiles, many kinds of reptiles. Now you know what reptiles are. Snakes, crocodiles, turtles, lizards. And you know that a reptile has scales on its body and it lays eggs. Every month, the reptiles of Pambupatti had a big meeting. Everyone came - the pretty excited snakes, the slow thoughtful tortoises, the clever quick lizards, and the moody crocodiles, grumpy because they were out of water. The president of these meetings was Makara, the biggest crocodile of the forest. All the animals thought he was very important. When someone is strong and powerful, you know, it is difficult not to go along with what he says or does.

Now, one day, a strange thing happened. It was a week before one of the monthly meetings. Makara sent a letter to the tortoises, asking them not to come to the meeting. Ahistay, the big old star tortoise with black and yellow pictures on his shell, was very angry.

""What does this mean?"" he shouted. ""How dare they!"" But not one of the tortoises had the courage to attend the meeting - they were so few, the others so many!

Before the meeting, the giant Makara polished his teeth with the red flowers of the tree by the river till they sparkled. Everyone was waiting for him at the meeting place.

""Brothers and sisters,"" he began. All the reptiles, even the beautiful king cobras, stopped talking. Makara continued his speech. ""I have decided that we don't need the tortoises! I have told them not to come today. Brothers and sisters, can you tell me why we don't like the tortoises?""

The reptiles looked this way and that. They felt very uncomfortable. The snakes hissed anxiously, the lizards wriggled their tails, the crocodiles opened their jaws even wider.

""But..."" said one little lizard.

""No BUTS!"" shouted Makara. There was silence.

""I think ..."" said a baby crocodile.

""No I THINKS!"" screamed Makara, so loudly that the fruit in the tree above him rained down. After that, no one had the courage to speak.

Makara cleared his throat and showed a few more teeth. ""Well,"" he said, ""I will tell you why we don't like the tortoises. They are so slow! So stupid! They even carry their houses on their backs. Whoever heard of such a stupid thing? Now you lizards, you live in trees. Would you ever carry a TREE on your back? Would you?""

Small, frightened voices answered together, ""No, we wouldn't. But...""

""No BUTS! Now, listen. I have told the tortoises that they will have to move out of Pambupatti. When they go, we will have more of everything. More food, more water, more space. I want them out by tomorrow. But because they are such slowcoaches, I have given them one week. By next Tuesday we won't have a single tortoise left in this jungle!""

And by the following Tuesday, they were all gone. At first the animals were sad, but then they realised that what Makara had said was true. There was more food, more water, and more space for them! But soon, a strange smell began to fill the forest. It was the smell of rot - rotting fruit on the ground, rotting animals in the river. This was what the tortoises used to eat. And even Makara had to go about holding his nose with his big claws.

A month passed by, and then the same thing happened all over again. But this time, it was the snakes. Makara wrote them one of his letters. They were to leave the forest and, since they could move fast, they had to go in a day!

Naga, the head of the snakes, pleaded for more time, but Makara would not give in. At the meeting, he silenced the others - the lizards and crocodiles - with even louder shouts and threats. ""Snakes are slimy,"" he said, ""and they make funny noises. Who wants such weird creatures around?"" Again, no one dared to disagree with Makara, and so the snakes left.

For a while, the animals of the forest were happy because they had been a little afraid of the snakes. You never knew when one of them might lose his temper and spit some venom at you! And it took only a little poison to kill you, after all.

A few weeks passed and the animals of the forest looked tired and fed up. The RATS! Now that there were no snakes to eat them, the rats had taken over the forest. And they were having a wonderful time. They were everywhere, on the trees, in the grass, in the bushes, on the ground. They ate up the eggs of the lizards and crocodiles. There would be no babies that year. Makara's own nest of eggs had been chewed up.

Then Makara had a great idea. He called a meeting of the crocodiles and said, ""Wouldn't it be wonderful if we, the crocodiles, could have the WHOLE jungle for ourselves? No one but us? These lizards, now, just look at them! They have the strangest habits, and some of them even change colour! How can we trust someone who is green one minute, red the next? Let's get rid of them.""

By now, the crocodiles were really scared of Makara. So they clapped and cheered. Makara was pleased. The lizards left the forest, some with their babies on their backs.

But now, when life should have been wonderful for the crocodiles of Pambupatti, all kinds of awful things began to happen. To begin with, the rats grew bolder by the day. They became so fearless that they jumped and turned somersaults on the crocodiles' backs! And there were too many frogs. They seemed to be growing larger, and there was no one to eat them but the crocodiles. These huge frogs began to eat the baby crocodiles. And the insects! Now that the lizards were gone, there were millions of them, growing bigger and nastier by the day.

It was a terrible time for the crocodiles. They couldn't understand what had happened to their happy forest home.

Then one day, a squeaky little voice piped up at one of their meetings, ""We know why the forest has gone crazy, don't we?""

Suddenly everyone was silent. They looked at Makara fearfully, but to their surprise, he looked nervous. He shook a rat off his tail and asked the small crocodile. ""Why, little fellow?""

""It all began with the tort-""

""Okay, okay"", said Makara. ""There's no need to talk so much."" Makara didn't want to admit he was wrong, but it didn't matter. All the crocodiles knew now that he was not all that strong or powerful. Or always right. They sent urgent messages all over the place for the tortoises, snakes and lizards to come back to Pambupatti. And what a great day it was when these creatures came back, family after family, with their little ones on their backs or straggling behind, shouting at their parents to wait for them!

In two months, the forest was back to normal. The rats disappeared, and the insects, and the smell, and the world finally went back to its familiar old self.

""Well, Prem,"" said the old man, ""have you fallen asleep? Did my story send you off to dreamland?""

I shook my head. ""No, Grandfather, I was just thinking. Maybe it's time I went back to my own village, because I have a story to tell them. But what if they don't listen to me?""

""We can only keep at it, my son - tell these stories again and again, to more and more people. Some of them may laugh at you or say your stories are not true. But they may remember them one day, and understand that each of us has a place in this strange, funny world of ours.""
",Why do you think Prem wants to tell the story of the reptiles to the people of his village?,Prem wanted to tell the story of the reptiles to the people of his village because he understood that they had unnecessarily involved themselves in communal violence. He wanted the people of his village to live peacefully and maintain law and order. The story of the reptiles underlined the significance of living together in peace and harmony like Pambupatti.
"## What Happened to the Reptiles

You may not believe this story. But I can tell you it is true, because I have been to Pambupatti, a village on the edge of the jungle. It is on a cliff, and the vast forest stretches below like a mossy green carpet. There are many kinds of people in the village - dark, fair, tall, short. They speak many languages. Some eat meat, some don't. Some pray in a small temple at the edge of the forest. Others pray in a mosque some miles away.

My name is Prem and I live many hundred miles away from Pambupatti. I had heard about the village, but I'd never been there. Then last year, something terrible happened. The people of my own village went mad. Far, far away in a place they have never even been to, a temple or mosque had been burnt down, and they went mad. They started fighting with one another. Some had to run away in the middle of the night. And at three in the morning, as I lay in my house, half awake to the sounds of hate and violence, there was a fire. Many houses were burnt down in the fire. One of them was mine.

I managed to grab a few clothes, some coins, my little Ganesh statue, and I ran! I ran for a day and a night, resting whenever my legs would not carry me any further. I jumped on to a train, then on a bus. No tickets. Never mind, everyone seemed to be running. Finally, I found myself in Pambupatti, and I saw some villagers gathered near a well. I ran to them, and before I could say a thing, I fainted.

When I opened my eyes, I saw an old man with white hair, white beard and shining black eyes bending over me. For the next few days, he looked after me, putting food in my mouth and bringing me sweet, cool water from the stream. He rubbed my feet gently and made the pain go away. Neighbours, strangers - everyone came to visit me.

""Tell me, Grandfather,"" I said to him one day. ""I have never seen people like the villagers here! In my village, people fight with those who pray to another god. But here ... this seems a very strange place!""

""Prem,"" replied the old man, ""I will tell you the story of Pambupatti. You can take this story back to your village. Maybe it will heal some of its wounds, and dry some of its sores.""

""Oh, Grandfather,"" I said anxiously, ""don't say that. What I have seen in my village makes me burn with shame. I never, never want to go back there.""

""But that's exactly why you must go back,"" he said, in a soft voice. I kept quiet. I didn't want to argue with him, and I wanted to hear his story.

It happened a long, long time ago, he began. So long ago that there were no schools and no teachers. Children lived in caves with their parents and helped them to collect fruit and berries from the forest. At that time, there were no tigers or panthers or elephants in Pambupatti forest. There were only reptiles, many kinds of reptiles. Now you know what reptiles are. Snakes, crocodiles, turtles, lizards. And you know that a reptile has scales on its body and it lays eggs. Every month, the reptiles of Pambupatti had a big meeting. Everyone came - the pretty excited snakes, the slow thoughtful tortoises, the clever quick lizards, and the moody crocodiles, grumpy because they were out of water. The president of these meetings was Makara, the biggest crocodile of the forest. All the animals thought he was very important. When someone is strong and powerful, you know, it is difficult not to go along with what he says or does.

Now, one day, a strange thing happened. It was a week before one of the monthly meetings. Makara sent a letter to the tortoises, asking them not to come to the meeting. Ahistay, the big old star tortoise with black and yellow pictures on his shell, was very angry.

""What does this mean?"" he shouted. ""How dare they!"" But not one of the tortoises had the courage to attend the meeting - they were so few, the others so many!

Before the meeting, the giant Makara polished his teeth with the red flowers of the tree by the river till they sparkled. Everyone was waiting for him at the meeting place.

""Brothers and sisters,"" he began. All the reptiles, even the beautiful king cobras, stopped talking. Makara continued his speech. ""I have decided that we don't need the tortoises! I have told them not to come today. Brothers and sisters, can you tell me why we don't like the tortoises?""

The reptiles looked this way and that. They felt very uncomfortable. The snakes hissed anxiously, the lizards wriggled their tails, the crocodiles opened their jaws even wider.

""But..."" said one little lizard.

""No BUTS!"" shouted Makara. There was silence.

""I think ..."" said a baby crocodile.

""No I THINKS!"" screamed Makara, so loudly that the fruit in the tree above him rained down. After that, no one had the courage to speak.

Makara cleared his throat and showed a few more teeth. ""Well,"" he said, ""I will tell you why we don't like the tortoises. They are so slow! So stupid! They even carry their houses on their backs. Whoever heard of such a stupid thing? Now you lizards, you live in trees. Would you ever carry a TREE on your back? Would you?""

Small, frightened voices answered together, ""No, we wouldn't. But...""

""No BUTS! Now, listen. I have told the tortoises that they will have to move out of Pambupatti. When they go, we will have more of everything. More food, more water, more space. I want them out by tomorrow. But because they are such slowcoaches, I have given them one week. By next Tuesday we won't have a single tortoise left in this jungle!""

And by the following Tuesday, they were all gone. At first the animals were sad, but then they realised that what Makara had said was true. There was more food, more water, and more space for them! But soon, a strange smell began to fill the forest. It was the smell of rot - rotting fruit on the ground, rotting animals in the river. This was what the tortoises used to eat. And even Makara had to go about holding his nose with his big claws.

A month passed by, and then the same thing happened all over again. But this time, it was the snakes. Makara wrote them one of his letters. They were to leave the forest and, since they could move fast, they had to go in a day!

Naga, the head of the snakes, pleaded for more time, but Makara would not give in. At the meeting, he silenced the others - the lizards and crocodiles - with even louder shouts and threats. ""Snakes are slimy,"" he said, ""and they make funny noises. Who wants such weird creatures around?"" Again, no one dared to disagree with Makara, and so the snakes left.

For a while, the animals of the forest were happy because they had been a little afraid of the snakes. You never knew when one of them might lose his temper and spit some venom at you! And it took only a little poison to kill you, after all.

A few weeks passed and the animals of the forest looked tired and fed up. The RATS! Now that there were no snakes to eat them, the rats had taken over the forest. And they were having a wonderful time. They were everywhere, on the trees, in the grass, in the bushes, on the ground. They ate up the eggs of the lizards and crocodiles. There would be no babies that year. Makara's own nest of eggs had been chewed up.

Then Makara had a great idea. He called a meeting of the crocodiles and said, ""Wouldn't it be wonderful if we, the crocodiles, could have the WHOLE jungle for ourselves? No one but us? These lizards, now, just look at them! They have the strangest habits, and some of them even change colour! How can we trust someone who is green one minute, red the next? Let's get rid of them.""

By now, the crocodiles were really scared of Makara. So they clapped and cheered. Makara was pleased. The lizards left the forest, some with their babies on their backs.

But now, when life should have been wonderful for the crocodiles of Pambupatti, all kinds of awful things began to happen. To begin with, the rats grew bolder by the day. They became so fearless that they jumped and turned somersaults on the crocodiles' backs! And there were too many frogs. They seemed to be growing larger, and there was no one to eat them but the crocodiles. These huge frogs began to eat the baby crocodiles. And the insects! Now that the lizards were gone, there were millions of them, growing bigger and nastier by the day.

It was a terrible time for the crocodiles. They couldn't understand what had happened to their happy forest home.

Then one day, a squeaky little voice piped up at one of their meetings, ""We know why the forest has gone crazy, don't we?""

Suddenly everyone was silent. They looked at Makara fearfully, but to their surprise, he looked nervous. He shook a rat off his tail and asked the small crocodile. ""Why, little fellow?""

""It all began with the tort-""

""Okay, okay"", said Makara. ""There's no need to talk so much."" Makara didn't want to admit he was wrong, but it didn't matter. All the crocodiles knew now that he was not all that strong or powerful. Or always right. They sent urgent messages all over the place for the tortoises, snakes and lizards to come back to Pambupatti. And what a great day it was when these creatures came back, family after family, with their little ones on their backs or straggling behind, shouting at their parents to wait for them!

In two months, the forest was back to normal. The rats disappeared, and the insects, and the smell, and the world finally went back to its familiar old self.

""Well, Prem,"" said the old man, ""have you fallen asleep? Did my story send you off to dreamland?""

I shook my head. ""No, Grandfather, I was just thinking. Maybe it's time I went back to my own village, because I have a story to tell them. But what if they don't listen to me?""

""We can only keep at it, my son - tell these stories again and again, to more and more people. Some of them may laugh at you or say your stories are not true. But they may remember them one day, and understand that each of us has a place in this strange, funny world of ours.""
",Do you agree that it is difficult not to go along with someone who is very strong and powerful? Express your views frankly and clearly.,"On a general note, common people are peace-loving, weak and submissive in nature. Most of them do have a fear of the strong and powerful people due to their tyranny and unjust exercise of authority. It is a facet of the nature of ordinary people to adhere to the interests of the strong in order to maintain their own safety and security. But if such common people raise the bar by standing up against the bullies and start voicing their opinion against the tyrants, they are likely to overcome oppression and maintain peace and harmony in society"
"## What Happened to the Reptiles

You may not believe this story. But I can tell you it is true, because I have been to Pambupatti, a village on the edge of the jungle. It is on a cliff, and the vast forest stretches below like a mossy green carpet. There are many kinds of people in the village - dark, fair, tall, short. They speak many languages. Some eat meat, some don't. Some pray in a small temple at the edge of the forest. Others pray in a mosque some miles away.

My name is Prem and I live many hundred miles away from Pambupatti. I had heard about the village, but I'd never been there. Then last year, something terrible happened. The people of my own village went mad. Far, far away in a place they have never even been to, a temple or mosque had been burnt down, and they went mad. They started fighting with one another. Some had to run away in the middle of the night. And at three in the morning, as I lay in my house, half awake to the sounds of hate and violence, there was a fire. Many houses were burnt down in the fire. One of them was mine.

I managed to grab a few clothes, some coins, my little Ganesh statue, and I ran! I ran for a day and a night, resting whenever my legs would not carry me any further. I jumped on to a train, then on a bus. No tickets. Never mind, everyone seemed to be running. Finally, I found myself in Pambupatti, and I saw some villagers gathered near a well. I ran to them, and before I could say a thing, I fainted.

When I opened my eyes, I saw an old man with white hair, white beard and shining black eyes bending over me. For the next few days, he looked after me, putting food in my mouth and bringing me sweet, cool water from the stream. He rubbed my feet gently and made the pain go away. Neighbours, strangers - everyone came to visit me.

""Tell me, Grandfather,"" I said to him one day. ""I have never seen people like the villagers here! In my village, people fight with those who pray to another god. But here ... this seems a very strange place!""

""Prem,"" replied the old man, ""I will tell you the story of Pambupatti. You can take this story back to your village. Maybe it will heal some of its wounds, and dry some of its sores.""

""Oh, Grandfather,"" I said anxiously, ""don't say that. What I have seen in my village makes me burn with shame. I never, never want to go back there.""

""But that's exactly why you must go back,"" he said, in a soft voice. I kept quiet. I didn't want to argue with him, and I wanted to hear his story.

It happened a long, long time ago, he began. So long ago that there were no schools and no teachers. Children lived in caves with their parents and helped them to collect fruit and berries from the forest. At that time, there were no tigers or panthers or elephants in Pambupatti forest. There were only reptiles, many kinds of reptiles. Now you know what reptiles are. Snakes, crocodiles, turtles, lizards. And you know that a reptile has scales on its body and it lays eggs. Every month, the reptiles of Pambupatti had a big meeting. Everyone came - the pretty excited snakes, the slow thoughtful tortoises, the clever quick lizards, and the moody crocodiles, grumpy because they were out of water. The president of these meetings was Makara, the biggest crocodile of the forest. All the animals thought he was very important. When someone is strong and powerful, you know, it is difficult not to go along with what he says or does.

Now, one day, a strange thing happened. It was a week before one of the monthly meetings. Makara sent a letter to the tortoises, asking them not to come to the meeting. Ahistay, the big old star tortoise with black and yellow pictures on his shell, was very angry.

""What does this mean?"" he shouted. ""How dare they!"" But not one of the tortoises had the courage to attend the meeting - they were so few, the others so many!

Before the meeting, the giant Makara polished his teeth with the red flowers of the tree by the river till they sparkled. Everyone was waiting for him at the meeting place.

""Brothers and sisters,"" he began. All the reptiles, even the beautiful king cobras, stopped talking. Makara continued his speech. ""I have decided that we don't need the tortoises! I have told them not to come today. Brothers and sisters, can you tell me why we don't like the tortoises?""

The reptiles looked this way and that. They felt very uncomfortable. The snakes hissed anxiously, the lizards wriggled their tails, the crocodiles opened their jaws even wider.

""But..."" said one little lizard.

""No BUTS!"" shouted Makara. There was silence.

""I think ..."" said a baby crocodile.

""No I THINKS!"" screamed Makara, so loudly that the fruit in the tree above him rained down. After that, no one had the courage to speak.

Makara cleared his throat and showed a few more teeth. ""Well,"" he said, ""I will tell you why we don't like the tortoises. They are so slow! So stupid! They even carry their houses on their backs. Whoever heard of such a stupid thing? Now you lizards, you live in trees. Would you ever carry a TREE on your back? Would you?""

Small, frightened voices answered together, ""No, we wouldn't. But...""

""No BUTS! Now, listen. I have told the tortoises that they will have to move out of Pambupatti. When they go, we will have more of everything. More food, more water, more space. I want them out by tomorrow. But because they are such slowcoaches, I have given them one week. By next Tuesday we won't have a single tortoise left in this jungle!""

And by the following Tuesday, they were all gone. At first the animals were sad, but then they realised that what Makara had said was true. There was more food, more water, and more space for them! But soon, a strange smell began to fill the forest. It was the smell of rot - rotting fruit on the ground, rotting animals in the river. This was what the tortoises used to eat. And even Makara had to go about holding his nose with his big claws.

A month passed by, and then the same thing happened all over again. But this time, it was the snakes. Makara wrote them one of his letters. They were to leave the forest and, since they could move fast, they had to go in a day!

Naga, the head of the snakes, pleaded for more time, but Makara would not give in. At the meeting, he silenced the others - the lizards and crocodiles - with even louder shouts and threats. ""Snakes are slimy,"" he said, ""and they make funny noises. Who wants such weird creatures around?"" Again, no one dared to disagree with Makara, and so the snakes left.

For a while, the animals of the forest were happy because they had been a little afraid of the snakes. You never knew when one of them might lose his temper and spit some venom at you! And it took only a little poison to kill you, after all.

A few weeks passed and the animals of the forest looked tired and fed up. The RATS! Now that there were no snakes to eat them, the rats had taken over the forest. And they were having a wonderful time. They were everywhere, on the trees, in the grass, in the bushes, on the ground. They ate up the eggs of the lizards and crocodiles. There would be no babies that year. Makara's own nest of eggs had been chewed up.

Then Makara had a great idea. He called a meeting of the crocodiles and said, ""Wouldn't it be wonderful if we, the crocodiles, could have the WHOLE jungle for ourselves? No one but us? These lizards, now, just look at them! They have the strangest habits, and some of them even change colour! How can we trust someone who is green one minute, red the next? Let's get rid of them.""

By now, the crocodiles were really scared of Makara. So they clapped and cheered. Makara was pleased. The lizards left the forest, some with their babies on their backs.

But now, when life should have been wonderful for the crocodiles of Pambupatti, all kinds of awful things began to happen. To begin with, the rats grew bolder by the day. They became so fearless that they jumped and turned somersaults on the crocodiles' backs! And there were too many frogs. They seemed to be growing larger, and there was no one to eat them but the crocodiles. These huge frogs began to eat the baby crocodiles. And the insects! Now that the lizards were gone, there were millions of them, growing bigger and nastier by the day.

It was a terrible time for the crocodiles. They couldn't understand what had happened to their happy forest home.

Then one day, a squeaky little voice piped up at one of their meetings, ""We know why the forest has gone crazy, don't we?""

Suddenly everyone was silent. They looked at Makara fearfully, but to their surprise, he looked nervous. He shook a rat off his tail and asked the small crocodile. ""Why, little fellow?""

""It all began with the tort-""

""Okay, okay"", said Makara. ""There's no need to talk so much."" Makara didn't want to admit he was wrong, but it didn't matter. All the crocodiles knew now that he was not all that strong or powerful. Or always right. They sent urgent messages all over the place for the tortoises, snakes and lizards to come back to Pambupatti. And what a great day it was when these creatures came back, family after family, with their little ones on their backs or straggling behind, shouting at their parents to wait for them!

In two months, the forest was back to normal. The rats disappeared, and the insects, and the smell, and the world finally went back to its familiar old self.

""Well, Prem,"" said the old man, ""have you fallen asleep? Did my story send you off to dreamland?""

I shook my head. ""No, Grandfather, I was just thinking. Maybe it's time I went back to my own village, because I have a story to tell them. But what if they don't listen to me?""

""We can only keep at it, my son - tell these stories again and again, to more and more people. Some of them may laugh at you or say your stories are not true. But they may remember them one day, and understand that each of us has a place in this strange, funny world of ours.""
","If you were a baby crocodile, would you tell Makara that he was wrong? What would you say to convince him?","Being a baby crocodile, I would definitely explain to Makara the consequences the forest might face if the other reptiles left it. Besides, I would also mention that every living organism has the right to live on its own wherever it wants. It is imperative for strong people to protect the ordinary masses and not take undue advantage of their weaknesses. Therefore, every living being is interdependent and has a vital role to play in maintaining the ecological balance in the beautiful environment of the Earth."
"## A Strange Wrestling Match

Everybody believed that Vijay Singh, the famous wrestler, was unbeatable. Vijay Singh was a bit boastful at times. Once he took it upon himself to fight a ghost.

There was once a wrestler called Vijay Singh. A tall man with massive shoulders and muscular arms, he towered over others like a giant. Vijay Singh, people said, was a born wrestler and could beat all other wrestlers in the world.

This pahalwan had but one shortcoming which often landed him in awkward situations. He was fond of boasting. One day, he was sitting in the market-place surrounded by several young men. After drinking many glasses of milk, he suddenly proclaimed, ""Why are people afraid of ghosts? I am not. I wish I met a stout ghost. I'd teach him a lesson.""

There were murmurs of applause as well as apprehension among the young men. ""If you walk alone at night through the Haunted Desert,"" one of them said, ""you are sure to meet ghosts. They roam there freely. Strange shrieks and moans can be heard all over the place. Travellers have been looted and killed. Would you really want to go there?"" Vijay Singh's mighty heart missed a beat or two. Why did he have to boast? ""Yes, I have heard of the Haunted Desert,"" he said nonchalantly. ""I think it's just a fairy tale.""

""Oh no,"" said one of his admirers, ""it's true. This place is ten miles to the west on the road to Jaisalmer. The landmark is an ugly black rock that looks like the head of a camel. Beyond that there is nothing but sand and wilderness and, of course, ghosts.""

Vijay Singh set out to find a ghost in the Haunted Desert. An old woman gave him a small packet containing an egg and a lump of salt. Vijay Singh met a ghost who claimed he was his friend, Natwar.

Almost the entire village turned up that evening to bid farewell to Vijay Singh, who was ready to set out west. Just then an old woman came forward and thrust a small packet into his hands, and Vijay Singh started walking into the red sunset of the desert.

As he walked, the night deepened. The moon was bright and the stars shone clearly in the Rajasthan sky. Still a few miles short of his destination, Vijay Singh remembered the old woman's packet. He opened it and found nothing but a lump of salt and an egg. The old woman was well-known for her eccentricities.

As Vijay Singh stepped into the Haunted Desert, he heard a voice. ""Vijay Singh, Vijay Singh! You will get lost in the desert. Come this way. I am your friend, Natwar."" At once Vijay Singh realised it was not his friend but a ghost. Trying to sound brave, he called back, ""Where are you, my dear Natwar? It's dark and I cannot see you. Come here and show me the way."" Like all good wrestlers, Vijay Singh wanted to size up his enemy.

Soon the ghost appeared at his side. Vijay Singh peered into his face and declared, ""You are just a plain, lying ghost. Anyway, now I don't have to walk all night. I was longing to meet you."" Not used to insults, the ghost was taken aback. People generally started back in horror when they met him.

They often fainted. But here was this unfeeling creature claiming he wanted to meet a ghost. It didn't make sense.

""Really, I don't know why you longed to meet me,"" the ghost said.

""That proves,"" said Vijay Singh in a bored voice, ""that you are a stupid ghost. The least a ghost can do is to read a man's thoughts. However, a worthless ghost like you is better than no ghost. The fact is, I am tired of wrestling with men. I want to fight a ghost.""

The ghost was speechless. Marshalling his ghostly wits, he made an attempt to look Vijay Singh scornfully in the eye. ""Frankly,"" he said, ""you don't appear all that strong to me.""

""Appearances can be deceptive,"" Vijay Singh said. ""Take your own case. You claim to be Natwar, though actually you are a rascal of a ghost. If you doubt my strength, let me give you a demonstration of it.""

Vijay Singh demonstrated his strength by crushing what the ghost thought was a piece of rock. The ghost avoided a wrestling bout with Vijay Singh but decided to conquer him through cheating. He invited Vijay Singh to be his guest for the night.

Vijay Singh picked up a piece of rock from the sand. ""Take this,"" he offered it to the ghost, ""and squeeze it hard. It is filled with fluid. See if I am wrong."" While the ghost tried to squeeze the rock first with one hand, then with both, Vijay Singh stealthily took out the egg from his pocket.

Vijay Singh snatched the rock from the ghost and placed it between both hands and squeezed. At once the yellow yolk oozed from around his fingers, and the crackling of the egg-shell created the illusion of the stone being crushed. The ghost was so astonished he did not notice Vijay Singh bending to clean his hands with sand and disposing of the tell-tale shell. Vijay Singh then picked up another piece of rock and gave it to the ghost. Without a word the ghost took it, felt it, and peered at it. Vijay Singh put his hand into his pocket to take out the lump of salt.

""This is only a stone,"" protested the ghost. ""And anyway it is too dark to see.""

""Never heard of a ghost who can't see in the dark!"" remarked Vijay Singh. ""That stone which you hold in your hand contains salt. Crumble it and see."" Again the ghost tried to crush the stone, but in vain. He handed over the stone to Vijay Singh. The ghost was now beginning to doubt his ghostly powers.

""I can see that you're not going to be a worthy opponent. What's the use of wrestling with a weakling whom I can floor in a minute?"" So saying, Vijay Singh casually crumbled the lump of salt and let the stone drop in the darkness. He held out his hand and commanded the ghost to taste the powdered stone.

Mesmerised with the pahalwan's extraordinary strength, the ghost did as he was told. Alarm shot through him. This man could easily vanquish him in a wrestling bout in the dark. But perhaps, he could be tricked in other ways. Assuming a servile manner, the ghost said, ""Friend Vijay Singh, it is an honour to meet a man like you! I admit to being defeated. But where will you go tonight? Rest in my house. You can leave tomorrow.""

Now thoroughly elated, Vijay Singh replied, ""I cannot refuse your hospitality but tomorrow you will go with me as my prisoner. I must display the trophy of my victory to my people!"" The ghost bowed in agreement, but silently vowed to kill Vijay Singh in the night. He led him to his house in the cave.

Vijay Singh kept awake at night. He cleverly duped the ghost in his own cave. The ghost believed that Vijay Singh was unbeatable. He ran away leaving all his property which made Vijay Singh wealthy for life.

The ghost fed him dry fruits and a lot of milk, and later led him to a luxurious bed to sleep on, complete with pillows and bolsters.... But Vijay Singh lay awake listening to the snores of the ghost. In the middle of the night, he slipped off his bed. He placed a bolster in the centre of the bed, throwing over it a coverlet to make it look exactly like a sleeping man. Having done this he crouched watchfully in a dark corner.

Sure enough, just before the break of dawn, the ghost approached the bed armed with a stout club. He brought the club down on what he thought was Vijay Singh's head. Not hearing even a groan, he smiled, pleased that he had killed his enemy.

However, just to make doubly sure, he struck the bolster six times more. Satisfied with his work, he returned to his couch, and covering his head, settled down to sleep again. Meanwhile, Vijay Singh crept silently back into bed. After a pause, he groaned, as if in disgust, threw back his coverlet, and sat up.

Disturbed by the noise, the ghost peeped from under his bedclothes to see the strong man stretching his arms above his head and yawning. For a moment the ghost turned rigid with shock. ""Friend ghost, there are insects in your cave,"" said Vijay Singh in a complaining voice. ""Here I was, enjoying the sweetest sleep I've had in years, and there comes this insect to trouble me. I distinctly counted seven flappings of its wings. Of course, it has not bitten me, but it's most annoying."" The ghost panicked. Those seven blows would have reduced any other man to pulp. 'There is no safety near a formidable wrestler like this,' he thought and fled from the cave leaving behind all his ill-gotten wealth.

It took several camels from the village to remove the property Vijay Singh had acquired. He returned much of it to the rightful owners. He went especially to the old woman, thanked her for her invaluable gift, and asked for her granddaughter's hand in marriage.

Thenceforth, Vijay Singh was more careful about boasting. It is said that no traveller was ever troubled again in the Haunted Desert.
",What was Vijay Singh's weakness? Which awkward situation did it push him into?,His weakness was boastfulness. It led him to accept the challenge of confronting a ghost in the Haunted Desert to prove his courage.
"## A Strange Wrestling Match

Everybody believed that Vijay Singh, the famous wrestler, was unbeatable. Vijay Singh was a bit boastful at times. Once he took it upon himself to fight a ghost.

There was once a wrestler called Vijay Singh. A tall man with massive shoulders and muscular arms, he towered over others like a giant. Vijay Singh, people said, was a born wrestler and could beat all other wrestlers in the world.

This pahalwan had but one shortcoming which often landed him in awkward situations. He was fond of boasting. One day, he was sitting in the market-place surrounded by several young men. After drinking many glasses of milk, he suddenly proclaimed, ""Why are people afraid of ghosts? I am not. I wish I met a stout ghost. I'd teach him a lesson.""

There were murmurs of applause as well as apprehension among the young men. ""If you walk alone at night through the Haunted Desert,"" one of them said, ""you are sure to meet ghosts. They roam there freely. Strange shrieks and moans can be heard all over the place. Travellers have been looted and killed. Would you really want to go there?"" Vijay Singh's mighty heart missed a beat or two. Why did he have to boast? ""Yes, I have heard of the Haunted Desert,"" he said nonchalantly. ""I think it's just a fairy tale.""

""Oh no,"" said one of his admirers, ""it's true. This place is ten miles to the west on the road to Jaisalmer. The landmark is an ugly black rock that looks like the head of a camel. Beyond that there is nothing but sand and wilderness and, of course, ghosts.""

Vijay Singh set out to find a ghost in the Haunted Desert. An old woman gave him a small packet containing an egg and a lump of salt. Vijay Singh met a ghost who claimed he was his friend, Natwar.

Almost the entire village turned up that evening to bid farewell to Vijay Singh, who was ready to set out west. Just then an old woman came forward and thrust a small packet into his hands, and Vijay Singh started walking into the red sunset of the desert.

As he walked, the night deepened. The moon was bright and the stars shone clearly in the Rajasthan sky. Still a few miles short of his destination, Vijay Singh remembered the old woman's packet. He opened it and found nothing but a lump of salt and an egg. The old woman was well-known for her eccentricities.

As Vijay Singh stepped into the Haunted Desert, he heard a voice. ""Vijay Singh, Vijay Singh! You will get lost in the desert. Come this way. I am your friend, Natwar."" At once Vijay Singh realised it was not his friend but a ghost. Trying to sound brave, he called back, ""Where are you, my dear Natwar? It's dark and I cannot see you. Come here and show me the way."" Like all good wrestlers, Vijay Singh wanted to size up his enemy.

Soon the ghost appeared at his side. Vijay Singh peered into his face and declared, ""You are just a plain, lying ghost. Anyway, now I don't have to walk all night. I was longing to meet you."" Not used to insults, the ghost was taken aback. People generally started back in horror when they met him.

They often fainted. But here was this unfeeling creature claiming he wanted to meet a ghost. It didn't make sense.

""Really, I don't know why you longed to meet me,"" the ghost said.

""That proves,"" said Vijay Singh in a bored voice, ""that you are a stupid ghost. The least a ghost can do is to read a man's thoughts. However, a worthless ghost like you is better than no ghost. The fact is, I am tired of wrestling with men. I want to fight a ghost.""

The ghost was speechless. Marshalling his ghostly wits, he made an attempt to look Vijay Singh scornfully in the eye. ""Frankly,"" he said, ""you don't appear all that strong to me.""

""Appearances can be deceptive,"" Vijay Singh said. ""Take your own case. You claim to be Natwar, though actually you are a rascal of a ghost. If you doubt my strength, let me give you a demonstration of it.""

Vijay Singh demonstrated his strength by crushing what the ghost thought was a piece of rock. The ghost avoided a wrestling bout with Vijay Singh but decided to conquer him through cheating. He invited Vijay Singh to be his guest for the night.

Vijay Singh picked up a piece of rock from the sand. ""Take this,"" he offered it to the ghost, ""and squeeze it hard. It is filled with fluid. See if I am wrong."" While the ghost tried to squeeze the rock first with one hand, then with both, Vijay Singh stealthily took out the egg from his pocket.

Vijay Singh snatched the rock from the ghost and placed it between both hands and squeezed. At once the yellow yolk oozed from around his fingers, and the crackling of the egg-shell created the illusion of the stone being crushed. The ghost was so astonished he did not notice Vijay Singh bending to clean his hands with sand and disposing of the tell-tale shell. Vijay Singh then picked up another piece of rock and gave it to the ghost. Without a word the ghost took it, felt it, and peered at it. Vijay Singh put his hand into his pocket to take out the lump of salt.

""This is only a stone,"" protested the ghost. ""And anyway it is too dark to see.""

""Never heard of a ghost who can't see in the dark!"" remarked Vijay Singh. ""That stone which you hold in your hand contains salt. Crumble it and see."" Again the ghost tried to crush the stone, but in vain. He handed over the stone to Vijay Singh. The ghost was now beginning to doubt his ghostly powers.

""I can see that you're not going to be a worthy opponent. What's the use of wrestling with a weakling whom I can floor in a minute?"" So saying, Vijay Singh casually crumbled the lump of salt and let the stone drop in the darkness. He held out his hand and commanded the ghost to taste the powdered stone.

Mesmerised with the pahalwan's extraordinary strength, the ghost did as he was told. Alarm shot through him. This man could easily vanquish him in a wrestling bout in the dark. But perhaps, he could be tricked in other ways. Assuming a servile manner, the ghost said, ""Friend Vijay Singh, it is an honour to meet a man like you! I admit to being defeated. But where will you go tonight? Rest in my house. You can leave tomorrow.""

Now thoroughly elated, Vijay Singh replied, ""I cannot refuse your hospitality but tomorrow you will go with me as my prisoner. I must display the trophy of my victory to my people!"" The ghost bowed in agreement, but silently vowed to kill Vijay Singh in the night. He led him to his house in the cave.

Vijay Singh kept awake at night. He cleverly duped the ghost in his own cave. The ghost believed that Vijay Singh was unbeatable. He ran away leaving all his property which made Vijay Singh wealthy for life.

The ghost fed him dry fruits and a lot of milk, and later led him to a luxurious bed to sleep on, complete with pillows and bolsters.... But Vijay Singh lay awake listening to the snores of the ghost. In the middle of the night, he slipped off his bed. He placed a bolster in the centre of the bed, throwing over it a coverlet to make it look exactly like a sleeping man. Having done this he crouched watchfully in a dark corner.

Sure enough, just before the break of dawn, the ghost approached the bed armed with a stout club. He brought the club down on what he thought was Vijay Singh's head. Not hearing even a groan, he smiled, pleased that he had killed his enemy.

However, just to make doubly sure, he struck the bolster six times more. Satisfied with his work, he returned to his couch, and covering his head, settled down to sleep again. Meanwhile, Vijay Singh crept silently back into bed. After a pause, he groaned, as if in disgust, threw back his coverlet, and sat up.

Disturbed by the noise, the ghost peeped from under his bedclothes to see the strong man stretching his arms above his head and yawning. For a moment the ghost turned rigid with shock. ""Friend ghost, there are insects in your cave,"" said Vijay Singh in a complaining voice. ""Here I was, enjoying the sweetest sleep I've had in years, and there comes this insect to trouble me. I distinctly counted seven flappings of its wings. Of course, it has not bitten me, but it's most annoying."" The ghost panicked. Those seven blows would have reduced any other man to pulp. 'There is no safety near a formidable wrestler like this,' he thought and fled from the cave leaving behind all his ill-gotten wealth.

It took several camels from the village to remove the property Vijay Singh had acquired. He returned much of it to the rightful owners. He went especially to the old woman, thanked her for her invaluable gift, and asked for her granddaughter's hand in marriage.

Thenceforth, Vijay Singh was more careful about boasting. It is said that no traveller was ever troubled again in the Haunted Desert.
",Was the old woman's gift eccentric? Why?,"Yes it contained only an egg and salt, which seemed nonsensical at first but were strategically used to deceive the ghost."
"## A Strange Wrestling Match

Everybody believed that Vijay Singh, the famous wrestler, was unbeatable. Vijay Singh was a bit boastful at times. Once he took it upon himself to fight a ghost.

There was once a wrestler called Vijay Singh. A tall man with massive shoulders and muscular arms, he towered over others like a giant. Vijay Singh, people said, was a born wrestler and could beat all other wrestlers in the world.

This pahalwan had but one shortcoming which often landed him in awkward situations. He was fond of boasting. One day, he was sitting in the market-place surrounded by several young men. After drinking many glasses of milk, he suddenly proclaimed, ""Why are people afraid of ghosts? I am not. I wish I met a stout ghost. I'd teach him a lesson.""

There were murmurs of applause as well as apprehension among the young men. ""If you walk alone at night through the Haunted Desert,"" one of them said, ""you are sure to meet ghosts. They roam there freely. Strange shrieks and moans can be heard all over the place. Travellers have been looted and killed. Would you really want to go there?"" Vijay Singh's mighty heart missed a beat or two. Why did he have to boast? ""Yes, I have heard of the Haunted Desert,"" he said nonchalantly. ""I think it's just a fairy tale.""

""Oh no,"" said one of his admirers, ""it's true. This place is ten miles to the west on the road to Jaisalmer. The landmark is an ugly black rock that looks like the head of a camel. Beyond that there is nothing but sand and wilderness and, of course, ghosts.""

Vijay Singh set out to find a ghost in the Haunted Desert. An old woman gave him a small packet containing an egg and a lump of salt. Vijay Singh met a ghost who claimed he was his friend, Natwar.

Almost the entire village turned up that evening to bid farewell to Vijay Singh, who was ready to set out west. Just then an old woman came forward and thrust a small packet into his hands, and Vijay Singh started walking into the red sunset of the desert.

As he walked, the night deepened. The moon was bright and the stars shone clearly in the Rajasthan sky. Still a few miles short of his destination, Vijay Singh remembered the old woman's packet. He opened it and found nothing but a lump of salt and an egg. The old woman was well-known for her eccentricities.

As Vijay Singh stepped into the Haunted Desert, he heard a voice. ""Vijay Singh, Vijay Singh! You will get lost in the desert. Come this way. I am your friend, Natwar."" At once Vijay Singh realised it was not his friend but a ghost. Trying to sound brave, he called back, ""Where are you, my dear Natwar? It's dark and I cannot see you. Come here and show me the way."" Like all good wrestlers, Vijay Singh wanted to size up his enemy.

Soon the ghost appeared at his side. Vijay Singh peered into his face and declared, ""You are just a plain, lying ghost. Anyway, now I don't have to walk all night. I was longing to meet you."" Not used to insults, the ghost was taken aback. People generally started back in horror when they met him.

They often fainted. But here was this unfeeling creature claiming he wanted to meet a ghost. It didn't make sense.

""Really, I don't know why you longed to meet me,"" the ghost said.

""That proves,"" said Vijay Singh in a bored voice, ""that you are a stupid ghost. The least a ghost can do is to read a man's thoughts. However, a worthless ghost like you is better than no ghost. The fact is, I am tired of wrestling with men. I want to fight a ghost.""

The ghost was speechless. Marshalling his ghostly wits, he made an attempt to look Vijay Singh scornfully in the eye. ""Frankly,"" he said, ""you don't appear all that strong to me.""

""Appearances can be deceptive,"" Vijay Singh said. ""Take your own case. You claim to be Natwar, though actually you are a rascal of a ghost. If you doubt my strength, let me give you a demonstration of it.""

Vijay Singh demonstrated his strength by crushing what the ghost thought was a piece of rock. The ghost avoided a wrestling bout with Vijay Singh but decided to conquer him through cheating. He invited Vijay Singh to be his guest for the night.

Vijay Singh picked up a piece of rock from the sand. ""Take this,"" he offered it to the ghost, ""and squeeze it hard. It is filled with fluid. See if I am wrong."" While the ghost tried to squeeze the rock first with one hand, then with both, Vijay Singh stealthily took out the egg from his pocket.

Vijay Singh snatched the rock from the ghost and placed it between both hands and squeezed. At once the yellow yolk oozed from around his fingers, and the crackling of the egg-shell created the illusion of the stone being crushed. The ghost was so astonished he did not notice Vijay Singh bending to clean his hands with sand and disposing of the tell-tale shell. Vijay Singh then picked up another piece of rock and gave it to the ghost. Without a word the ghost took it, felt it, and peered at it. Vijay Singh put his hand into his pocket to take out the lump of salt.

""This is only a stone,"" protested the ghost. ""And anyway it is too dark to see.""

""Never heard of a ghost who can't see in the dark!"" remarked Vijay Singh. ""That stone which you hold in your hand contains salt. Crumble it and see."" Again the ghost tried to crush the stone, but in vain. He handed over the stone to Vijay Singh. The ghost was now beginning to doubt his ghostly powers.

""I can see that you're not going to be a worthy opponent. What's the use of wrestling with a weakling whom I can floor in a minute?"" So saying, Vijay Singh casually crumbled the lump of salt and let the stone drop in the darkness. He held out his hand and commanded the ghost to taste the powdered stone.

Mesmerised with the pahalwan's extraordinary strength, the ghost did as he was told. Alarm shot through him. This man could easily vanquish him in a wrestling bout in the dark. But perhaps, he could be tricked in other ways. Assuming a servile manner, the ghost said, ""Friend Vijay Singh, it is an honour to meet a man like you! I admit to being defeated. But where will you go tonight? Rest in my house. You can leave tomorrow.""

Now thoroughly elated, Vijay Singh replied, ""I cannot refuse your hospitality but tomorrow you will go with me as my prisoner. I must display the trophy of my victory to my people!"" The ghost bowed in agreement, but silently vowed to kill Vijay Singh in the night. He led him to his house in the cave.

Vijay Singh kept awake at night. He cleverly duped the ghost in his own cave. The ghost believed that Vijay Singh was unbeatable. He ran away leaving all his property which made Vijay Singh wealthy for life.

The ghost fed him dry fruits and a lot of milk, and later led him to a luxurious bed to sleep on, complete with pillows and bolsters.... But Vijay Singh lay awake listening to the snores of the ghost. In the middle of the night, he slipped off his bed. He placed a bolster in the centre of the bed, throwing over it a coverlet to make it look exactly like a sleeping man. Having done this he crouched watchfully in a dark corner.

Sure enough, just before the break of dawn, the ghost approached the bed armed with a stout club. He brought the club down on what he thought was Vijay Singh's head. Not hearing even a groan, he smiled, pleased that he had killed his enemy.

However, just to make doubly sure, he struck the bolster six times more. Satisfied with his work, he returned to his couch, and covering his head, settled down to sleep again. Meanwhile, Vijay Singh crept silently back into bed. After a pause, he groaned, as if in disgust, threw back his coverlet, and sat up.

Disturbed by the noise, the ghost peeped from under his bedclothes to see the strong man stretching his arms above his head and yawning. For a moment the ghost turned rigid with shock. ""Friend ghost, there are insects in your cave,"" said Vijay Singh in a complaining voice. ""Here I was, enjoying the sweetest sleep I've had in years, and there comes this insect to trouble me. I distinctly counted seven flappings of its wings. Of course, it has not bitten me, but it's most annoying."" The ghost panicked. Those seven blows would have reduced any other man to pulp. 'There is no safety near a formidable wrestler like this,' he thought and fled from the cave leaving behind all his ill-gotten wealth.

It took several camels from the village to remove the property Vijay Singh had acquired. He returned much of it to the rightful owners. He went especially to the old woman, thanked her for her invaluable gift, and asked for her granddaughter's hand in marriage.

Thenceforth, Vijay Singh was more careful about boasting. It is said that no traveller was ever troubled again in the Haunted Desert.
",Why did Vijay Singh ask the ghost (disguised as Natwar) to come closer?,"To assess the ghost’s physical appearance and strength, as a wrestler sizing up an opponent."
"## A Strange Wrestling Match

Everybody believed that Vijay Singh, the famous wrestler, was unbeatable. Vijay Singh was a bit boastful at times. Once he took it upon himself to fight a ghost.

There was once a wrestler called Vijay Singh. A tall man with massive shoulders and muscular arms, he towered over others like a giant. Vijay Singh, people said, was a born wrestler and could beat all other wrestlers in the world.

This pahalwan had but one shortcoming which often landed him in awkward situations. He was fond of boasting. One day, he was sitting in the market-place surrounded by several young men. After drinking many glasses of milk, he suddenly proclaimed, ""Why are people afraid of ghosts? I am not. I wish I met a stout ghost. I'd teach him a lesson.""

There were murmurs of applause as well as apprehension among the young men. ""If you walk alone at night through the Haunted Desert,"" one of them said, ""you are sure to meet ghosts. They roam there freely. Strange shrieks and moans can be heard all over the place. Travellers have been looted and killed. Would you really want to go there?"" Vijay Singh's mighty heart missed a beat or two. Why did he have to boast? ""Yes, I have heard of the Haunted Desert,"" he said nonchalantly. ""I think it's just a fairy tale.""

""Oh no,"" said one of his admirers, ""it's true. This place is ten miles to the west on the road to Jaisalmer. The landmark is an ugly black rock that looks like the head of a camel. Beyond that there is nothing but sand and wilderness and, of course, ghosts.""

Vijay Singh set out to find a ghost in the Haunted Desert. An old woman gave him a small packet containing an egg and a lump of salt. Vijay Singh met a ghost who claimed he was his friend, Natwar.

Almost the entire village turned up that evening to bid farewell to Vijay Singh, who was ready to set out west. Just then an old woman came forward and thrust a small packet into his hands, and Vijay Singh started walking into the red sunset of the desert.

As he walked, the night deepened. The moon was bright and the stars shone clearly in the Rajasthan sky. Still a few miles short of his destination, Vijay Singh remembered the old woman's packet. He opened it and found nothing but a lump of salt and an egg. The old woman was well-known for her eccentricities.

As Vijay Singh stepped into the Haunted Desert, he heard a voice. ""Vijay Singh, Vijay Singh! You will get lost in the desert. Come this way. I am your friend, Natwar."" At once Vijay Singh realised it was not his friend but a ghost. Trying to sound brave, he called back, ""Where are you, my dear Natwar? It's dark and I cannot see you. Come here and show me the way."" Like all good wrestlers, Vijay Singh wanted to size up his enemy.

Soon the ghost appeared at his side. Vijay Singh peered into his face and declared, ""You are just a plain, lying ghost. Anyway, now I don't have to walk all night. I was longing to meet you."" Not used to insults, the ghost was taken aback. People generally started back in horror when they met him.

They often fainted. But here was this unfeeling creature claiming he wanted to meet a ghost. It didn't make sense.

""Really, I don't know why you longed to meet me,"" the ghost said.

""That proves,"" said Vijay Singh in a bored voice, ""that you are a stupid ghost. The least a ghost can do is to read a man's thoughts. However, a worthless ghost like you is better than no ghost. The fact is, I am tired of wrestling with men. I want to fight a ghost.""

The ghost was speechless. Marshalling his ghostly wits, he made an attempt to look Vijay Singh scornfully in the eye. ""Frankly,"" he said, ""you don't appear all that strong to me.""

""Appearances can be deceptive,"" Vijay Singh said. ""Take your own case. You claim to be Natwar, though actually you are a rascal of a ghost. If you doubt my strength, let me give you a demonstration of it.""

Vijay Singh demonstrated his strength by crushing what the ghost thought was a piece of rock. The ghost avoided a wrestling bout with Vijay Singh but decided to conquer him through cheating. He invited Vijay Singh to be his guest for the night.

Vijay Singh picked up a piece of rock from the sand. ""Take this,"" he offered it to the ghost, ""and squeeze it hard. It is filled with fluid. See if I am wrong."" While the ghost tried to squeeze the rock first with one hand, then with both, Vijay Singh stealthily took out the egg from his pocket.

Vijay Singh snatched the rock from the ghost and placed it between both hands and squeezed. At once the yellow yolk oozed from around his fingers, and the crackling of the egg-shell created the illusion of the stone being crushed. The ghost was so astonished he did not notice Vijay Singh bending to clean his hands with sand and disposing of the tell-tale shell. Vijay Singh then picked up another piece of rock and gave it to the ghost. Without a word the ghost took it, felt it, and peered at it. Vijay Singh put his hand into his pocket to take out the lump of salt.

""This is only a stone,"" protested the ghost. ""And anyway it is too dark to see.""

""Never heard of a ghost who can't see in the dark!"" remarked Vijay Singh. ""That stone which you hold in your hand contains salt. Crumble it and see."" Again the ghost tried to crush the stone, but in vain. He handed over the stone to Vijay Singh. The ghost was now beginning to doubt his ghostly powers.

""I can see that you're not going to be a worthy opponent. What's the use of wrestling with a weakling whom I can floor in a minute?"" So saying, Vijay Singh casually crumbled the lump of salt and let the stone drop in the darkness. He held out his hand and commanded the ghost to taste the powdered stone.

Mesmerised with the pahalwan's extraordinary strength, the ghost did as he was told. Alarm shot through him. This man could easily vanquish him in a wrestling bout in the dark. But perhaps, he could be tricked in other ways. Assuming a servile manner, the ghost said, ""Friend Vijay Singh, it is an honour to meet a man like you! I admit to being defeated. But where will you go tonight? Rest in my house. You can leave tomorrow.""

Now thoroughly elated, Vijay Singh replied, ""I cannot refuse your hospitality but tomorrow you will go with me as my prisoner. I must display the trophy of my victory to my people!"" The ghost bowed in agreement, but silently vowed to kill Vijay Singh in the night. He led him to his house in the cave.

Vijay Singh kept awake at night. He cleverly duped the ghost in his own cave. The ghost believed that Vijay Singh was unbeatable. He ran away leaving all his property which made Vijay Singh wealthy for life.

The ghost fed him dry fruits and a lot of milk, and later led him to a luxurious bed to sleep on, complete with pillows and bolsters.... But Vijay Singh lay awake listening to the snores of the ghost. In the middle of the night, he slipped off his bed. He placed a bolster in the centre of the bed, throwing over it a coverlet to make it look exactly like a sleeping man. Having done this he crouched watchfully in a dark corner.

Sure enough, just before the break of dawn, the ghost approached the bed armed with a stout club. He brought the club down on what he thought was Vijay Singh's head. Not hearing even a groan, he smiled, pleased that he had killed his enemy.

However, just to make doubly sure, he struck the bolster six times more. Satisfied with his work, he returned to his couch, and covering his head, settled down to sleep again. Meanwhile, Vijay Singh crept silently back into bed. After a pause, he groaned, as if in disgust, threw back his coverlet, and sat up.

Disturbed by the noise, the ghost peeped from under his bedclothes to see the strong man stretching his arms above his head and yawning. For a moment the ghost turned rigid with shock. ""Friend ghost, there are insects in your cave,"" said Vijay Singh in a complaining voice. ""Here I was, enjoying the sweetest sleep I've had in years, and there comes this insect to trouble me. I distinctly counted seven flappings of its wings. Of course, it has not bitten me, but it's most annoying."" The ghost panicked. Those seven blows would have reduced any other man to pulp. 'There is no safety near a formidable wrestler like this,' he thought and fled from the cave leaving behind all his ill-gotten wealth.

It took several camels from the village to remove the property Vijay Singh had acquired. He returned much of it to the rightful owners. He went especially to the old woman, thanked her for her invaluable gift, and asked for her granddaughter's hand in marriage.

Thenceforth, Vijay Singh was more careful about boasting. It is said that no traveller was ever troubled again in the Haunted Desert.
",What made the ghost speechless? Why?,Vijay’s audacious challenge to fight a ghost and his claim of being bored with human opponents left the ghost stunned.
"## A Strange Wrestling Match

Everybody believed that Vijay Singh, the famous wrestler, was unbeatable. Vijay Singh was a bit boastful at times. Once he took it upon himself to fight a ghost.

There was once a wrestler called Vijay Singh. A tall man with massive shoulders and muscular arms, he towered over others like a giant. Vijay Singh, people said, was a born wrestler and could beat all other wrestlers in the world.

This pahalwan had but one shortcoming which often landed him in awkward situations. He was fond of boasting. One day, he was sitting in the market-place surrounded by several young men. After drinking many glasses of milk, he suddenly proclaimed, ""Why are people afraid of ghosts? I am not. I wish I met a stout ghost. I'd teach him a lesson.""

There were murmurs of applause as well as apprehension among the young men. ""If you walk alone at night through the Haunted Desert,"" one of them said, ""you are sure to meet ghosts. They roam there freely. Strange shrieks and moans can be heard all over the place. Travellers have been looted and killed. Would you really want to go there?"" Vijay Singh's mighty heart missed a beat or two. Why did he have to boast? ""Yes, I have heard of the Haunted Desert,"" he said nonchalantly. ""I think it's just a fairy tale.""

""Oh no,"" said one of his admirers, ""it's true. This place is ten miles to the west on the road to Jaisalmer. The landmark is an ugly black rock that looks like the head of a camel. Beyond that there is nothing but sand and wilderness and, of course, ghosts.""

Vijay Singh set out to find a ghost in the Haunted Desert. An old woman gave him a small packet containing an egg and a lump of salt. Vijay Singh met a ghost who claimed he was his friend, Natwar.

Almost the entire village turned up that evening to bid farewell to Vijay Singh, who was ready to set out west. Just then an old woman came forward and thrust a small packet into his hands, and Vijay Singh started walking into the red sunset of the desert.

As he walked, the night deepened. The moon was bright and the stars shone clearly in the Rajasthan sky. Still a few miles short of his destination, Vijay Singh remembered the old woman's packet. He opened it and found nothing but a lump of salt and an egg. The old woman was well-known for her eccentricities.

As Vijay Singh stepped into the Haunted Desert, he heard a voice. ""Vijay Singh, Vijay Singh! You will get lost in the desert. Come this way. I am your friend, Natwar."" At once Vijay Singh realised it was not his friend but a ghost. Trying to sound brave, he called back, ""Where are you, my dear Natwar? It's dark and I cannot see you. Come here and show me the way."" Like all good wrestlers, Vijay Singh wanted to size up his enemy.

Soon the ghost appeared at his side. Vijay Singh peered into his face and declared, ""You are just a plain, lying ghost. Anyway, now I don't have to walk all night. I was longing to meet you."" Not used to insults, the ghost was taken aback. People generally started back in horror when they met him.

They often fainted. But here was this unfeeling creature claiming he wanted to meet a ghost. It didn't make sense.

""Really, I don't know why you longed to meet me,"" the ghost said.

""That proves,"" said Vijay Singh in a bored voice, ""that you are a stupid ghost. The least a ghost can do is to read a man's thoughts. However, a worthless ghost like you is better than no ghost. The fact is, I am tired of wrestling with men. I want to fight a ghost.""

The ghost was speechless. Marshalling his ghostly wits, he made an attempt to look Vijay Singh scornfully in the eye. ""Frankly,"" he said, ""you don't appear all that strong to me.""

""Appearances can be deceptive,"" Vijay Singh said. ""Take your own case. You claim to be Natwar, though actually you are a rascal of a ghost. If you doubt my strength, let me give you a demonstration of it.""

Vijay Singh demonstrated his strength by crushing what the ghost thought was a piece of rock. The ghost avoided a wrestling bout with Vijay Singh but decided to conquer him through cheating. He invited Vijay Singh to be his guest for the night.

Vijay Singh picked up a piece of rock from the sand. ""Take this,"" he offered it to the ghost, ""and squeeze it hard. It is filled with fluid. See if I am wrong."" While the ghost tried to squeeze the rock first with one hand, then with both, Vijay Singh stealthily took out the egg from his pocket.

Vijay Singh snatched the rock from the ghost and placed it between both hands and squeezed. At once the yellow yolk oozed from around his fingers, and the crackling of the egg-shell created the illusion of the stone being crushed. The ghost was so astonished he did not notice Vijay Singh bending to clean his hands with sand and disposing of the tell-tale shell. Vijay Singh then picked up another piece of rock and gave it to the ghost. Without a word the ghost took it, felt it, and peered at it. Vijay Singh put his hand into his pocket to take out the lump of salt.

""This is only a stone,"" protested the ghost. ""And anyway it is too dark to see.""

""Never heard of a ghost who can't see in the dark!"" remarked Vijay Singh. ""That stone which you hold in your hand contains salt. Crumble it and see."" Again the ghost tried to crush the stone, but in vain. He handed over the stone to Vijay Singh. The ghost was now beginning to doubt his ghostly powers.

""I can see that you're not going to be a worthy opponent. What's the use of wrestling with a weakling whom I can floor in a minute?"" So saying, Vijay Singh casually crumbled the lump of salt and let the stone drop in the darkness. He held out his hand and commanded the ghost to taste the powdered stone.

Mesmerised with the pahalwan's extraordinary strength, the ghost did as he was told. Alarm shot through him. This man could easily vanquish him in a wrestling bout in the dark. But perhaps, he could be tricked in other ways. Assuming a servile manner, the ghost said, ""Friend Vijay Singh, it is an honour to meet a man like you! I admit to being defeated. But where will you go tonight? Rest in my house. You can leave tomorrow.""

Now thoroughly elated, Vijay Singh replied, ""I cannot refuse your hospitality but tomorrow you will go with me as my prisoner. I must display the trophy of my victory to my people!"" The ghost bowed in agreement, but silently vowed to kill Vijay Singh in the night. He led him to his house in the cave.

Vijay Singh kept awake at night. He cleverly duped the ghost in his own cave. The ghost believed that Vijay Singh was unbeatable. He ran away leaving all his property which made Vijay Singh wealthy for life.

The ghost fed him dry fruits and a lot of milk, and later led him to a luxurious bed to sleep on, complete with pillows and bolsters.... But Vijay Singh lay awake listening to the snores of the ghost. In the middle of the night, he slipped off his bed. He placed a bolster in the centre of the bed, throwing over it a coverlet to make it look exactly like a sleeping man. Having done this he crouched watchfully in a dark corner.

Sure enough, just before the break of dawn, the ghost approached the bed armed with a stout club. He brought the club down on what he thought was Vijay Singh's head. Not hearing even a groan, he smiled, pleased that he had killed his enemy.

However, just to make doubly sure, he struck the bolster six times more. Satisfied with his work, he returned to his couch, and covering his head, settled down to sleep again. Meanwhile, Vijay Singh crept silently back into bed. After a pause, he groaned, as if in disgust, threw back his coverlet, and sat up.

Disturbed by the noise, the ghost peeped from under his bedclothes to see the strong man stretching his arms above his head and yawning. For a moment the ghost turned rigid with shock. ""Friend ghost, there are insects in your cave,"" said Vijay Singh in a complaining voice. ""Here I was, enjoying the sweetest sleep I've had in years, and there comes this insect to trouble me. I distinctly counted seven flappings of its wings. Of course, it has not bitten me, but it's most annoying."" The ghost panicked. Those seven blows would have reduced any other man to pulp. 'There is no safety near a formidable wrestler like this,' he thought and fled from the cave leaving behind all his ill-gotten wealth.

It took several camels from the village to remove the property Vijay Singh had acquired. He returned much of it to the rightful owners. He went especially to the old woman, thanked her for her invaluable gift, and asked for her granddaughter's hand in marriage.

Thenceforth, Vijay Singh was more careful about boasting. It is said that no traveller was ever troubled again in the Haunted Desert.
","Why did Vijay Singh say, “Appearances can be deceptive”?
","To imply that his physical strength surpassed initial impressions, just as the ghost’s disguise hid his true nature."
"## A Strange Wrestling Match

Everybody believed that Vijay Singh, the famous wrestler, was unbeatable. Vijay Singh was a bit boastful at times. Once he took it upon himself to fight a ghost.

There was once a wrestler called Vijay Singh. A tall man with massive shoulders and muscular arms, he towered over others like a giant. Vijay Singh, people said, was a born wrestler and could beat all other wrestlers in the world.

This pahalwan had but one shortcoming which often landed him in awkward situations. He was fond of boasting. One day, he was sitting in the market-place surrounded by several young men. After drinking many glasses of milk, he suddenly proclaimed, ""Why are people afraid of ghosts? I am not. I wish I met a stout ghost. I'd teach him a lesson.""

There were murmurs of applause as well as apprehension among the young men. ""If you walk alone at night through the Haunted Desert,"" one of them said, ""you are sure to meet ghosts. They roam there freely. Strange shrieks and moans can be heard all over the place. Travellers have been looted and killed. Would you really want to go there?"" Vijay Singh's mighty heart missed a beat or two. Why did he have to boast? ""Yes, I have heard of the Haunted Desert,"" he said nonchalantly. ""I think it's just a fairy tale.""

""Oh no,"" said one of his admirers, ""it's true. This place is ten miles to the west on the road to Jaisalmer. The landmark is an ugly black rock that looks like the head of a camel. Beyond that there is nothing but sand and wilderness and, of course, ghosts.""

Vijay Singh set out to find a ghost in the Haunted Desert. An old woman gave him a small packet containing an egg and a lump of salt. Vijay Singh met a ghost who claimed he was his friend, Natwar.

Almost the entire village turned up that evening to bid farewell to Vijay Singh, who was ready to set out west. Just then an old woman came forward and thrust a small packet into his hands, and Vijay Singh started walking into the red sunset of the desert.

As he walked, the night deepened. The moon was bright and the stars shone clearly in the Rajasthan sky. Still a few miles short of his destination, Vijay Singh remembered the old woman's packet. He opened it and found nothing but a lump of salt and an egg. The old woman was well-known for her eccentricities.

As Vijay Singh stepped into the Haunted Desert, he heard a voice. ""Vijay Singh, Vijay Singh! You will get lost in the desert. Come this way. I am your friend, Natwar."" At once Vijay Singh realised it was not his friend but a ghost. Trying to sound brave, he called back, ""Where are you, my dear Natwar? It's dark and I cannot see you. Come here and show me the way."" Like all good wrestlers, Vijay Singh wanted to size up his enemy.

Soon the ghost appeared at his side. Vijay Singh peered into his face and declared, ""You are just a plain, lying ghost. Anyway, now I don't have to walk all night. I was longing to meet you."" Not used to insults, the ghost was taken aback. People generally started back in horror when they met him.

They often fainted. But here was this unfeeling creature claiming he wanted to meet a ghost. It didn't make sense.

""Really, I don't know why you longed to meet me,"" the ghost said.

""That proves,"" said Vijay Singh in a bored voice, ""that you are a stupid ghost. The least a ghost can do is to read a man's thoughts. However, a worthless ghost like you is better than no ghost. The fact is, I am tired of wrestling with men. I want to fight a ghost.""

The ghost was speechless. Marshalling his ghostly wits, he made an attempt to look Vijay Singh scornfully in the eye. ""Frankly,"" he said, ""you don't appear all that strong to me.""

""Appearances can be deceptive,"" Vijay Singh said. ""Take your own case. You claim to be Natwar, though actually you are a rascal of a ghost. If you doubt my strength, let me give you a demonstration of it.""

Vijay Singh demonstrated his strength by crushing what the ghost thought was a piece of rock. The ghost avoided a wrestling bout with Vijay Singh but decided to conquer him through cheating. He invited Vijay Singh to be his guest for the night.

Vijay Singh picked up a piece of rock from the sand. ""Take this,"" he offered it to the ghost, ""and squeeze it hard. It is filled with fluid. See if I am wrong."" While the ghost tried to squeeze the rock first with one hand, then with both, Vijay Singh stealthily took out the egg from his pocket.

Vijay Singh snatched the rock from the ghost and placed it between both hands and squeezed. At once the yellow yolk oozed from around his fingers, and the crackling of the egg-shell created the illusion of the stone being crushed. The ghost was so astonished he did not notice Vijay Singh bending to clean his hands with sand and disposing of the tell-tale shell. Vijay Singh then picked up another piece of rock and gave it to the ghost. Without a word the ghost took it, felt it, and peered at it. Vijay Singh put his hand into his pocket to take out the lump of salt.

""This is only a stone,"" protested the ghost. ""And anyway it is too dark to see.""

""Never heard of a ghost who can't see in the dark!"" remarked Vijay Singh. ""That stone which you hold in your hand contains salt. Crumble it and see."" Again the ghost tried to crush the stone, but in vain. He handed over the stone to Vijay Singh. The ghost was now beginning to doubt his ghostly powers.

""I can see that you're not going to be a worthy opponent. What's the use of wrestling with a weakling whom I can floor in a minute?"" So saying, Vijay Singh casually crumbled the lump of salt and let the stone drop in the darkness. He held out his hand and commanded the ghost to taste the powdered stone.

Mesmerised with the pahalwan's extraordinary strength, the ghost did as he was told. Alarm shot through him. This man could easily vanquish him in a wrestling bout in the dark. But perhaps, he could be tricked in other ways. Assuming a servile manner, the ghost said, ""Friend Vijay Singh, it is an honour to meet a man like you! I admit to being defeated. But where will you go tonight? Rest in my house. You can leave tomorrow.""

Now thoroughly elated, Vijay Singh replied, ""I cannot refuse your hospitality but tomorrow you will go with me as my prisoner. I must display the trophy of my victory to my people!"" The ghost bowed in agreement, but silently vowed to kill Vijay Singh in the night. He led him to his house in the cave.

Vijay Singh kept awake at night. He cleverly duped the ghost in his own cave. The ghost believed that Vijay Singh was unbeatable. He ran away leaving all his property which made Vijay Singh wealthy for life.

The ghost fed him dry fruits and a lot of milk, and later led him to a luxurious bed to sleep on, complete with pillows and bolsters.... But Vijay Singh lay awake listening to the snores of the ghost. In the middle of the night, he slipped off his bed. He placed a bolster in the centre of the bed, throwing over it a coverlet to make it look exactly like a sleeping man. Having done this he crouched watchfully in a dark corner.

Sure enough, just before the break of dawn, the ghost approached the bed armed with a stout club. He brought the club down on what he thought was Vijay Singh's head. Not hearing even a groan, he smiled, pleased that he had killed his enemy.

However, just to make doubly sure, he struck the bolster six times more. Satisfied with his work, he returned to his couch, and covering his head, settled down to sleep again. Meanwhile, Vijay Singh crept silently back into bed. After a pause, he groaned, as if in disgust, threw back his coverlet, and sat up.

Disturbed by the noise, the ghost peeped from under his bedclothes to see the strong man stretching his arms above his head and yawning. For a moment the ghost turned rigid with shock. ""Friend ghost, there are insects in your cave,"" said Vijay Singh in a complaining voice. ""Here I was, enjoying the sweetest sleep I've had in years, and there comes this insect to trouble me. I distinctly counted seven flappings of its wings. Of course, it has not bitten me, but it's most annoying."" The ghost panicked. Those seven blows would have reduced any other man to pulp. 'There is no safety near a formidable wrestler like this,' he thought and fled from the cave leaving behind all his ill-gotten wealth.

It took several camels from the village to remove the property Vijay Singh had acquired. He returned much of it to the rightful owners. He went especially to the old woman, thanked her for her invaluable gift, and asked for her granddaughter's hand in marriage.

Thenceforth, Vijay Singh was more careful about boasting. It is said that no traveller was ever troubled again in the Haunted Desert.
",How did Vijay Singh use the egg and salt?,"Egg: Crushed it to mimic crushing a rock, tricking the ghost into believing he had supernatural strength.
Salt: Pretended to crumble a stone by substituting it with salt, further intimidating the ghost."
"## A Strange Wrestling Match

Everybody believed that Vijay Singh, the famous wrestler, was unbeatable. Vijay Singh was a bit boastful at times. Once he took it upon himself to fight a ghost.

There was once a wrestler called Vijay Singh. A tall man with massive shoulders and muscular arms, he towered over others like a giant. Vijay Singh, people said, was a born wrestler and could beat all other wrestlers in the world.

This pahalwan had but one shortcoming which often landed him in awkward situations. He was fond of boasting. One day, he was sitting in the market-place surrounded by several young men. After drinking many glasses of milk, he suddenly proclaimed, ""Why are people afraid of ghosts? I am not. I wish I met a stout ghost. I'd teach him a lesson.""

There were murmurs of applause as well as apprehension among the young men. ""If you walk alone at night through the Haunted Desert,"" one of them said, ""you are sure to meet ghosts. They roam there freely. Strange shrieks and moans can be heard all over the place. Travellers have been looted and killed. Would you really want to go there?"" Vijay Singh's mighty heart missed a beat or two. Why did he have to boast? ""Yes, I have heard of the Haunted Desert,"" he said nonchalantly. ""I think it's just a fairy tale.""

""Oh no,"" said one of his admirers, ""it's true. This place is ten miles to the west on the road to Jaisalmer. The landmark is an ugly black rock that looks like the head of a camel. Beyond that there is nothing but sand and wilderness and, of course, ghosts.""

Vijay Singh set out to find a ghost in the Haunted Desert. An old woman gave him a small packet containing an egg and a lump of salt. Vijay Singh met a ghost who claimed he was his friend, Natwar.

Almost the entire village turned up that evening to bid farewell to Vijay Singh, who was ready to set out west. Just then an old woman came forward and thrust a small packet into his hands, and Vijay Singh started walking into the red sunset of the desert.

As he walked, the night deepened. The moon was bright and the stars shone clearly in the Rajasthan sky. Still a few miles short of his destination, Vijay Singh remembered the old woman's packet. He opened it and found nothing but a lump of salt and an egg. The old woman was well-known for her eccentricities.

As Vijay Singh stepped into the Haunted Desert, he heard a voice. ""Vijay Singh, Vijay Singh! You will get lost in the desert. Come this way. I am your friend, Natwar."" At once Vijay Singh realised it was not his friend but a ghost. Trying to sound brave, he called back, ""Where are you, my dear Natwar? It's dark and I cannot see you. Come here and show me the way."" Like all good wrestlers, Vijay Singh wanted to size up his enemy.

Soon the ghost appeared at his side. Vijay Singh peered into his face and declared, ""You are just a plain, lying ghost. Anyway, now I don't have to walk all night. I was longing to meet you."" Not used to insults, the ghost was taken aback. People generally started back in horror when they met him.

They often fainted. But here was this unfeeling creature claiming he wanted to meet a ghost. It didn't make sense.

""Really, I don't know why you longed to meet me,"" the ghost said.

""That proves,"" said Vijay Singh in a bored voice, ""that you are a stupid ghost. The least a ghost can do is to read a man's thoughts. However, a worthless ghost like you is better than no ghost. The fact is, I am tired of wrestling with men. I want to fight a ghost.""

The ghost was speechless. Marshalling his ghostly wits, he made an attempt to look Vijay Singh scornfully in the eye. ""Frankly,"" he said, ""you don't appear all that strong to me.""

""Appearances can be deceptive,"" Vijay Singh said. ""Take your own case. You claim to be Natwar, though actually you are a rascal of a ghost. If you doubt my strength, let me give you a demonstration of it.""

Vijay Singh demonstrated his strength by crushing what the ghost thought was a piece of rock. The ghost avoided a wrestling bout with Vijay Singh but decided to conquer him through cheating. He invited Vijay Singh to be his guest for the night.

Vijay Singh picked up a piece of rock from the sand. ""Take this,"" he offered it to the ghost, ""and squeeze it hard. It is filled with fluid. See if I am wrong."" While the ghost tried to squeeze the rock first with one hand, then with both, Vijay Singh stealthily took out the egg from his pocket.

Vijay Singh snatched the rock from the ghost and placed it between both hands and squeezed. At once the yellow yolk oozed from around his fingers, and the crackling of the egg-shell created the illusion of the stone being crushed. The ghost was so astonished he did not notice Vijay Singh bending to clean his hands with sand and disposing of the tell-tale shell. Vijay Singh then picked up another piece of rock and gave it to the ghost. Without a word the ghost took it, felt it, and peered at it. Vijay Singh put his hand into his pocket to take out the lump of salt.

""This is only a stone,"" protested the ghost. ""And anyway it is too dark to see.""

""Never heard of a ghost who can't see in the dark!"" remarked Vijay Singh. ""That stone which you hold in your hand contains salt. Crumble it and see."" Again the ghost tried to crush the stone, but in vain. He handed over the stone to Vijay Singh. The ghost was now beginning to doubt his ghostly powers.

""I can see that you're not going to be a worthy opponent. What's the use of wrestling with a weakling whom I can floor in a minute?"" So saying, Vijay Singh casually crumbled the lump of salt and let the stone drop in the darkness. He held out his hand and commanded the ghost to taste the powdered stone.

Mesmerised with the pahalwan's extraordinary strength, the ghost did as he was told. Alarm shot through him. This man could easily vanquish him in a wrestling bout in the dark. But perhaps, he could be tricked in other ways. Assuming a servile manner, the ghost said, ""Friend Vijay Singh, it is an honour to meet a man like you! I admit to being defeated. But where will you go tonight? Rest in my house. You can leave tomorrow.""

Now thoroughly elated, Vijay Singh replied, ""I cannot refuse your hospitality but tomorrow you will go with me as my prisoner. I must display the trophy of my victory to my people!"" The ghost bowed in agreement, but silently vowed to kill Vijay Singh in the night. He led him to his house in the cave.

Vijay Singh kept awake at night. He cleverly duped the ghost in his own cave. The ghost believed that Vijay Singh was unbeatable. He ran away leaving all his property which made Vijay Singh wealthy for life.

The ghost fed him dry fruits and a lot of milk, and later led him to a luxurious bed to sleep on, complete with pillows and bolsters.... But Vijay Singh lay awake listening to the snores of the ghost. In the middle of the night, he slipped off his bed. He placed a bolster in the centre of the bed, throwing over it a coverlet to make it look exactly like a sleeping man. Having done this he crouched watchfully in a dark corner.

Sure enough, just before the break of dawn, the ghost approached the bed armed with a stout club. He brought the club down on what he thought was Vijay Singh's head. Not hearing even a groan, he smiled, pleased that he had killed his enemy.

However, just to make doubly sure, he struck the bolster six times more. Satisfied with his work, he returned to his couch, and covering his head, settled down to sleep again. Meanwhile, Vijay Singh crept silently back into bed. After a pause, he groaned, as if in disgust, threw back his coverlet, and sat up.

Disturbed by the noise, the ghost peeped from under his bedclothes to see the strong man stretching his arms above his head and yawning. For a moment the ghost turned rigid with shock. ""Friend ghost, there are insects in your cave,"" said Vijay Singh in a complaining voice. ""Here I was, enjoying the sweetest sleep I've had in years, and there comes this insect to trouble me. I distinctly counted seven flappings of its wings. Of course, it has not bitten me, but it's most annoying."" The ghost panicked. Those seven blows would have reduced any other man to pulp. 'There is no safety near a formidable wrestler like this,' he thought and fled from the cave leaving behind all his ill-gotten wealth.

It took several camels from the village to remove the property Vijay Singh had acquired. He returned much of it to the rightful owners. He went especially to the old woman, thanked her for her invaluable gift, and asked for her granddaughter's hand in marriage.

Thenceforth, Vijay Singh was more careful about boasting. It is said that no traveller was ever troubled again in the Haunted Desert.
","Why did Vijay conclude the ghost wasn’t a worthy opponent? Was he fair?
","The ghost failed to crush the “salt stone” or see through Vijay’s tricks. While Vijay’s judgment was based on cunning, it wasn’t entirely fair since he used deception"
"## A Strange Wrestling Match

Everybody believed that Vijay Singh, the famous wrestler, was unbeatable. Vijay Singh was a bit boastful at times. Once he took it upon himself to fight a ghost.

There was once a wrestler called Vijay Singh. A tall man with massive shoulders and muscular arms, he towered over others like a giant. Vijay Singh, people said, was a born wrestler and could beat all other wrestlers in the world.

This pahalwan had but one shortcoming which often landed him in awkward situations. He was fond of boasting. One day, he was sitting in the market-place surrounded by several young men. After drinking many glasses of milk, he suddenly proclaimed, ""Why are people afraid of ghosts? I am not. I wish I met a stout ghost. I'd teach him a lesson.""

There were murmurs of applause as well as apprehension among the young men. ""If you walk alone at night through the Haunted Desert,"" one of them said, ""you are sure to meet ghosts. They roam there freely. Strange shrieks and moans can be heard all over the place. Travellers have been looted and killed. Would you really want to go there?"" Vijay Singh's mighty heart missed a beat or two. Why did he have to boast? ""Yes, I have heard of the Haunted Desert,"" he said nonchalantly. ""I think it's just a fairy tale.""

""Oh no,"" said one of his admirers, ""it's true. This place is ten miles to the west on the road to Jaisalmer. The landmark is an ugly black rock that looks like the head of a camel. Beyond that there is nothing but sand and wilderness and, of course, ghosts.""

Vijay Singh set out to find a ghost in the Haunted Desert. An old woman gave him a small packet containing an egg and a lump of salt. Vijay Singh met a ghost who claimed he was his friend, Natwar.

Almost the entire village turned up that evening to bid farewell to Vijay Singh, who was ready to set out west. Just then an old woman came forward and thrust a small packet into his hands, and Vijay Singh started walking into the red sunset of the desert.

As he walked, the night deepened. The moon was bright and the stars shone clearly in the Rajasthan sky. Still a few miles short of his destination, Vijay Singh remembered the old woman's packet. He opened it and found nothing but a lump of salt and an egg. The old woman was well-known for her eccentricities.

As Vijay Singh stepped into the Haunted Desert, he heard a voice. ""Vijay Singh, Vijay Singh! You will get lost in the desert. Come this way. I am your friend, Natwar."" At once Vijay Singh realised it was not his friend but a ghost. Trying to sound brave, he called back, ""Where are you, my dear Natwar? It's dark and I cannot see you. Come here and show me the way."" Like all good wrestlers, Vijay Singh wanted to size up his enemy.

Soon the ghost appeared at his side. Vijay Singh peered into his face and declared, ""You are just a plain, lying ghost. Anyway, now I don't have to walk all night. I was longing to meet you."" Not used to insults, the ghost was taken aback. People generally started back in horror when they met him.

They often fainted. But here was this unfeeling creature claiming he wanted to meet a ghost. It didn't make sense.

""Really, I don't know why you longed to meet me,"" the ghost said.

""That proves,"" said Vijay Singh in a bored voice, ""that you are a stupid ghost. The least a ghost can do is to read a man's thoughts. However, a worthless ghost like you is better than no ghost. The fact is, I am tired of wrestling with men. I want to fight a ghost.""

The ghost was speechless. Marshalling his ghostly wits, he made an attempt to look Vijay Singh scornfully in the eye. ""Frankly,"" he said, ""you don't appear all that strong to me.""

""Appearances can be deceptive,"" Vijay Singh said. ""Take your own case. You claim to be Natwar, though actually you are a rascal of a ghost. If you doubt my strength, let me give you a demonstration of it.""

Vijay Singh demonstrated his strength by crushing what the ghost thought was a piece of rock. The ghost avoided a wrestling bout with Vijay Singh but decided to conquer him through cheating. He invited Vijay Singh to be his guest for the night.

Vijay Singh picked up a piece of rock from the sand. ""Take this,"" he offered it to the ghost, ""and squeeze it hard. It is filled with fluid. See if I am wrong."" While the ghost tried to squeeze the rock first with one hand, then with both, Vijay Singh stealthily took out the egg from his pocket.

Vijay Singh snatched the rock from the ghost and placed it between both hands and squeezed. At once the yellow yolk oozed from around his fingers, and the crackling of the egg-shell created the illusion of the stone being crushed. The ghost was so astonished he did not notice Vijay Singh bending to clean his hands with sand and disposing of the tell-tale shell. Vijay Singh then picked up another piece of rock and gave it to the ghost. Without a word the ghost took it, felt it, and peered at it. Vijay Singh put his hand into his pocket to take out the lump of salt.

""This is only a stone,"" protested the ghost. ""And anyway it is too dark to see.""

""Never heard of a ghost who can't see in the dark!"" remarked Vijay Singh. ""That stone which you hold in your hand contains salt. Crumble it and see."" Again the ghost tried to crush the stone, but in vain. He handed over the stone to Vijay Singh. The ghost was now beginning to doubt his ghostly powers.

""I can see that you're not going to be a worthy opponent. What's the use of wrestling with a weakling whom I can floor in a minute?"" So saying, Vijay Singh casually crumbled the lump of salt and let the stone drop in the darkness. He held out his hand and commanded the ghost to taste the powdered stone.

Mesmerised with the pahalwan's extraordinary strength, the ghost did as he was told. Alarm shot through him. This man could easily vanquish him in a wrestling bout in the dark. But perhaps, he could be tricked in other ways. Assuming a servile manner, the ghost said, ""Friend Vijay Singh, it is an honour to meet a man like you! I admit to being defeated. But where will you go tonight? Rest in my house. You can leave tomorrow.""

Now thoroughly elated, Vijay Singh replied, ""I cannot refuse your hospitality but tomorrow you will go with me as my prisoner. I must display the trophy of my victory to my people!"" The ghost bowed in agreement, but silently vowed to kill Vijay Singh in the night. He led him to his house in the cave.

Vijay Singh kept awake at night. He cleverly duped the ghost in his own cave. The ghost believed that Vijay Singh was unbeatable. He ran away leaving all his property which made Vijay Singh wealthy for life.

The ghost fed him dry fruits and a lot of milk, and later led him to a luxurious bed to sleep on, complete with pillows and bolsters.... But Vijay Singh lay awake listening to the snores of the ghost. In the middle of the night, he slipped off his bed. He placed a bolster in the centre of the bed, throwing over it a coverlet to make it look exactly like a sleeping man. Having done this he crouched watchfully in a dark corner.

Sure enough, just before the break of dawn, the ghost approached the bed armed with a stout club. He brought the club down on what he thought was Vijay Singh's head. Not hearing even a groan, he smiled, pleased that he had killed his enemy.

However, just to make doubly sure, he struck the bolster six times more. Satisfied with his work, he returned to his couch, and covering his head, settled down to sleep again. Meanwhile, Vijay Singh crept silently back into bed. After a pause, he groaned, as if in disgust, threw back his coverlet, and sat up.

Disturbed by the noise, the ghost peeped from under his bedclothes to see the strong man stretching his arms above his head and yawning. For a moment the ghost turned rigid with shock. ""Friend ghost, there are insects in your cave,"" said Vijay Singh in a complaining voice. ""Here I was, enjoying the sweetest sleep I've had in years, and there comes this insect to trouble me. I distinctly counted seven flappings of its wings. Of course, it has not bitten me, but it's most annoying."" The ghost panicked. Those seven blows would have reduced any other man to pulp. 'There is no safety near a formidable wrestler like this,' he thought and fled from the cave leaving behind all his ill-gotten wealth.

It took several camels from the village to remove the property Vijay Singh had acquired. He returned much of it to the rightful owners. He went especially to the old woman, thanked her for her invaluable gift, and asked for her granddaughter's hand in marriage.

Thenceforth, Vijay Singh was more careful about boasting. It is said that no traveller was ever troubled again in the Haunted Desert.
",Why invite the ghost to town the next day?,To publicly display the ghost as a trophy of his victory
"## A Strange Wrestling Match

Everybody believed that Vijay Singh, the famous wrestler, was unbeatable. Vijay Singh was a bit boastful at times. Once he took it upon himself to fight a ghost.

There was once a wrestler called Vijay Singh. A tall man with massive shoulders and muscular arms, he towered over others like a giant. Vijay Singh, people said, was a born wrestler and could beat all other wrestlers in the world.

This pahalwan had but one shortcoming which often landed him in awkward situations. He was fond of boasting. One day, he was sitting in the market-place surrounded by several young men. After drinking many glasses of milk, he suddenly proclaimed, ""Why are people afraid of ghosts? I am not. I wish I met a stout ghost. I'd teach him a lesson.""

There were murmurs of applause as well as apprehension among the young men. ""If you walk alone at night through the Haunted Desert,"" one of them said, ""you are sure to meet ghosts. They roam there freely. Strange shrieks and moans can be heard all over the place. Travellers have been looted and killed. Would you really want to go there?"" Vijay Singh's mighty heart missed a beat or two. Why did he have to boast? ""Yes, I have heard of the Haunted Desert,"" he said nonchalantly. ""I think it's just a fairy tale.""

""Oh no,"" said one of his admirers, ""it's true. This place is ten miles to the west on the road to Jaisalmer. The landmark is an ugly black rock that looks like the head of a camel. Beyond that there is nothing but sand and wilderness and, of course, ghosts.""

Vijay Singh set out to find a ghost in the Haunted Desert. An old woman gave him a small packet containing an egg and a lump of salt. Vijay Singh met a ghost who claimed he was his friend, Natwar.

Almost the entire village turned up that evening to bid farewell to Vijay Singh, who was ready to set out west. Just then an old woman came forward and thrust a small packet into his hands, and Vijay Singh started walking into the red sunset of the desert.

As he walked, the night deepened. The moon was bright and the stars shone clearly in the Rajasthan sky. Still a few miles short of his destination, Vijay Singh remembered the old woman's packet. He opened it and found nothing but a lump of salt and an egg. The old woman was well-known for her eccentricities.

As Vijay Singh stepped into the Haunted Desert, he heard a voice. ""Vijay Singh, Vijay Singh! You will get lost in the desert. Come this way. I am your friend, Natwar."" At once Vijay Singh realised it was not his friend but a ghost. Trying to sound brave, he called back, ""Where are you, my dear Natwar? It's dark and I cannot see you. Come here and show me the way."" Like all good wrestlers, Vijay Singh wanted to size up his enemy.

Soon the ghost appeared at his side. Vijay Singh peered into his face and declared, ""You are just a plain, lying ghost. Anyway, now I don't have to walk all night. I was longing to meet you."" Not used to insults, the ghost was taken aback. People generally started back in horror when they met him.

They often fainted. But here was this unfeeling creature claiming he wanted to meet a ghost. It didn't make sense.

""Really, I don't know why you longed to meet me,"" the ghost said.

""That proves,"" said Vijay Singh in a bored voice, ""that you are a stupid ghost. The least a ghost can do is to read a man's thoughts. However, a worthless ghost like you is better than no ghost. The fact is, I am tired of wrestling with men. I want to fight a ghost.""

The ghost was speechless. Marshalling his ghostly wits, he made an attempt to look Vijay Singh scornfully in the eye. ""Frankly,"" he said, ""you don't appear all that strong to me.""

""Appearances can be deceptive,"" Vijay Singh said. ""Take your own case. You claim to be Natwar, though actually you are a rascal of a ghost. If you doubt my strength, let me give you a demonstration of it.""

Vijay Singh demonstrated his strength by crushing what the ghost thought was a piece of rock. The ghost avoided a wrestling bout with Vijay Singh but decided to conquer him through cheating. He invited Vijay Singh to be his guest for the night.

Vijay Singh picked up a piece of rock from the sand. ""Take this,"" he offered it to the ghost, ""and squeeze it hard. It is filled with fluid. See if I am wrong."" While the ghost tried to squeeze the rock first with one hand, then with both, Vijay Singh stealthily took out the egg from his pocket.

Vijay Singh snatched the rock from the ghost and placed it between both hands and squeezed. At once the yellow yolk oozed from around his fingers, and the crackling of the egg-shell created the illusion of the stone being crushed. The ghost was so astonished he did not notice Vijay Singh bending to clean his hands with sand and disposing of the tell-tale shell. Vijay Singh then picked up another piece of rock and gave it to the ghost. Without a word the ghost took it, felt it, and peered at it. Vijay Singh put his hand into his pocket to take out the lump of salt.

""This is only a stone,"" protested the ghost. ""And anyway it is too dark to see.""

""Never heard of a ghost who can't see in the dark!"" remarked Vijay Singh. ""That stone which you hold in your hand contains salt. Crumble it and see."" Again the ghost tried to crush the stone, but in vain. He handed over the stone to Vijay Singh. The ghost was now beginning to doubt his ghostly powers.

""I can see that you're not going to be a worthy opponent. What's the use of wrestling with a weakling whom I can floor in a minute?"" So saying, Vijay Singh casually crumbled the lump of salt and let the stone drop in the darkness. He held out his hand and commanded the ghost to taste the powdered stone.

Mesmerised with the pahalwan's extraordinary strength, the ghost did as he was told. Alarm shot through him. This man could easily vanquish him in a wrestling bout in the dark. But perhaps, he could be tricked in other ways. Assuming a servile manner, the ghost said, ""Friend Vijay Singh, it is an honour to meet a man like you! I admit to being defeated. But where will you go tonight? Rest in my house. You can leave tomorrow.""

Now thoroughly elated, Vijay Singh replied, ""I cannot refuse your hospitality but tomorrow you will go with me as my prisoner. I must display the trophy of my victory to my people!"" The ghost bowed in agreement, but silently vowed to kill Vijay Singh in the night. He led him to his house in the cave.

Vijay Singh kept awake at night. He cleverly duped the ghost in his own cave. The ghost believed that Vijay Singh was unbeatable. He ran away leaving all his property which made Vijay Singh wealthy for life.

The ghost fed him dry fruits and a lot of milk, and later led him to a luxurious bed to sleep on, complete with pillows and bolsters.... But Vijay Singh lay awake listening to the snores of the ghost. In the middle of the night, he slipped off his bed. He placed a bolster in the centre of the bed, throwing over it a coverlet to make it look exactly like a sleeping man. Having done this he crouched watchfully in a dark corner.

Sure enough, just before the break of dawn, the ghost approached the bed armed with a stout club. He brought the club down on what he thought was Vijay Singh's head. Not hearing even a groan, he smiled, pleased that he had killed his enemy.

However, just to make doubly sure, he struck the bolster six times more. Satisfied with his work, he returned to his couch, and covering his head, settled down to sleep again. Meanwhile, Vijay Singh crept silently back into bed. After a pause, he groaned, as if in disgust, threw back his coverlet, and sat up.

Disturbed by the noise, the ghost peeped from under his bedclothes to see the strong man stretching his arms above his head and yawning. For a moment the ghost turned rigid with shock. ""Friend ghost, there are insects in your cave,"" said Vijay Singh in a complaining voice. ""Here I was, enjoying the sweetest sleep I've had in years, and there comes this insect to trouble me. I distinctly counted seven flappings of its wings. Of course, it has not bitten me, but it's most annoying."" The ghost panicked. Those seven blows would have reduced any other man to pulp. 'There is no safety near a formidable wrestler like this,' he thought and fled from the cave leaving behind all his ill-gotten wealth.

It took several camels from the village to remove the property Vijay Singh had acquired. He returned much of it to the rightful owners. He went especially to the old woman, thanked her for her invaluable gift, and asked for her granddaughter's hand in marriage.

Thenceforth, Vijay Singh was more careful about boasting. It is said that no traveller was ever troubled again in the Haunted Desert.
",What made the ghost think Vijay was dead?,"Vijay replaced himself with a bolster under blankets. The ghost struck it seven times, mistaking it for Vijay"
"## A Strange Wrestling Match

Everybody believed that Vijay Singh, the famous wrestler, was unbeatable. Vijay Singh was a bit boastful at times. Once he took it upon himself to fight a ghost.

There was once a wrestler called Vijay Singh. A tall man with massive shoulders and muscular arms, he towered over others like a giant. Vijay Singh, people said, was a born wrestler and could beat all other wrestlers in the world.

This pahalwan had but one shortcoming which often landed him in awkward situations. He was fond of boasting. One day, he was sitting in the market-place surrounded by several young men. After drinking many glasses of milk, he suddenly proclaimed, ""Why are people afraid of ghosts? I am not. I wish I met a stout ghost. I'd teach him a lesson.""

There were murmurs of applause as well as apprehension among the young men. ""If you walk alone at night through the Haunted Desert,"" one of them said, ""you are sure to meet ghosts. They roam there freely. Strange shrieks and moans can be heard all over the place. Travellers have been looted and killed. Would you really want to go there?"" Vijay Singh's mighty heart missed a beat or two. Why did he have to boast? ""Yes, I have heard of the Haunted Desert,"" he said nonchalantly. ""I think it's just a fairy tale.""

""Oh no,"" said one of his admirers, ""it's true. This place is ten miles to the west on the road to Jaisalmer. The landmark is an ugly black rock that looks like the head of a camel. Beyond that there is nothing but sand and wilderness and, of course, ghosts.""

Vijay Singh set out to find a ghost in the Haunted Desert. An old woman gave him a small packet containing an egg and a lump of salt. Vijay Singh met a ghost who claimed he was his friend, Natwar.

Almost the entire village turned up that evening to bid farewell to Vijay Singh, who was ready to set out west. Just then an old woman came forward and thrust a small packet into his hands, and Vijay Singh started walking into the red sunset of the desert.

As he walked, the night deepened. The moon was bright and the stars shone clearly in the Rajasthan sky. Still a few miles short of his destination, Vijay Singh remembered the old woman's packet. He opened it and found nothing but a lump of salt and an egg. The old woman was well-known for her eccentricities.

As Vijay Singh stepped into the Haunted Desert, he heard a voice. ""Vijay Singh, Vijay Singh! You will get lost in the desert. Come this way. I am your friend, Natwar."" At once Vijay Singh realised it was not his friend but a ghost. Trying to sound brave, he called back, ""Where are you, my dear Natwar? It's dark and I cannot see you. Come here and show me the way."" Like all good wrestlers, Vijay Singh wanted to size up his enemy.

Soon the ghost appeared at his side. Vijay Singh peered into his face and declared, ""You are just a plain, lying ghost. Anyway, now I don't have to walk all night. I was longing to meet you."" Not used to insults, the ghost was taken aback. People generally started back in horror when they met him.

They often fainted. But here was this unfeeling creature claiming he wanted to meet a ghost. It didn't make sense.

""Really, I don't know why you longed to meet me,"" the ghost said.

""That proves,"" said Vijay Singh in a bored voice, ""that you are a stupid ghost. The least a ghost can do is to read a man's thoughts. However, a worthless ghost like you is better than no ghost. The fact is, I am tired of wrestling with men. I want to fight a ghost.""

The ghost was speechless. Marshalling his ghostly wits, he made an attempt to look Vijay Singh scornfully in the eye. ""Frankly,"" he said, ""you don't appear all that strong to me.""

""Appearances can be deceptive,"" Vijay Singh said. ""Take your own case. You claim to be Natwar, though actually you are a rascal of a ghost. If you doubt my strength, let me give you a demonstration of it.""

Vijay Singh demonstrated his strength by crushing what the ghost thought was a piece of rock. The ghost avoided a wrestling bout with Vijay Singh but decided to conquer him through cheating. He invited Vijay Singh to be his guest for the night.

Vijay Singh picked up a piece of rock from the sand. ""Take this,"" he offered it to the ghost, ""and squeeze it hard. It is filled with fluid. See if I am wrong."" While the ghost tried to squeeze the rock first with one hand, then with both, Vijay Singh stealthily took out the egg from his pocket.

Vijay Singh snatched the rock from the ghost and placed it between both hands and squeezed. At once the yellow yolk oozed from around his fingers, and the crackling of the egg-shell created the illusion of the stone being crushed. The ghost was so astonished he did not notice Vijay Singh bending to clean his hands with sand and disposing of the tell-tale shell. Vijay Singh then picked up another piece of rock and gave it to the ghost. Without a word the ghost took it, felt it, and peered at it. Vijay Singh put his hand into his pocket to take out the lump of salt.

""This is only a stone,"" protested the ghost. ""And anyway it is too dark to see.""

""Never heard of a ghost who can't see in the dark!"" remarked Vijay Singh. ""That stone which you hold in your hand contains salt. Crumble it and see."" Again the ghost tried to crush the stone, but in vain. He handed over the stone to Vijay Singh. The ghost was now beginning to doubt his ghostly powers.

""I can see that you're not going to be a worthy opponent. What's the use of wrestling with a weakling whom I can floor in a minute?"" So saying, Vijay Singh casually crumbled the lump of salt and let the stone drop in the darkness. He held out his hand and commanded the ghost to taste the powdered stone.

Mesmerised with the pahalwan's extraordinary strength, the ghost did as he was told. Alarm shot through him. This man could easily vanquish him in a wrestling bout in the dark. But perhaps, he could be tricked in other ways. Assuming a servile manner, the ghost said, ""Friend Vijay Singh, it is an honour to meet a man like you! I admit to being defeated. But where will you go tonight? Rest in my house. You can leave tomorrow.""

Now thoroughly elated, Vijay Singh replied, ""I cannot refuse your hospitality but tomorrow you will go with me as my prisoner. I must display the trophy of my victory to my people!"" The ghost bowed in agreement, but silently vowed to kill Vijay Singh in the night. He led him to his house in the cave.

Vijay Singh kept awake at night. He cleverly duped the ghost in his own cave. The ghost believed that Vijay Singh was unbeatable. He ran away leaving all his property which made Vijay Singh wealthy for life.

The ghost fed him dry fruits and a lot of milk, and later led him to a luxurious bed to sleep on, complete with pillows and bolsters.... But Vijay Singh lay awake listening to the snores of the ghost. In the middle of the night, he slipped off his bed. He placed a bolster in the centre of the bed, throwing over it a coverlet to make it look exactly like a sleeping man. Having done this he crouched watchfully in a dark corner.

Sure enough, just before the break of dawn, the ghost approached the bed armed with a stout club. He brought the club down on what he thought was Vijay Singh's head. Not hearing even a groan, he smiled, pleased that he had killed his enemy.

However, just to make doubly sure, he struck the bolster six times more. Satisfied with his work, he returned to his couch, and covering his head, settled down to sleep again. Meanwhile, Vijay Singh crept silently back into bed. After a pause, he groaned, as if in disgust, threw back his coverlet, and sat up.

Disturbed by the noise, the ghost peeped from under his bedclothes to see the strong man stretching his arms above his head and yawning. For a moment the ghost turned rigid with shock. ""Friend ghost, there are insects in your cave,"" said Vijay Singh in a complaining voice. ""Here I was, enjoying the sweetest sleep I've had in years, and there comes this insect to trouble me. I distinctly counted seven flappings of its wings. Of course, it has not bitten me, but it's most annoying."" The ghost panicked. Those seven blows would have reduced any other man to pulp. 'There is no safety near a formidable wrestler like this,' he thought and fled from the cave leaving behind all his ill-gotten wealth.

It took several camels from the village to remove the property Vijay Singh had acquired. He returned much of it to the rightful owners. He went especially to the old woman, thanked her for her invaluable gift, and asked for her granddaughter's hand in marriage.

Thenceforth, Vijay Singh was more careful about boasting. It is said that no traveller was ever troubled again in the Haunted Desert.
",What did Vijay mean by “insects in the cave”?,"He sarcastically referred to the ghost’s seven club strikes as ""insect flappings,"" downplaying the attack"
"## A Strange Wrestling Match

Everybody believed that Vijay Singh, the famous wrestler, was unbeatable. Vijay Singh was a bit boastful at times. Once he took it upon himself to fight a ghost.

There was once a wrestler called Vijay Singh. A tall man with massive shoulders and muscular arms, he towered over others like a giant. Vijay Singh, people said, was a born wrestler and could beat all other wrestlers in the world.

This pahalwan had but one shortcoming which often landed him in awkward situations. He was fond of boasting. One day, he was sitting in the market-place surrounded by several young men. After drinking many glasses of milk, he suddenly proclaimed, ""Why are people afraid of ghosts? I am not. I wish I met a stout ghost. I'd teach him a lesson.""

There were murmurs of applause as well as apprehension among the young men. ""If you walk alone at night through the Haunted Desert,"" one of them said, ""you are sure to meet ghosts. They roam there freely. Strange shrieks and moans can be heard all over the place. Travellers have been looted and killed. Would you really want to go there?"" Vijay Singh's mighty heart missed a beat or two. Why did he have to boast? ""Yes, I have heard of the Haunted Desert,"" he said nonchalantly. ""I think it's just a fairy tale.""

""Oh no,"" said one of his admirers, ""it's true. This place is ten miles to the west on the road to Jaisalmer. The landmark is an ugly black rock that looks like the head of a camel. Beyond that there is nothing but sand and wilderness and, of course, ghosts.""

Vijay Singh set out to find a ghost in the Haunted Desert. An old woman gave him a small packet containing an egg and a lump of salt. Vijay Singh met a ghost who claimed he was his friend, Natwar.

Almost the entire village turned up that evening to bid farewell to Vijay Singh, who was ready to set out west. Just then an old woman came forward and thrust a small packet into his hands, and Vijay Singh started walking into the red sunset of the desert.

As he walked, the night deepened. The moon was bright and the stars shone clearly in the Rajasthan sky. Still a few miles short of his destination, Vijay Singh remembered the old woman's packet. He opened it and found nothing but a lump of salt and an egg. The old woman was well-known for her eccentricities.

As Vijay Singh stepped into the Haunted Desert, he heard a voice. ""Vijay Singh, Vijay Singh! You will get lost in the desert. Come this way. I am your friend, Natwar."" At once Vijay Singh realised it was not his friend but a ghost. Trying to sound brave, he called back, ""Where are you, my dear Natwar? It's dark and I cannot see you. Come here and show me the way."" Like all good wrestlers, Vijay Singh wanted to size up his enemy.

Soon the ghost appeared at his side. Vijay Singh peered into his face and declared, ""You are just a plain, lying ghost. Anyway, now I don't have to walk all night. I was longing to meet you."" Not used to insults, the ghost was taken aback. People generally started back in horror when they met him.

They often fainted. But here was this unfeeling creature claiming he wanted to meet a ghost. It didn't make sense.

""Really, I don't know why you longed to meet me,"" the ghost said.

""That proves,"" said Vijay Singh in a bored voice, ""that you are a stupid ghost. The least a ghost can do is to read a man's thoughts. However, a worthless ghost like you is better than no ghost. The fact is, I am tired of wrestling with men. I want to fight a ghost.""

The ghost was speechless. Marshalling his ghostly wits, he made an attempt to look Vijay Singh scornfully in the eye. ""Frankly,"" he said, ""you don't appear all that strong to me.""

""Appearances can be deceptive,"" Vijay Singh said. ""Take your own case. You claim to be Natwar, though actually you are a rascal of a ghost. If you doubt my strength, let me give you a demonstration of it.""

Vijay Singh demonstrated his strength by crushing what the ghost thought was a piece of rock. The ghost avoided a wrestling bout with Vijay Singh but decided to conquer him through cheating. He invited Vijay Singh to be his guest for the night.

Vijay Singh picked up a piece of rock from the sand. ""Take this,"" he offered it to the ghost, ""and squeeze it hard. It is filled with fluid. See if I am wrong."" While the ghost tried to squeeze the rock first with one hand, then with both, Vijay Singh stealthily took out the egg from his pocket.

Vijay Singh snatched the rock from the ghost and placed it between both hands and squeezed. At once the yellow yolk oozed from around his fingers, and the crackling of the egg-shell created the illusion of the stone being crushed. The ghost was so astonished he did not notice Vijay Singh bending to clean his hands with sand and disposing of the tell-tale shell. Vijay Singh then picked up another piece of rock and gave it to the ghost. Without a word the ghost took it, felt it, and peered at it. Vijay Singh put his hand into his pocket to take out the lump of salt.

""This is only a stone,"" protested the ghost. ""And anyway it is too dark to see.""

""Never heard of a ghost who can't see in the dark!"" remarked Vijay Singh. ""That stone which you hold in your hand contains salt. Crumble it and see."" Again the ghost tried to crush the stone, but in vain. He handed over the stone to Vijay Singh. The ghost was now beginning to doubt his ghostly powers.

""I can see that you're not going to be a worthy opponent. What's the use of wrestling with a weakling whom I can floor in a minute?"" So saying, Vijay Singh casually crumbled the lump of salt and let the stone drop in the darkness. He held out his hand and commanded the ghost to taste the powdered stone.

Mesmerised with the pahalwan's extraordinary strength, the ghost did as he was told. Alarm shot through him. This man could easily vanquish him in a wrestling bout in the dark. But perhaps, he could be tricked in other ways. Assuming a servile manner, the ghost said, ""Friend Vijay Singh, it is an honour to meet a man like you! I admit to being defeated. But where will you go tonight? Rest in my house. You can leave tomorrow.""

Now thoroughly elated, Vijay Singh replied, ""I cannot refuse your hospitality but tomorrow you will go with me as my prisoner. I must display the trophy of my victory to my people!"" The ghost bowed in agreement, but silently vowed to kill Vijay Singh in the night. He led him to his house in the cave.

Vijay Singh kept awake at night. He cleverly duped the ghost in his own cave. The ghost believed that Vijay Singh was unbeatable. He ran away leaving all his property which made Vijay Singh wealthy for life.

The ghost fed him dry fruits and a lot of milk, and later led him to a luxurious bed to sleep on, complete with pillows and bolsters.... But Vijay Singh lay awake listening to the snores of the ghost. In the middle of the night, he slipped off his bed. He placed a bolster in the centre of the bed, throwing over it a coverlet to make it look exactly like a sleeping man. Having done this he crouched watchfully in a dark corner.

Sure enough, just before the break of dawn, the ghost approached the bed armed with a stout club. He brought the club down on what he thought was Vijay Singh's head. Not hearing even a groan, he smiled, pleased that he had killed his enemy.

However, just to make doubly sure, he struck the bolster six times more. Satisfied with his work, he returned to his couch, and covering his head, settled down to sleep again. Meanwhile, Vijay Singh crept silently back into bed. After a pause, he groaned, as if in disgust, threw back his coverlet, and sat up.

Disturbed by the noise, the ghost peeped from under his bedclothes to see the strong man stretching his arms above his head and yawning. For a moment the ghost turned rigid with shock. ""Friend ghost, there are insects in your cave,"" said Vijay Singh in a complaining voice. ""Here I was, enjoying the sweetest sleep I've had in years, and there comes this insect to trouble me. I distinctly counted seven flappings of its wings. Of course, it has not bitten me, but it's most annoying."" The ghost panicked. Those seven blows would have reduced any other man to pulp. 'There is no safety near a formidable wrestler like this,' he thought and fled from the cave leaving behind all his ill-gotten wealth.

It took several camels from the village to remove the property Vijay Singh had acquired. He returned much of it to the rightful owners. He went especially to the old woman, thanked her for her invaluable gift, and asked for her granddaughter's hand in marriage.

Thenceforth, Vijay Singh was more careful about boasting. It is said that no traveller was ever troubled again in the Haunted Desert.
",Was it truly a ghost? Who might it have been?,"Likely a human bandit posing as a ghost to scare travelers, as implied by the “ill-gotten wealth” left behind"