context,question,answer
"Food is essential for all living organisms. Carbohydrates, proteins, fats, vitamins, and minerals are components of food known as nutrients and are necessary for our body.

All living organisms require food. Plants can synthesize food for themselves, but animals, including humans, cannot. They get food from plants or animals that eat plants. Thus, humans and animals are directly or indirectly dependent on plants.

1.1 Mode of Nutrition in Plants
Plants are the only organisms that can prepare food for themselves using water, carbon dioxide, and minerals. The raw materials are present in their surroundings. Nutrients enable living organisms to build their bodies, grow, repair damaged parts, and provide energy to carry out life processes. Nutrition is the mode of taking food by an organism and its utilization by the body. The mode of nutrition in which organisms make food themselves from simple substances is called autotrophic nutrition. Therefore, plants are called autotrophs. Animals and most other organisms take in food prepared by plants and are called heterotrophs.

1.2 Photosynthesis — Food Making Process in Plants
Leaves are the food factories of plants. All raw materials must reach the leaf. Water and minerals present in the soil are absorbed by the roots and transported to the leaves. Carbon dioxide from the air is taken in through tiny pores on the surface of leaves, known as stomata. These pores are surrounded by guard cells.

Water and minerals are transported to the leaves by vessels which run like pipes throughout the root, stem, branches, and leaves. They form a continuous path for nutrients to reach the leaf. The leaves have a green pigment called chlorophyll, which captures the energy of sunlight. This energy is used to synthesize food from carbon dioxide and water. As the synthesis of food occurs in sunlight, it is called photosynthesis (Photo: light; synthesis: to combine). Chlorophyll, sunlight, carbon dioxide, and water are necessary for photosynthesis. Solar energy is captured by the leaves and stored in the plant as food. Thus, the sun is the ultimate source of energy for all living organisms.

Life on Earth would be impossible without photosynthesis as there would be no food, and nearly all living organisms depend on food made by plants. Oxygen, essential for survival, is also produced during photosynthesis.

Besides leaves, photosynthesis also occurs in other green parts of the plant, such as green stems and green branches. Desert plants have scale- or spine-like leaves to reduce water loss and rely on green stems for photosynthesis.

During photosynthesis, chlorophyll-containing cells of leaves use carbon dioxide and water to synthesize carbohydrates. Oxygen is released in this process. The occurrence of starch in leaves indicates photosynthesis has happened. While most leaves are green, some have large amounts of red, brown, or other pigments that mask the green color. These leaves also undergo photosynthesis because they contain chlorophyll.

Plants synthesize carbohydrates via photosynthesis, which are then used to build proteins and fats. Proteins contain nitrogen, which plants cannot absorb directly from the air in gaseous form. Soil bacteria convert gaseous nitrogen to a usable form that plants absorb with water. Fertilizers rich in nitrogen are also added to the soil to fulfill plants' needs.

1.3 Other Modes of Nutrition in Plants
Some plants lack chlorophyll and cannot synthesize food. Such plants depend on food produced by other plants and use the heterotrophic mode of nutrition. An example is Cuscuta (Amarbel), a parasitic plant that gets food from the host plant it climbs, depriving the host of nutrients.

Algae, which are common in ponds and stagnant water, are green due to the presence of chlorophyll and can also photosynthesize.

Some plants (insectivorous plants) trap and digest insects. For example, certain plants have pitcher-like structures to trap insects, which are then digested for nutrients.

1.4 Saprotrophs
Fungi, such as mushrooms, have a different mode of nutrition. They absorb nutrients from dead and decaying matter, known as saprotrophic nutrition. Organisms with this mode are called saprotrophs. Fungi also spoil food and other items, especially in a warm and humid environment.

Some organisms live together and share shelter and nutrients, called symbiosis. For example, fungi inside plant roots or in lichens, where algae and fungi live interdependently.

1.5 How Nutrients Are Replenished in the Soil
Plants absorb nutrients from the soil, leading to depletion over time. To enrich soil, farmers add fertilizers and manures containing essential nutrients. Some bacteria, like Rhizobium, convert atmospheric nitrogen into forms usable by plants and often live in the roots of legumes. This mutually beneficial relationship is called symbiosis.

Most plants are autotrophs, while only a few are parasitic or saprotrophic. All animals are heterotrophs. Insectivorous plants can be considered partial heterotrophs.",Why do organisms take food?,"All organisms require energy for their life processes. Plants prepare their food and acquire nutrients from abiotic components like soil, air, water, and sunlight. Animals need to get food from either plants or other animals to obtain nutrients and energy. Hence, organisms take food to acquire nutrients and energy necessary for survival."
"Food is essential for all living organisms. Carbohydrates, proteins, fats, vitamins, and minerals are components of food known as nutrients and are necessary for our body.

All living organisms require food. Plants can synthesize food for themselves, but animals, including humans, cannot. They get food from plants or animals that eat plants. Thus, humans and animals are directly or indirectly dependent on plants.

1.1 Mode of Nutrition in Plants
Plants are the only organisms that can prepare food for themselves using water, carbon dioxide, and minerals. The raw materials are present in their surroundings. Nutrients enable living organisms to build their bodies, grow, repair damaged parts, and provide energy to carry out life processes. Nutrition is the mode of taking food by an organism and its utilization by the body. The mode of nutrition in which organisms make food themselves from simple substances is called autotrophic nutrition. Therefore, plants are called autotrophs. Animals and most other organisms take in food prepared by plants and are called heterotrophs.

1.2 Photosynthesis — Food Making Process in Plants
Leaves are the food factories of plants. All raw materials must reach the leaf. Water and minerals present in the soil are absorbed by the roots and transported to the leaves. Carbon dioxide from the air is taken in through tiny pores on the surface of leaves, known as stomata. These pores are surrounded by guard cells.

Water and minerals are transported to the leaves by vessels which run like pipes throughout the root, stem, branches, and leaves. They form a continuous path for nutrients to reach the leaf. The leaves have a green pigment called chlorophyll, which captures the energy of sunlight. This energy is used to synthesize food from carbon dioxide and water. As the synthesis of food occurs in sunlight, it is called photosynthesis (Photo: light; synthesis: to combine). Chlorophyll, sunlight, carbon dioxide, and water are necessary for photosynthesis. Solar energy is captured by the leaves and stored in the plant as food. Thus, the sun is the ultimate source of energy for all living organisms.

Life on Earth would be impossible without photosynthesis as there would be no food, and nearly all living organisms depend on food made by plants. Oxygen, essential for survival, is also produced during photosynthesis.

Besides leaves, photosynthesis also occurs in other green parts of the plant, such as green stems and green branches. Desert plants have scale- or spine-like leaves to reduce water loss and rely on green stems for photosynthesis.

During photosynthesis, chlorophyll-containing cells of leaves use carbon dioxide and water to synthesize carbohydrates. Oxygen is released in this process. The occurrence of starch in leaves indicates photosynthesis has happened. While most leaves are green, some have large amounts of red, brown, or other pigments that mask the green color. These leaves also undergo photosynthesis because they contain chlorophyll.

Plants synthesize carbohydrates via photosynthesis, which are then used to build proteins and fats. Proteins contain nitrogen, which plants cannot absorb directly from the air in gaseous form. Soil bacteria convert gaseous nitrogen to a usable form that plants absorb with water. Fertilizers rich in nitrogen are also added to the soil to fulfill plants' needs.

1.3 Other Modes of Nutrition in Plants
Some plants lack chlorophyll and cannot synthesize food. Such plants depend on food produced by other plants and use the heterotrophic mode of nutrition. An example is Cuscuta (Amarbel), a parasitic plant that gets food from the host plant it climbs, depriving the host of nutrients.

Algae, which are common in ponds and stagnant water, are green due to the presence of chlorophyll and can also photosynthesize.

Some plants (insectivorous plants) trap and digest insects. For example, certain plants have pitcher-like structures to trap insects, which are then digested for nutrients.

1.4 Saprotrophs
Fungi, such as mushrooms, have a different mode of nutrition. They absorb nutrients from dead and decaying matter, known as saprotrophic nutrition. Organisms with this mode are called saprotrophs. Fungi also spoil food and other items, especially in a warm and humid environment.

Some organisms live together and share shelter and nutrients, called symbiosis. For example, fungi inside plant roots or in lichens, where algae and fungi live interdependently.

1.5 How Nutrients Are Replenished in the Soil
Plants absorb nutrients from the soil, leading to depletion over time. To enrich soil, farmers add fertilizers and manures containing essential nutrients. Some bacteria, like Rhizobium, convert atmospheric nitrogen into forms usable by plants and often live in the roots of legumes. This mutually beneficial relationship is called symbiosis.

Most plants are autotrophs, while only a few are parasitic or saprotrophic. All animals are heterotrophs. Insectivorous plants can be considered partial heterotrophs.", Distinguish between a parasite and a saprotroph.,"Saprotrophs	Parasites
Acquire nutrients from dead and decaying matter.	Live on or in a host and get food at the expense of the host.
Example: Fungi	Example: Roundworm"
"Food is essential for all living organisms. Carbohydrates, proteins, fats, vitamins, and minerals are components of food known as nutrients and are necessary for our body.

All living organisms require food. Plants can synthesize food for themselves, but animals, including humans, cannot. They get food from plants or animals that eat plants. Thus, humans and animals are directly or indirectly dependent on plants.

1.1 Mode of Nutrition in Plants
Plants are the only organisms that can prepare food for themselves using water, carbon dioxide, and minerals. The raw materials are present in their surroundings. Nutrients enable living organisms to build their bodies, grow, repair damaged parts, and provide energy to carry out life processes. Nutrition is the mode of taking food by an organism and its utilization by the body. The mode of nutrition in which organisms make food themselves from simple substances is called autotrophic nutrition. Therefore, plants are called autotrophs. Animals and most other organisms take in food prepared by plants and are called heterotrophs.

1.2 Photosynthesis — Food Making Process in Plants
Leaves are the food factories of plants. All raw materials must reach the leaf. Water and minerals present in the soil are absorbed by the roots and transported to the leaves. Carbon dioxide from the air is taken in through tiny pores on the surface of leaves, known as stomata. These pores are surrounded by guard cells.

Water and minerals are transported to the leaves by vessels which run like pipes throughout the root, stem, branches, and leaves. They form a continuous path for nutrients to reach the leaf. The leaves have a green pigment called chlorophyll, which captures the energy of sunlight. This energy is used to synthesize food from carbon dioxide and water. As the synthesis of food occurs in sunlight, it is called photosynthesis (Photo: light; synthesis: to combine). Chlorophyll, sunlight, carbon dioxide, and water are necessary for photosynthesis. Solar energy is captured by the leaves and stored in the plant as food. Thus, the sun is the ultimate source of energy for all living organisms.

Life on Earth would be impossible without photosynthesis as there would be no food, and nearly all living organisms depend on food made by plants. Oxygen, essential for survival, is also produced during photosynthesis.

Besides leaves, photosynthesis also occurs in other green parts of the plant, such as green stems and green branches. Desert plants have scale- or spine-like leaves to reduce water loss and rely on green stems for photosynthesis.

During photosynthesis, chlorophyll-containing cells of leaves use carbon dioxide and water to synthesize carbohydrates. Oxygen is released in this process. The occurrence of starch in leaves indicates photosynthesis has happened. While most leaves are green, some have large amounts of red, brown, or other pigments that mask the green color. These leaves also undergo photosynthesis because they contain chlorophyll.

Plants synthesize carbohydrates via photosynthesis, which are then used to build proteins and fats. Proteins contain nitrogen, which plants cannot absorb directly from the air in gaseous form. Soil bacteria convert gaseous nitrogen to a usable form that plants absorb with water. Fertilizers rich in nitrogen are also added to the soil to fulfill plants' needs.

1.3 Other Modes of Nutrition in Plants
Some plants lack chlorophyll and cannot synthesize food. Such plants depend on food produced by other plants and use the heterotrophic mode of nutrition. An example is Cuscuta (Amarbel), a parasitic plant that gets food from the host plant it climbs, depriving the host of nutrients.

Algae, which are common in ponds and stagnant water, are green due to the presence of chlorophyll and can also photosynthesize.

Some plants (insectivorous plants) trap and digest insects. For example, certain plants have pitcher-like structures to trap insects, which are then digested for nutrients.

1.4 Saprotrophs
Fungi, such as mushrooms, have a different mode of nutrition. They absorb nutrients from dead and decaying matter, known as saprotrophic nutrition. Organisms with this mode are called saprotrophs. Fungi also spoil food and other items, especially in a warm and humid environment.

Some organisms live together and share shelter and nutrients, called symbiosis. For example, fungi inside plant roots or in lichens, where algae and fungi live interdependently.

1.5 How Nutrients Are Replenished in the Soil
Plants absorb nutrients from the soil, leading to depletion over time. To enrich soil, farmers add fertilizers and manures containing essential nutrients. Some bacteria, like Rhizobium, convert atmospheric nitrogen into forms usable by plants and often live in the roots of legumes. This mutually beneficial relationship is called symbiosis.

Most plants are autotrophs, while only a few are parasitic or saprotrophic. All animals are heterotrophs. Insectivorous plants can be considered partial heterotrophs.", How would you test the presence of starch in leaves?,"Take two potted plants of the same kind.

Keep one in the dark for 72 hours and the other in sunlight.

Perform the iodine test by putting iodine solution on the leaves of both plants.

Leaves kept in sunlight will show a blue-black coloration, indicating the presence of starch.

Leaves kept in the dark will not show the blue-black color, indicating the absence of starch."
"Food is essential for all living organisms. Carbohydrates, proteins, fats, vitamins, and minerals are components of food known as nutrients and are necessary for our body.

All living organisms require food. Plants can synthesize food for themselves, but animals, including humans, cannot. They get food from plants or animals that eat plants. Thus, humans and animals are directly or indirectly dependent on plants.

1.1 Mode of Nutrition in Plants
Plants are the only organisms that can prepare food for themselves using water, carbon dioxide, and minerals. The raw materials are present in their surroundings. Nutrients enable living organisms to build their bodies, grow, repair damaged parts, and provide energy to carry out life processes. Nutrition is the mode of taking food by an organism and its utilization by the body. The mode of nutrition in which organisms make food themselves from simple substances is called autotrophic nutrition. Therefore, plants are called autotrophs. Animals and most other organisms take in food prepared by plants and are called heterotrophs.

1.2 Photosynthesis — Food Making Process in Plants
Leaves are the food factories of plants. All raw materials must reach the leaf. Water and minerals present in the soil are absorbed by the roots and transported to the leaves. Carbon dioxide from the air is taken in through tiny pores on the surface of leaves, known as stomata. These pores are surrounded by guard cells.

Water and minerals are transported to the leaves by vessels which run like pipes throughout the root, stem, branches, and leaves. They form a continuous path for nutrients to reach the leaf. The leaves have a green pigment called chlorophyll, which captures the energy of sunlight. This energy is used to synthesize food from carbon dioxide and water. As the synthesis of food occurs in sunlight, it is called photosynthesis (Photo: light; synthesis: to combine). Chlorophyll, sunlight, carbon dioxide, and water are necessary for photosynthesis. Solar energy is captured by the leaves and stored in the plant as food. Thus, the sun is the ultimate source of energy for all living organisms.

Life on Earth would be impossible without photosynthesis as there would be no food, and nearly all living organisms depend on food made by plants. Oxygen, essential for survival, is also produced during photosynthesis.

Besides leaves, photosynthesis also occurs in other green parts of the plant, such as green stems and green branches. Desert plants have scale- or spine-like leaves to reduce water loss and rely on green stems for photosynthesis.

During photosynthesis, chlorophyll-containing cells of leaves use carbon dioxide and water to synthesize carbohydrates. Oxygen is released in this process. The occurrence of starch in leaves indicates photosynthesis has happened. While most leaves are green, some have large amounts of red, brown, or other pigments that mask the green color. These leaves also undergo photosynthesis because they contain chlorophyll.

Plants synthesize carbohydrates via photosynthesis, which are then used to build proteins and fats. Proteins contain nitrogen, which plants cannot absorb directly from the air in gaseous form. Soil bacteria convert gaseous nitrogen to a usable form that plants absorb with water. Fertilizers rich in nitrogen are also added to the soil to fulfill plants' needs.

1.3 Other Modes of Nutrition in Plants
Some plants lack chlorophyll and cannot synthesize food. Such plants depend on food produced by other plants and use the heterotrophic mode of nutrition. An example is Cuscuta (Amarbel), a parasitic plant that gets food from the host plant it climbs, depriving the host of nutrients.

Algae, which are common in ponds and stagnant water, are green due to the presence of chlorophyll and can also photosynthesize.

Some plants (insectivorous plants) trap and digest insects. For example, certain plants have pitcher-like structures to trap insects, which are then digested for nutrients.

1.4 Saprotrophs
Fungi, such as mushrooms, have a different mode of nutrition. They absorb nutrients from dead and decaying matter, known as saprotrophic nutrition. Organisms with this mode are called saprotrophs. Fungi also spoil food and other items, especially in a warm and humid environment.

Some organisms live together and share shelter and nutrients, called symbiosis. For example, fungi inside plant roots or in lichens, where algae and fungi live interdependently.

1.5 How Nutrients Are Replenished in the Soil
Plants absorb nutrients from the soil, leading to depletion over time. To enrich soil, farmers add fertilizers and manures containing essential nutrients. Some bacteria, like Rhizobium, convert atmospheric nitrogen into forms usable by plants and often live in the roots of legumes. This mutually beneficial relationship is called symbiosis.

Most plants are autotrophs, while only a few are parasitic or saprotrophic. All animals are heterotrophs. Insectivorous plants can be considered partial heterotrophs.",Give a brief description of the process of synthesis of food in green plants.,"Green plants use a process called photosynthesis to prepare their food:

Water is absorbed from the roots and transported to the leaves.

Carbon dioxide from the air enters the leaves through pores called stomata.

Chlorophyll in the leaves absorbs sunlight.

Using sunlight, the water molecule is broken down into hydrogen and oxygen.

Hydrogen combines with carbon dioxide to form carbohydrates (food).

Oxygen is released as a byproduct."
"Food is essential for all living organisms. Carbohydrates, proteins, fats, vitamins, and minerals are components of food known as nutrients and are necessary for our body.

All living organisms require food. Plants can synthesize food for themselves, but animals, including humans, cannot. They get food from plants or animals that eat plants. Thus, humans and animals are directly or indirectly dependent on plants.

1.1 Mode of Nutrition in Plants
Plants are the only organisms that can prepare food for themselves using water, carbon dioxide, and minerals. The raw materials are present in their surroundings. Nutrients enable living organisms to build their bodies, grow, repair damaged parts, and provide energy to carry out life processes. Nutrition is the mode of taking food by an organism and its utilization by the body. The mode of nutrition in which organisms make food themselves from simple substances is called autotrophic nutrition. Therefore, plants are called autotrophs. Animals and most other organisms take in food prepared by plants and are called heterotrophs.

1.2 Photosynthesis — Food Making Process in Plants
Leaves are the food factories of plants. All raw materials must reach the leaf. Water and minerals present in the soil are absorbed by the roots and transported to the leaves. Carbon dioxide from the air is taken in through tiny pores on the surface of leaves, known as stomata. These pores are surrounded by guard cells.

Water and minerals are transported to the leaves by vessels which run like pipes throughout the root, stem, branches, and leaves. They form a continuous path for nutrients to reach the leaf. The leaves have a green pigment called chlorophyll, which captures the energy of sunlight. This energy is used to synthesize food from carbon dioxide and water. As the synthesis of food occurs in sunlight, it is called photosynthesis (Photo: light; synthesis: to combine). Chlorophyll, sunlight, carbon dioxide, and water are necessary for photosynthesis. Solar energy is captured by the leaves and stored in the plant as food. Thus, the sun is the ultimate source of energy for all living organisms.

Life on Earth would be impossible without photosynthesis as there would be no food, and nearly all living organisms depend on food made by plants. Oxygen, essential for survival, is also produced during photosynthesis.

Besides leaves, photosynthesis also occurs in other green parts of the plant, such as green stems and green branches. Desert plants have scale- or spine-like leaves to reduce water loss and rely on green stems for photosynthesis.

During photosynthesis, chlorophyll-containing cells of leaves use carbon dioxide and water to synthesize carbohydrates. Oxygen is released in this process. The occurrence of starch in leaves indicates photosynthesis has happened. While most leaves are green, some have large amounts of red, brown, or other pigments that mask the green color. These leaves also undergo photosynthesis because they contain chlorophyll.

Plants synthesize carbohydrates via photosynthesis, which are then used to build proteins and fats. Proteins contain nitrogen, which plants cannot absorb directly from the air in gaseous form. Soil bacteria convert gaseous nitrogen to a usable form that plants absorb with water. Fertilizers rich in nitrogen are also added to the soil to fulfill plants' needs.

1.3 Other Modes of Nutrition in Plants
Some plants lack chlorophyll and cannot synthesize food. Such plants depend on food produced by other plants and use the heterotrophic mode of nutrition. An example is Cuscuta (Amarbel), a parasitic plant that gets food from the host plant it climbs, depriving the host of nutrients.

Algae, which are common in ponds and stagnant water, are green due to the presence of chlorophyll and can also photosynthesize.

Some plants (insectivorous plants) trap and digest insects. For example, certain plants have pitcher-like structures to trap insects, which are then digested for nutrients.

1.4 Saprotrophs
Fungi, such as mushrooms, have a different mode of nutrition. They absorb nutrients from dead and decaying matter, known as saprotrophic nutrition. Organisms with this mode are called saprotrophs. Fungi also spoil food and other items, especially in a warm and humid environment.

Some organisms live together and share shelter and nutrients, called symbiosis. For example, fungi inside plant roots or in lichens, where algae and fungi live interdependently.

1.5 How Nutrients Are Replenished in the Soil
Plants absorb nutrients from the soil, leading to depletion over time. To enrich soil, farmers add fertilizers and manures containing essential nutrients. Some bacteria, like Rhizobium, convert atmospheric nitrogen into forms usable by plants and often live in the roots of legumes. This mutually beneficial relationship is called symbiosis.

Most plants are autotrophs, while only a few are parasitic or saprotrophic. All animals are heterotrophs. Insectivorous plants can be considered partial heterotrophs.",Show with the help of a sketch that plants are the ultimate source of food.,"Plants use carbon dioxide, water, sunlight, and chlorophyll to synthesize food (carbohydrates) through photosynthesis. This food is either stored or used by the plant and serves as the base for all food chains, making plants the ultimate source of food for all living beings."
"Food is essential for all living organisms. Carbohydrates, proteins, fats, vitamins, and minerals are components of food known as nutrients and are necessary for our body.

All living organisms require food. Plants can synthesize food for themselves, but animals, including humans, cannot. They get food from plants or animals that eat plants. Thus, humans and animals are directly or indirectly dependent on plants.

1.1 Mode of Nutrition in Plants
Plants are the only organisms that can prepare food for themselves using water, carbon dioxide, and minerals. The raw materials are present in their surroundings. Nutrients enable living organisms to build their bodies, grow, repair damaged parts, and provide energy to carry out life processes. Nutrition is the mode of taking food by an organism and its utilization by the body. The mode of nutrition in which organisms make food themselves from simple substances is called autotrophic nutrition. Therefore, plants are called autotrophs. Animals and most other organisms take in food prepared by plants and are called heterotrophs.

1.2 Photosynthesis — Food Making Process in Plants
Leaves are the food factories of plants. All raw materials must reach the leaf. Water and minerals present in the soil are absorbed by the roots and transported to the leaves. Carbon dioxide from the air is taken in through tiny pores on the surface of leaves, known as stomata. These pores are surrounded by guard cells.

Water and minerals are transported to the leaves by vessels which run like pipes throughout the root, stem, branches, and leaves. They form a continuous path for nutrients to reach the leaf. The leaves have a green pigment called chlorophyll, which captures the energy of sunlight. This energy is used to synthesize food from carbon dioxide and water. As the synthesis of food occurs in sunlight, it is called photosynthesis (Photo: light; synthesis: to combine). Chlorophyll, sunlight, carbon dioxide, and water are necessary for photosynthesis. Solar energy is captured by the leaves and stored in the plant as food. Thus, the sun is the ultimate source of energy for all living organisms.

Life on Earth would be impossible without photosynthesis as there would be no food, and nearly all living organisms depend on food made by plants. Oxygen, essential for survival, is also produced during photosynthesis.

Besides leaves, photosynthesis also occurs in other green parts of the plant, such as green stems and green branches. Desert plants have scale- or spine-like leaves to reduce water loss and rely on green stems for photosynthesis.

During photosynthesis, chlorophyll-containing cells of leaves use carbon dioxide and water to synthesize carbohydrates. Oxygen is released in this process. The occurrence of starch in leaves indicates photosynthesis has happened. While most leaves are green, some have large amounts of red, brown, or other pigments that mask the green color. These leaves also undergo photosynthesis because they contain chlorophyll.

Plants synthesize carbohydrates via photosynthesis, which are then used to build proteins and fats. Proteins contain nitrogen, which plants cannot absorb directly from the air in gaseous form. Soil bacteria convert gaseous nitrogen to a usable form that plants absorb with water. Fertilizers rich in nitrogen are also added to the soil to fulfill plants' needs.

1.3 Other Modes of Nutrition in Plants
Some plants lack chlorophyll and cannot synthesize food. Such plants depend on food produced by other plants and use the heterotrophic mode of nutrition. An example is Cuscuta (Amarbel), a parasitic plant that gets food from the host plant it climbs, depriving the host of nutrients.

Algae, which are common in ponds and stagnant water, are green due to the presence of chlorophyll and can also photosynthesize.

Some plants (insectivorous plants) trap and digest insects. For example, certain plants have pitcher-like structures to trap insects, which are then digested for nutrients.

1.4 Saprotrophs
Fungi, such as mushrooms, have a different mode of nutrition. They absorb nutrients from dead and decaying matter, known as saprotrophic nutrition. Organisms with this mode are called saprotrophs. Fungi also spoil food and other items, especially in a warm and humid environment.

Some organisms live together and share shelter and nutrients, called symbiosis. For example, fungi inside plant roots or in lichens, where algae and fungi live interdependently.

1.5 How Nutrients Are Replenished in the Soil
Plants absorb nutrients from the soil, leading to depletion over time. To enrich soil, farmers add fertilizers and manures containing essential nutrients. Some bacteria, like Rhizobium, convert atmospheric nitrogen into forms usable by plants and often live in the roots of legumes. This mutually beneficial relationship is called symbiosis.

Most plants are autotrophs, while only a few are parasitic or saprotrophic. All animals are heterotrophs. Insectivorous plants can be considered partial heterotrophs.",Why do farmers grow many fruits and vegetable crops inside large greenhouses? What are the advantages to the farmers?,"Fruits and vegetable crops are grown in large greenhouses to protect them from external climatic conditions and to provide a suitable temperature for their growth.

Advantages to farmers:

Protects crops from diseases and adverse climatic conditions.

Protects crops from wind and rodents, reducing crop damage.

Ensures higher yield and better quality of produce."
"All organisms, including humans, require food for growth, repair, and functioning. While plants can prepare their own food through photosynthesis, animals cannot. Animals obtain nutrition directly by eating plants or indirectly by eating other animals that themselves eat plants. Some animals are omnivorous and eat both plants and animals. Nutrition in animals includes the requirement for various nutrients, their intake, and utilization in the body.

Food, as learned previously, consists of many components like carbohydrates, proteins, fats, vitamins, and minerals. However, these components are complex and cannot be utilized as such, so they must be broken down into simpler substances. This breakdown process is called digestion.

2.1 Different Ways of Taking Food
The manner in which organisms take food into their bodies varies. For example, bees and hummingbirds suck nectar from flowers, infants feed on their mother’s milk, pythons swallow their prey whole, and some aquatic animals filter tiny food particles from the water. Each animal has a specific mode of feeding adapted to its dietary needs.

2.2 Digestion in Humans
Food is ingested through the mouth, chewed with the teeth, mixed with saliva, and then swallowed. The alimentary canal, or digestive tract, runs from the buccal cavity to the anus and includes the mouth, esophagus, stomach, small intestine, large intestine, rectum, and anus. As food passes along this canal, it is gradually digested with the help of various glands—such as the salivary glands, liver, and pancreas—secreting their juices.

Mouth and Buccal Cavity: Food is taken in, chewed, and mixed with saliva. Each type of tooth (incisors, canines, premolars, molars) serves a different purpose, such as cutting, tearing, or grinding food.

Saliva and Functions: Saliva is secreted in the mouth and helps break down starches into sugars.

Tongue and Tasting: The tongue aids in mixing food with saliva, taste detection, and swallowing.

Oesophagus: The food pipe pushes food into the stomach by rhythmic muscular movements.

Stomach: The stomach churns food and mixes it with digestive juices. It secretes mucus, hydrochloric acid, and enzymes to break down protein.

Small Intestine: A highly coiled tube where most digestion and absorption occur. It receives bile juice from the liver and digestive juices from the pancreas and its own walls. Digestion is completed here, resulting in the absorption of nutrients through finger-like projections called villi.

Large Intestine: Absorbs water and salts from the remaining undigested material, forming semi-solid waste which moves to the rectum for expulsion (egestion).

Digestive glands: The salivary glands, liver, and pancreas function in secreting juices for digestion.

2.3 Digestion in Grass-Eating Animals
Ruminants like cows and buffaloes first quickly swallow grass and store it in a part of their stomach called the rumen, where partial digestion occurs (forming cud). Later, cud returns to the mouth for thorough chewing (rumination). Bacteria in their digestive system help break down cellulose, a carbohydrate found in grass, which humans cannot digest.

2.4 Feeding and Digestion in Amoeba
Amoeba is a microscopic, single-celled organism that constantly changes shape. It engulfs food by extending finger-like projections (pseudopodia) around the food particle, forming a food vacuole. Digestive juices break down the food inside the vacuole; nutrients are absorbed and the undigested residue is expelled.

Key Points
Animal nutrition involves ingestion, digestion, absorption, assimilation, and egestion.

The human digestive system comprises the alimentary canal and associated glands.

Different animals have adapted diverse modes of taking in and digesting food.

Ruminants undergo rumination, and amoeba use pseudopodia to capture and digest food.", What are villi? What is their location and function?,Villi are finger-like projections or outgrowths present in the small intestine of our digestive system. They increase the surface area for absorption of the digested food.
"All organisms, including humans, require food for growth, repair, and functioning. While plants can prepare their own food through photosynthesis, animals cannot. Animals obtain nutrition directly by eating plants or indirectly by eating other animals that themselves eat plants. Some animals are omnivorous and eat both plants and animals. Nutrition in animals includes the requirement for various nutrients, their intake, and utilization in the body.

Food, as learned previously, consists of many components like carbohydrates, proteins, fats, vitamins, and minerals. However, these components are complex and cannot be utilized as such, so they must be broken down into simpler substances. This breakdown process is called digestion.

2.1 Different Ways of Taking Food
The manner in which organisms take food into their bodies varies. For example, bees and hummingbirds suck nectar from flowers, infants feed on their mother’s milk, pythons swallow their prey whole, and some aquatic animals filter tiny food particles from the water. Each animal has a specific mode of feeding adapted to its dietary needs.

2.2 Digestion in Humans
Food is ingested through the mouth, chewed with the teeth, mixed with saliva, and then swallowed. The alimentary canal, or digestive tract, runs from the buccal cavity to the anus and includes the mouth, esophagus, stomach, small intestine, large intestine, rectum, and anus. As food passes along this canal, it is gradually digested with the help of various glands—such as the salivary glands, liver, and pancreas—secreting their juices.

Mouth and Buccal Cavity: Food is taken in, chewed, and mixed with saliva. Each type of tooth (incisors, canines, premolars, molars) serves a different purpose, such as cutting, tearing, or grinding food.

Saliva and Functions: Saliva is secreted in the mouth and helps break down starches into sugars.

Tongue and Tasting: The tongue aids in mixing food with saliva, taste detection, and swallowing.

Oesophagus: The food pipe pushes food into the stomach by rhythmic muscular movements.

Stomach: The stomach churns food and mixes it with digestive juices. It secretes mucus, hydrochloric acid, and enzymes to break down protein.

Small Intestine: A highly coiled tube where most digestion and absorption occur. It receives bile juice from the liver and digestive juices from the pancreas and its own walls. Digestion is completed here, resulting in the absorption of nutrients through finger-like projections called villi.

Large Intestine: Absorbs water and salts from the remaining undigested material, forming semi-solid waste which moves to the rectum for expulsion (egestion).

Digestive glands: The salivary glands, liver, and pancreas function in secreting juices for digestion.

2.3 Digestion in Grass-Eating Animals
Ruminants like cows and buffaloes first quickly swallow grass and store it in a part of their stomach called the rumen, where partial digestion occurs (forming cud). Later, cud returns to the mouth for thorough chewing (rumination). Bacteria in their digestive system help break down cellulose, a carbohydrate found in grass, which humans cannot digest.

2.4 Feeding and Digestion in Amoeba
Amoeba is a microscopic, single-celled organism that constantly changes shape. It engulfs food by extending finger-like projections (pseudopodia) around the food particle, forming a food vacuole. Digestive juices break down the food inside the vacuole; nutrients are absorbed and the undigested residue is expelled.

Key Points
Animal nutrition involves ingestion, digestion, absorption, assimilation, and egestion.

The human digestive system comprises the alimentary canal and associated glands.

Different animals have adapted diverse modes of taking in and digesting food.

Ruminants undergo rumination, and amoeba use pseudopodia to capture and digest food.", Where is the bile produced? Which component of the food does it help to digest?,Bile juice is produced in the liver. It helps in the digestion of fats by breaking large fat globules into smaller ones.
"All organisms, including humans, require food for growth, repair, and functioning. While plants can prepare their own food through photosynthesis, animals cannot. Animals obtain nutrition directly by eating plants or indirectly by eating other animals that themselves eat plants. Some animals are omnivorous and eat both plants and animals. Nutrition in animals includes the requirement for various nutrients, their intake, and utilization in the body.

Food, as learned previously, consists of many components like carbohydrates, proteins, fats, vitamins, and minerals. However, these components are complex and cannot be utilized as such, so they must be broken down into simpler substances. This breakdown process is called digestion.

2.1 Different Ways of Taking Food
The manner in which organisms take food into their bodies varies. For example, bees and hummingbirds suck nectar from flowers, infants feed on their mother’s milk, pythons swallow their prey whole, and some aquatic animals filter tiny food particles from the water. Each animal has a specific mode of feeding adapted to its dietary needs.

2.2 Digestion in Humans
Food is ingested through the mouth, chewed with the teeth, mixed with saliva, and then swallowed. The alimentary canal, or digestive tract, runs from the buccal cavity to the anus and includes the mouth, esophagus, stomach, small intestine, large intestine, rectum, and anus. As food passes along this canal, it is gradually digested with the help of various glands—such as the salivary glands, liver, and pancreas—secreting their juices.

Mouth and Buccal Cavity: Food is taken in, chewed, and mixed with saliva. Each type of tooth (incisors, canines, premolars, molars) serves a different purpose, such as cutting, tearing, or grinding food.

Saliva and Functions: Saliva is secreted in the mouth and helps break down starches into sugars.

Tongue and Tasting: The tongue aids in mixing food with saliva, taste detection, and swallowing.

Oesophagus: The food pipe pushes food into the stomach by rhythmic muscular movements.

Stomach: The stomach churns food and mixes it with digestive juices. It secretes mucus, hydrochloric acid, and enzymes to break down protein.

Small Intestine: A highly coiled tube where most digestion and absorption occur. It receives bile juice from the liver and digestive juices from the pancreas and its own walls. Digestion is completed here, resulting in the absorption of nutrients through finger-like projections called villi.

Large Intestine: Absorbs water and salts from the remaining undigested material, forming semi-solid waste which moves to the rectum for expulsion (egestion).

Digestive glands: The salivary glands, liver, and pancreas function in secreting juices for digestion.

2.3 Digestion in Grass-Eating Animals
Ruminants like cows and buffaloes first quickly swallow grass and store it in a part of their stomach called the rumen, where partial digestion occurs (forming cud). Later, cud returns to the mouth for thorough chewing (rumination). Bacteria in their digestive system help break down cellulose, a carbohydrate found in grass, which humans cannot digest.

2.4 Feeding and Digestion in Amoeba
Amoeba is a microscopic, single-celled organism that constantly changes shape. It engulfs food by extending finger-like projections (pseudopodia) around the food particle, forming a food vacuole. Digestive juices break down the food inside the vacuole; nutrients are absorbed and the undigested residue is expelled.

Key Points
Animal nutrition involves ingestion, digestion, absorption, assimilation, and egestion.

The human digestive system comprises the alimentary canal and associated glands.

Different animals have adapted diverse modes of taking in and digesting food.

Ruminants undergo rumination, and amoeba use pseudopodia to capture and digest food.",Name the type of carbohydrate that can be digested by ruminants but not by humans. Give the reason also,Cellulose is the carbohydrate that can be digested by ruminants but not by humans because humans lack the cellulase enzyme required to digest cellulose.
"All organisms, including humans, require food for growth, repair, and functioning. While plants can prepare their own food through photosynthesis, animals cannot. Animals obtain nutrition directly by eating plants or indirectly by eating other animals that themselves eat plants. Some animals are omnivorous and eat both plants and animals. Nutrition in animals includes the requirement for various nutrients, their intake, and utilization in the body.

Food, as learned previously, consists of many components like carbohydrates, proteins, fats, vitamins, and minerals. However, these components are complex and cannot be utilized as such, so they must be broken down into simpler substances. This breakdown process is called digestion.

2.1 Different Ways of Taking Food
The manner in which organisms take food into their bodies varies. For example, bees and hummingbirds suck nectar from flowers, infants feed on their mother’s milk, pythons swallow their prey whole, and some aquatic animals filter tiny food particles from the water. Each animal has a specific mode of feeding adapted to its dietary needs.

2.2 Digestion in Humans
Food is ingested through the mouth, chewed with the teeth, mixed with saliva, and then swallowed. The alimentary canal, or digestive tract, runs from the buccal cavity to the anus and includes the mouth, esophagus, stomach, small intestine, large intestine, rectum, and anus. As food passes along this canal, it is gradually digested with the help of various glands—such as the salivary glands, liver, and pancreas—secreting their juices.

Mouth and Buccal Cavity: Food is taken in, chewed, and mixed with saliva. Each type of tooth (incisors, canines, premolars, molars) serves a different purpose, such as cutting, tearing, or grinding food.

Saliva and Functions: Saliva is secreted in the mouth and helps break down starches into sugars.

Tongue and Tasting: The tongue aids in mixing food with saliva, taste detection, and swallowing.

Oesophagus: The food pipe pushes food into the stomach by rhythmic muscular movements.

Stomach: The stomach churns food and mixes it with digestive juices. It secretes mucus, hydrochloric acid, and enzymes to break down protein.

Small Intestine: A highly coiled tube where most digestion and absorption occur. It receives bile juice from the liver and digestive juices from the pancreas and its own walls. Digestion is completed here, resulting in the absorption of nutrients through finger-like projections called villi.

Large Intestine: Absorbs water and salts from the remaining undigested material, forming semi-solid waste which moves to the rectum for expulsion (egestion).

Digestive glands: The salivary glands, liver, and pancreas function in secreting juices for digestion.

2.3 Digestion in Grass-Eating Animals
Ruminants like cows and buffaloes first quickly swallow grass and store it in a part of their stomach called the rumen, where partial digestion occurs (forming cud). Later, cud returns to the mouth for thorough chewing (rumination). Bacteria in their digestive system help break down cellulose, a carbohydrate found in grass, which humans cannot digest.

2.4 Feeding and Digestion in Amoeba
Amoeba is a microscopic, single-celled organism that constantly changes shape. It engulfs food by extending finger-like projections (pseudopodia) around the food particle, forming a food vacuole. Digestive juices break down the food inside the vacuole; nutrients are absorbed and the undigested residue is expelled.

Key Points
Animal nutrition involves ingestion, digestion, absorption, assimilation, and egestion.

The human digestive system comprises the alimentary canal and associated glands.

Different animals have adapted diverse modes of taking in and digesting food.

Ruminants undergo rumination, and amoeba use pseudopodia to capture and digest food.", Why do we get instant energy from glucose?,"Glucose is a simple sugar which is easily absorbed into the blood, whereas other carbohydrates are first broken down into glucose and then absorbed. Therefore, glucose gives instant energy."
"All organisms, including humans, require food for growth, repair, and functioning. While plants can prepare their own food through photosynthesis, animals cannot. Animals obtain nutrition directly by eating plants or indirectly by eating other animals that themselves eat plants. Some animals are omnivorous and eat both plants and animals. Nutrition in animals includes the requirement for various nutrients, their intake, and utilization in the body.

Food, as learned previously, consists of many components like carbohydrates, proteins, fats, vitamins, and minerals. However, these components are complex and cannot be utilized as such, so they must be broken down into simpler substances. This breakdown process is called digestion.

2.1 Different Ways of Taking Food
The manner in which organisms take food into their bodies varies. For example, bees and hummingbirds suck nectar from flowers, infants feed on their mother’s milk, pythons swallow their prey whole, and some aquatic animals filter tiny food particles from the water. Each animal has a specific mode of feeding adapted to its dietary needs.

2.2 Digestion in Humans
Food is ingested through the mouth, chewed with the teeth, mixed with saliva, and then swallowed. The alimentary canal, or digestive tract, runs from the buccal cavity to the anus and includes the mouth, esophagus, stomach, small intestine, large intestine, rectum, and anus. As food passes along this canal, it is gradually digested with the help of various glands—such as the salivary glands, liver, and pancreas—secreting their juices.

Mouth and Buccal Cavity: Food is taken in, chewed, and mixed with saliva. Each type of tooth (incisors, canines, premolars, molars) serves a different purpose, such as cutting, tearing, or grinding food.

Saliva and Functions: Saliva is secreted in the mouth and helps break down starches into sugars.

Tongue and Tasting: The tongue aids in mixing food with saliva, taste detection, and swallowing.

Oesophagus: The food pipe pushes food into the stomach by rhythmic muscular movements.

Stomach: The stomach churns food and mixes it with digestive juices. It secretes mucus, hydrochloric acid, and enzymes to break down protein.

Small Intestine: A highly coiled tube where most digestion and absorption occur. It receives bile juice from the liver and digestive juices from the pancreas and its own walls. Digestion is completed here, resulting in the absorption of nutrients through finger-like projections called villi.

Large Intestine: Absorbs water and salts from the remaining undigested material, forming semi-solid waste which moves to the rectum for expulsion (egestion).

Digestive glands: The salivary glands, liver, and pancreas function in secreting juices for digestion.

2.3 Digestion in Grass-Eating Animals
Ruminants like cows and buffaloes first quickly swallow grass and store it in a part of their stomach called the rumen, where partial digestion occurs (forming cud). Later, cud returns to the mouth for thorough chewing (rumination). Bacteria in their digestive system help break down cellulose, a carbohydrate found in grass, which humans cannot digest.

2.4 Feeding and Digestion in Amoeba
Amoeba is a microscopic, single-celled organism that constantly changes shape. It engulfs food by extending finger-like projections (pseudopodia) around the food particle, forming a food vacuole. Digestive juices break down the food inside the vacuole; nutrients are absorbed and the undigested residue is expelled.

Key Points
Animal nutrition involves ingestion, digestion, absorption, assimilation, and egestion.

The human digestive system comprises the alimentary canal and associated glands.

Different animals have adapted diverse modes of taking in and digesting food.

Ruminants undergo rumination, and amoeba use pseudopodia to capture and digest food.","Which part of the digestive canal is involved in:

(i) absorption of food

(ii) chewing of food

(iii) killing of bacteria

(iv) complete digestion of food

(v) formation of faeces","Function	Part of Digestive Canal
Absorption of food	Small intestine
Chewing of food	Buccal cavity
Killing of bacteria	Stomach
Complete digestion of food	Small intestine
Formation of faeces	Large intestine"
"All organisms, including humans, require food for growth, repair, and functioning. While plants can prepare their own food through photosynthesis, animals cannot. Animals obtain nutrition directly by eating plants or indirectly by eating other animals that themselves eat plants. Some animals are omnivorous and eat both plants and animals. Nutrition in animals includes the requirement for various nutrients, their intake, and utilization in the body.

Food, as learned previously, consists of many components like carbohydrates, proteins, fats, vitamins, and minerals. However, these components are complex and cannot be utilized as such, so they must be broken down into simpler substances. This breakdown process is called digestion.

2.1 Different Ways of Taking Food
The manner in which organisms take food into their bodies varies. For example, bees and hummingbirds suck nectar from flowers, infants feed on their mother’s milk, pythons swallow their prey whole, and some aquatic animals filter tiny food particles from the water. Each animal has a specific mode of feeding adapted to its dietary needs.

2.2 Digestion in Humans
Food is ingested through the mouth, chewed with the teeth, mixed with saliva, and then swallowed. The alimentary canal, or digestive tract, runs from the buccal cavity to the anus and includes the mouth, esophagus, stomach, small intestine, large intestine, rectum, and anus. As food passes along this canal, it is gradually digested with the help of various glands—such as the salivary glands, liver, and pancreas—secreting their juices.

Mouth and Buccal Cavity: Food is taken in, chewed, and mixed with saliva. Each type of tooth (incisors, canines, premolars, molars) serves a different purpose, such as cutting, tearing, or grinding food.

Saliva and Functions: Saliva is secreted in the mouth and helps break down starches into sugars.

Tongue and Tasting: The tongue aids in mixing food with saliva, taste detection, and swallowing.

Oesophagus: The food pipe pushes food into the stomach by rhythmic muscular movements.

Stomach: The stomach churns food and mixes it with digestive juices. It secretes mucus, hydrochloric acid, and enzymes to break down protein.

Small Intestine: A highly coiled tube where most digestion and absorption occur. It receives bile juice from the liver and digestive juices from the pancreas and its own walls. Digestion is completed here, resulting in the absorption of nutrients through finger-like projections called villi.

Large Intestine: Absorbs water and salts from the remaining undigested material, forming semi-solid waste which moves to the rectum for expulsion (egestion).

Digestive glands: The salivary glands, liver, and pancreas function in secreting juices for digestion.

2.3 Digestion in Grass-Eating Animals
Ruminants like cows and buffaloes first quickly swallow grass and store it in a part of their stomach called the rumen, where partial digestion occurs (forming cud). Later, cud returns to the mouth for thorough chewing (rumination). Bacteria in their digestive system help break down cellulose, a carbohydrate found in grass, which humans cannot digest.

2.4 Feeding and Digestion in Amoeba
Amoeba is a microscopic, single-celled organism that constantly changes shape. It engulfs food by extending finger-like projections (pseudopodia) around the food particle, forming a food vacuole. Digestive juices break down the food inside the vacuole; nutrients are absorbed and the undigested residue is expelled.

Key Points
Animal nutrition involves ingestion, digestion, absorption, assimilation, and egestion.

The human digestive system comprises the alimentary canal and associated glands.

Different animals have adapted diverse modes of taking in and digesting food.

Ruminants undergo rumination, and amoeba use pseudopodia to capture and digest food.",Write one similarity and one difference between the nutrition in amoeba and human beings,"Similarity: Both amoeba and human beings follow holozoic nutrition (ingest, digest, and absorb food).

Difference: Humans intake food through the buccal cavity, while amoeba ingests food using pseudopodia."
"All organisms, including humans, require food for growth, repair, and functioning. While plants can prepare their own food through photosynthesis, animals cannot. Animals obtain nutrition directly by eating plants or indirectly by eating other animals that themselves eat plants. Some animals are omnivorous and eat both plants and animals. Nutrition in animals includes the requirement for various nutrients, their intake, and utilization in the body.

Food, as learned previously, consists of many components like carbohydrates, proteins, fats, vitamins, and minerals. However, these components are complex and cannot be utilized as such, so they must be broken down into simpler substances. This breakdown process is called digestion.

2.1 Different Ways of Taking Food
The manner in which organisms take food into their bodies varies. For example, bees and hummingbirds suck nectar from flowers, infants feed on their mother’s milk, pythons swallow their prey whole, and some aquatic animals filter tiny food particles from the water. Each animal has a specific mode of feeding adapted to its dietary needs.

2.2 Digestion in Humans
Food is ingested through the mouth, chewed with the teeth, mixed with saliva, and then swallowed. The alimentary canal, or digestive tract, runs from the buccal cavity to the anus and includes the mouth, esophagus, stomach, small intestine, large intestine, rectum, and anus. As food passes along this canal, it is gradually digested with the help of various glands—such as the salivary glands, liver, and pancreas—secreting their juices.

Mouth and Buccal Cavity: Food is taken in, chewed, and mixed with saliva. Each type of tooth (incisors, canines, premolars, molars) serves a different purpose, such as cutting, tearing, or grinding food.

Saliva and Functions: Saliva is secreted in the mouth and helps break down starches into sugars.

Tongue and Tasting: The tongue aids in mixing food with saliva, taste detection, and swallowing.

Oesophagus: The food pipe pushes food into the stomach by rhythmic muscular movements.

Stomach: The stomach churns food and mixes it with digestive juices. It secretes mucus, hydrochloric acid, and enzymes to break down protein.

Small Intestine: A highly coiled tube where most digestion and absorption occur. It receives bile juice from the liver and digestive juices from the pancreas and its own walls. Digestion is completed here, resulting in the absorption of nutrients through finger-like projections called villi.

Large Intestine: Absorbs water and salts from the remaining undigested material, forming semi-solid waste which moves to the rectum for expulsion (egestion).

Digestive glands: The salivary glands, liver, and pancreas function in secreting juices for digestion.

2.3 Digestion in Grass-Eating Animals
Ruminants like cows and buffaloes first quickly swallow grass and store it in a part of their stomach called the rumen, where partial digestion occurs (forming cud). Later, cud returns to the mouth for thorough chewing (rumination). Bacteria in their digestive system help break down cellulose, a carbohydrate found in grass, which humans cannot digest.

2.4 Feeding and Digestion in Amoeba
Amoeba is a microscopic, single-celled organism that constantly changes shape. It engulfs food by extending finger-like projections (pseudopodia) around the food particle, forming a food vacuole. Digestive juices break down the food inside the vacuole; nutrients are absorbed and the undigested residue is expelled.

Key Points
Animal nutrition involves ingestion, digestion, absorption, assimilation, and egestion.

The human digestive system comprises the alimentary canal and associated glands.

Different animals have adapted diverse modes of taking in and digesting food.

Ruminants undergo rumination, and amoeba use pseudopodia to capture and digest food."," Can we survive only on raw, leafy vegetables/grass? Discuss.","No, we cannot survive only on raw, leafy vegetables or grass because they mainly consist of cellulose, which cannot be digested by us due to the lack of cellulose-digesting enzyme in our body."
"You know that woollen clothes are made from animal fibres. You also know that cotton clothes are made from plant fibres. We wear woollen clothes during winters when it is cold outside. Woollen clothes keep us warm. We prefer to wear light coloured cotton clothes when it is hot. These give us a feeling of coolness. You might have wondered why particular types of clothes are suitable for a particular season.

In our day-to-day life, we come across a number of objects. Some of them are hot and some of them are cold. Tea is hot and ice is cold. Some objects are colder than others, while some are hotter. How do we decide which object is hotter than the other? We often do it by touching the objects. But is our sense of touch reliable?

In winter you feel cold inside the house. If you come out in the sun, you feel warm. In summer, you feel hot even inside the house. How do we know whether an object is hot or cold? How do we find out how hot or cold an object is? In this chapter, we shall try to seek answers to some of these questions.

Our sense of touch is not always a reliable guide to the degree of hotness of an object. Sometimes it may deceive us. A reliable measure of the hotness of an object is its temperature. Temperature is measured by a device called a thermometer.

The thermometer that measures our body temperature is called a clinical thermometer. A clinical thermometer consists of a long, narrow, uniform glass tube. It has a bulb at one end containing mercury. You will also find a scale on the thermometer. The scale we use is the celsius scale, indicated by °C.

A clinical thermometer reads temperature from 35°C to 42°C. The temperature should always be stated with its unit, °C. The normal temperature of human body is 37°C. Note that the temperature is stated with its unit.

The temperature of every person may not be 37°C. It could be slightly higher or slightly lower. What we call normal temperature is the average body temperature of a large number of healthy persons.

The clinical thermometer is designed to measure the temperature of human body only. The temperature of human body normally does not go below 35°C or above 42°C. Different types of thermometers are used for different purposes. The maximum and minimum temperatures of the previous day, reported in weather reports, are measured by a thermometer called the maximum-minimum thermometer.

Do not use a clinical thermometer for measuring the temperature of any object other than the human body. Also avoid keeping the thermometer in the sun or near a flame. It may break.

How do we measure the temperature of other objects? For this purpose, there are other thermometers. One such thermometer is known as the laboratory thermometer. The range of a laboratory thermometer is generally from –10°C to 110°C.

Take some tap water in a beaker or a mug. Dip the thermometer in water so that the bulb is immersed in water but does not touch the bottom or the sides of the container. Hold the thermometer vertically. The temperature must be read while the thermometer is in water.

It is not convenient to use the laboratory thermometer for measuring body temperature. In a clinical thermometer, there is a kink near the bulb. It prevents mercury level from falling on its own.

There is a lot of concern over the use of mercury in thermometers. Mercury is a toxic substance and is very difficult to dispose of if a thermometer breaks. These days, digital thermometers are available which do not use mercury.

You might have observed that a frying pan becomes hot when kept on a flame. It is because heat passes from the flame to the utensil. When the pan is removed from the fire, it slowly cools down. The heat is transferred from the pan to the surroundings. In all cases, heat flows from a hotter object to a colder object.

The process by which heat is transferred from the hotter end to the colder end of an object is known as conduction. In solids, generally, the heat is transferred by conduction.

The materials which allow heat to pass through them easily are conductors of heat. For example, aluminum, iron, and copper. The materials which do not allow heat to pass through them easily are poor conductors of heat such as plastic and wood. Poor conductors are known as insulators.

The water and air are poor conductors of heat. In liquids and gases, heat is transferred by convection. When water is heated, the water near the flame gets hot, rises up, and cold water moves down. This process continues till the whole water gets heated. This mode of heat transfer is known as convection.

In air, the air near the heat source gets hot and rises. The air from the sides comes in to take its place. This process, called convection, explains winds and breezes such as sea breeze (during the day) and land breeze (during the night).

When we come out in the sun, we feel warm. How does the heat from the sun reach us? It cannot reach us by conduction or convection as there is no medium such as air in most part of the space between the earth and the sun. From the sun, the heat comes to us by another process known as radiation. The transfer of heat by radiation does not require any medium. It can take place whether a medium is present or not.

All hot bodies radiate heat. When this heat falls on some object, a part of it is reflected, a part is absorbed and a part may be transmitted. The temperature of the object increases due to the absorbed part of the heat.

In summer we prefer light-coloured clothes and in winter we usually wear dark-coloured clothes. Dark surfaces absorb more heat and, therefore, we feel comfortable with dark coloured clothes in the winter. Light coloured clothes reflect most of the heat that falls on them and, therefore, we feel more comfortable wearing them in the summer.

Wool is a poor conductor of heat. Moreover, there is air trapped in between the wool fibres. This air prevents the flow of heat from our body to the cold surroundings. So, we feel warm in woollen clothes.

It is possible to construct buildings that are not affected much by heat and cold outside by constructing outer walls of buildings so that they have trapped layers of air, such as by using hollow bricks.",State similarities and differences between the laboratory thermometer and the clinical thermometer.,"Similarities:

Both are made of glass and have a long, narrow tube with a bulb at one end.

The bulbs of both thermometers contain mercury.

Both have a Celsius scale for temperature measurement.

Differences:

Clinical Thermometer	Laboratory Thermometer
Temperature range is 35°C to 42°C	Temperature range is -10°C to 110°C
Used to measure human body temperature	Used to measure temperature in laboratories
Has a kink to prevent backflow of mercury	Does not have a kink"
"You know that woollen clothes are made from animal fibres. You also know that cotton clothes are made from plant fibres. We wear woollen clothes during winters when it is cold outside. Woollen clothes keep us warm. We prefer to wear light coloured cotton clothes when it is hot. These give us a feeling of coolness. You might have wondered why particular types of clothes are suitable for a particular season.

In our day-to-day life, we come across a number of objects. Some of them are hot and some of them are cold. Tea is hot and ice is cold. Some objects are colder than others, while some are hotter. How do we decide which object is hotter than the other? We often do it by touching the objects. But is our sense of touch reliable?

In winter you feel cold inside the house. If you come out in the sun, you feel warm. In summer, you feel hot even inside the house. How do we know whether an object is hot or cold? How do we find out how hot or cold an object is? In this chapter, we shall try to seek answers to some of these questions.

Our sense of touch is not always a reliable guide to the degree of hotness of an object. Sometimes it may deceive us. A reliable measure of the hotness of an object is its temperature. Temperature is measured by a device called a thermometer.

The thermometer that measures our body temperature is called a clinical thermometer. A clinical thermometer consists of a long, narrow, uniform glass tube. It has a bulb at one end containing mercury. You will also find a scale on the thermometer. The scale we use is the celsius scale, indicated by °C.

A clinical thermometer reads temperature from 35°C to 42°C. The temperature should always be stated with its unit, °C. The normal temperature of human body is 37°C. Note that the temperature is stated with its unit.

The temperature of every person may not be 37°C. It could be slightly higher or slightly lower. What we call normal temperature is the average body temperature of a large number of healthy persons.

The clinical thermometer is designed to measure the temperature of human body only. The temperature of human body normally does not go below 35°C or above 42°C. Different types of thermometers are used for different purposes. The maximum and minimum temperatures of the previous day, reported in weather reports, are measured by a thermometer called the maximum-minimum thermometer.

Do not use a clinical thermometer for measuring the temperature of any object other than the human body. Also avoid keeping the thermometer in the sun or near a flame. It may break.

How do we measure the temperature of other objects? For this purpose, there are other thermometers. One such thermometer is known as the laboratory thermometer. The range of a laboratory thermometer is generally from –10°C to 110°C.

Take some tap water in a beaker or a mug. Dip the thermometer in water so that the bulb is immersed in water but does not touch the bottom or the sides of the container. Hold the thermometer vertically. The temperature must be read while the thermometer is in water.

It is not convenient to use the laboratory thermometer for measuring body temperature. In a clinical thermometer, there is a kink near the bulb. It prevents mercury level from falling on its own.

There is a lot of concern over the use of mercury in thermometers. Mercury is a toxic substance and is very difficult to dispose of if a thermometer breaks. These days, digital thermometers are available which do not use mercury.

You might have observed that a frying pan becomes hot when kept on a flame. It is because heat passes from the flame to the utensil. When the pan is removed from the fire, it slowly cools down. The heat is transferred from the pan to the surroundings. In all cases, heat flows from a hotter object to a colder object.

The process by which heat is transferred from the hotter end to the colder end of an object is known as conduction. In solids, generally, the heat is transferred by conduction.

The materials which allow heat to pass through them easily are conductors of heat. For example, aluminum, iron, and copper. The materials which do not allow heat to pass through them easily are poor conductors of heat such as plastic and wood. Poor conductors are known as insulators.

The water and air are poor conductors of heat. In liquids and gases, heat is transferred by convection. When water is heated, the water near the flame gets hot, rises up, and cold water moves down. This process continues till the whole water gets heated. This mode of heat transfer is known as convection.

In air, the air near the heat source gets hot and rises. The air from the sides comes in to take its place. This process, called convection, explains winds and breezes such as sea breeze (during the day) and land breeze (during the night).

When we come out in the sun, we feel warm. How does the heat from the sun reach us? It cannot reach us by conduction or convection as there is no medium such as air in most part of the space between the earth and the sun. From the sun, the heat comes to us by another process known as radiation. The transfer of heat by radiation does not require any medium. It can take place whether a medium is present or not.

All hot bodies radiate heat. When this heat falls on some object, a part of it is reflected, a part is absorbed and a part may be transmitted. The temperature of the object increases due to the absorbed part of the heat.

In summer we prefer light-coloured clothes and in winter we usually wear dark-coloured clothes. Dark surfaces absorb more heat and, therefore, we feel comfortable with dark coloured clothes in the winter. Light coloured clothes reflect most of the heat that falls on them and, therefore, we feel more comfortable wearing them in the summer.

Wool is a poor conductor of heat. Moreover, there is air trapped in between the wool fibres. This air prevents the flow of heat from our body to the cold surroundings. So, we feel warm in woollen clothes.

It is possible to construct buildings that are not affected much by heat and cold outside by constructing outer walls of buildings so that they have trapped layers of air, such as by using hollow bricks.",Give two examples of conductors of heat.,"Iron

Copper"
"You know that woollen clothes are made from animal fibres. You also know that cotton clothes are made from plant fibres. We wear woollen clothes during winters when it is cold outside. Woollen clothes keep us warm. We prefer to wear light coloured cotton clothes when it is hot. These give us a feeling of coolness. You might have wondered why particular types of clothes are suitable for a particular season.

In our day-to-day life, we come across a number of objects. Some of them are hot and some of them are cold. Tea is hot and ice is cold. Some objects are colder than others, while some are hotter. How do we decide which object is hotter than the other? We often do it by touching the objects. But is our sense of touch reliable?

In winter you feel cold inside the house. If you come out in the sun, you feel warm. In summer, you feel hot even inside the house. How do we know whether an object is hot or cold? How do we find out how hot or cold an object is? In this chapter, we shall try to seek answers to some of these questions.

Our sense of touch is not always a reliable guide to the degree of hotness of an object. Sometimes it may deceive us. A reliable measure of the hotness of an object is its temperature. Temperature is measured by a device called a thermometer.

The thermometer that measures our body temperature is called a clinical thermometer. A clinical thermometer consists of a long, narrow, uniform glass tube. It has a bulb at one end containing mercury. You will also find a scale on the thermometer. The scale we use is the celsius scale, indicated by °C.

A clinical thermometer reads temperature from 35°C to 42°C. The temperature should always be stated with its unit, °C. The normal temperature of human body is 37°C. Note that the temperature is stated with its unit.

The temperature of every person may not be 37°C. It could be slightly higher or slightly lower. What we call normal temperature is the average body temperature of a large number of healthy persons.

The clinical thermometer is designed to measure the temperature of human body only. The temperature of human body normally does not go below 35°C or above 42°C. Different types of thermometers are used for different purposes. The maximum and minimum temperatures of the previous day, reported in weather reports, are measured by a thermometer called the maximum-minimum thermometer.

Do not use a clinical thermometer for measuring the temperature of any object other than the human body. Also avoid keeping the thermometer in the sun or near a flame. It may break.

How do we measure the temperature of other objects? For this purpose, there are other thermometers. One such thermometer is known as the laboratory thermometer. The range of a laboratory thermometer is generally from –10°C to 110°C.

Take some tap water in a beaker or a mug. Dip the thermometer in water so that the bulb is immersed in water but does not touch the bottom or the sides of the container. Hold the thermometer vertically. The temperature must be read while the thermometer is in water.

It is not convenient to use the laboratory thermometer for measuring body temperature. In a clinical thermometer, there is a kink near the bulb. It prevents mercury level from falling on its own.

There is a lot of concern over the use of mercury in thermometers. Mercury is a toxic substance and is very difficult to dispose of if a thermometer breaks. These days, digital thermometers are available which do not use mercury.

You might have observed that a frying pan becomes hot when kept on a flame. It is because heat passes from the flame to the utensil. When the pan is removed from the fire, it slowly cools down. The heat is transferred from the pan to the surroundings. In all cases, heat flows from a hotter object to a colder object.

The process by which heat is transferred from the hotter end to the colder end of an object is known as conduction. In solids, generally, the heat is transferred by conduction.

The materials which allow heat to pass through them easily are conductors of heat. For example, aluminum, iron, and copper. The materials which do not allow heat to pass through them easily are poor conductors of heat such as plastic and wood. Poor conductors are known as insulators.

The water and air are poor conductors of heat. In liquids and gases, heat is transferred by convection. When water is heated, the water near the flame gets hot, rises up, and cold water moves down. This process continues till the whole water gets heated. This mode of heat transfer is known as convection.

In air, the air near the heat source gets hot and rises. The air from the sides comes in to take its place. This process, called convection, explains winds and breezes such as sea breeze (during the day) and land breeze (during the night).

When we come out in the sun, we feel warm. How does the heat from the sun reach us? It cannot reach us by conduction or convection as there is no medium such as air in most part of the space between the earth and the sun. From the sun, the heat comes to us by another process known as radiation. The transfer of heat by radiation does not require any medium. It can take place whether a medium is present or not.

All hot bodies radiate heat. When this heat falls on some object, a part of it is reflected, a part is absorbed and a part may be transmitted. The temperature of the object increases due to the absorbed part of the heat.

In summer we prefer light-coloured clothes and in winter we usually wear dark-coloured clothes. Dark surfaces absorb more heat and, therefore, we feel comfortable with dark coloured clothes in the winter. Light coloured clothes reflect most of the heat that falls on them and, therefore, we feel more comfortable wearing them in the summer.

Wool is a poor conductor of heat. Moreover, there is air trapped in between the wool fibres. This air prevents the flow of heat from our body to the cold surroundings. So, we feel warm in woollen clothes.

It is possible to construct buildings that are not affected much by heat and cold outside by constructing outer walls of buildings so that they have trapped layers of air, such as by using hollow bricks.",Give two examples of insulators of heat.,"Plastic

Wood"
"You know that woollen clothes are made from animal fibres. You also know that cotton clothes are made from plant fibres. We wear woollen clothes during winters when it is cold outside. Woollen clothes keep us warm. We prefer to wear light coloured cotton clothes when it is hot. These give us a feeling of coolness. You might have wondered why particular types of clothes are suitable for a particular season.

In our day-to-day life, we come across a number of objects. Some of them are hot and some of them are cold. Tea is hot and ice is cold. Some objects are colder than others, while some are hotter. How do we decide which object is hotter than the other? We often do it by touching the objects. But is our sense of touch reliable?

In winter you feel cold inside the house. If you come out in the sun, you feel warm. In summer, you feel hot even inside the house. How do we know whether an object is hot or cold? How do we find out how hot or cold an object is? In this chapter, we shall try to seek answers to some of these questions.

Our sense of touch is not always a reliable guide to the degree of hotness of an object. Sometimes it may deceive us. A reliable measure of the hotness of an object is its temperature. Temperature is measured by a device called a thermometer.

The thermometer that measures our body temperature is called a clinical thermometer. A clinical thermometer consists of a long, narrow, uniform glass tube. It has a bulb at one end containing mercury. You will also find a scale on the thermometer. The scale we use is the celsius scale, indicated by °C.

A clinical thermometer reads temperature from 35°C to 42°C. The temperature should always be stated with its unit, °C. The normal temperature of human body is 37°C. Note that the temperature is stated with its unit.

The temperature of every person may not be 37°C. It could be slightly higher or slightly lower. What we call normal temperature is the average body temperature of a large number of healthy persons.

The clinical thermometer is designed to measure the temperature of human body only. The temperature of human body normally does not go below 35°C or above 42°C. Different types of thermometers are used for different purposes. The maximum and minimum temperatures of the previous day, reported in weather reports, are measured by a thermometer called the maximum-minimum thermometer.

Do not use a clinical thermometer for measuring the temperature of any object other than the human body. Also avoid keeping the thermometer in the sun or near a flame. It may break.

How do we measure the temperature of other objects? For this purpose, there are other thermometers. One such thermometer is known as the laboratory thermometer. The range of a laboratory thermometer is generally from –10°C to 110°C.

Take some tap water in a beaker or a mug. Dip the thermometer in water so that the bulb is immersed in water but does not touch the bottom or the sides of the container. Hold the thermometer vertically. The temperature must be read while the thermometer is in water.

It is not convenient to use the laboratory thermometer for measuring body temperature. In a clinical thermometer, there is a kink near the bulb. It prevents mercury level from falling on its own.

There is a lot of concern over the use of mercury in thermometers. Mercury is a toxic substance and is very difficult to dispose of if a thermometer breaks. These days, digital thermometers are available which do not use mercury.

You might have observed that a frying pan becomes hot when kept on a flame. It is because heat passes from the flame to the utensil. When the pan is removed from the fire, it slowly cools down. The heat is transferred from the pan to the surroundings. In all cases, heat flows from a hotter object to a colder object.

The process by which heat is transferred from the hotter end to the colder end of an object is known as conduction. In solids, generally, the heat is transferred by conduction.

The materials which allow heat to pass through them easily are conductors of heat. For example, aluminum, iron, and copper. The materials which do not allow heat to pass through them easily are poor conductors of heat such as plastic and wood. Poor conductors are known as insulators.

The water and air are poor conductors of heat. In liquids and gases, heat is transferred by convection. When water is heated, the water near the flame gets hot, rises up, and cold water moves down. This process continues till the whole water gets heated. This mode of heat transfer is known as convection.

In air, the air near the heat source gets hot and rises. The air from the sides comes in to take its place. This process, called convection, explains winds and breezes such as sea breeze (during the day) and land breeze (during the night).

When we come out in the sun, we feel warm. How does the heat from the sun reach us? It cannot reach us by conduction or convection as there is no medium such as air in most part of the space between the earth and the sun. From the sun, the heat comes to us by another process known as radiation. The transfer of heat by radiation does not require any medium. It can take place whether a medium is present or not.

All hot bodies radiate heat. When this heat falls on some object, a part of it is reflected, a part is absorbed and a part may be transmitted. The temperature of the object increases due to the absorbed part of the heat.

In summer we prefer light-coloured clothes and in winter we usually wear dark-coloured clothes. Dark surfaces absorb more heat and, therefore, we feel comfortable with dark coloured clothes in the winter. Light coloured clothes reflect most of the heat that falls on them and, therefore, we feel more comfortable wearing them in the summer.

Wool is a poor conductor of heat. Moreover, there is air trapped in between the wool fibres. This air prevents the flow of heat from our body to the cold surroundings. So, we feel warm in woollen clothes.

It is possible to construct buildings that are not affected much by heat and cold outside by constructing outer walls of buildings so that they have trapped layers of air, such as by using hollow bricks.",Discuss why wearing more layers of clothing during winter keeps us warmer than wearing just one thick piece of clothing.,"Wearing more layers traps air between the layers. Air is a bad conductor of heat, so it prevents body heat from escaping, keeping us warmer compared to wearing only a single thick garment."
"You know that woollen clothes are made from animal fibres. You also know that cotton clothes are made from plant fibres. We wear woollen clothes during winters when it is cold outside. Woollen clothes keep us warm. We prefer to wear light coloured cotton clothes when it is hot. These give us a feeling of coolness. You might have wondered why particular types of clothes are suitable for a particular season.

In our day-to-day life, we come across a number of objects. Some of them are hot and some of them are cold. Tea is hot and ice is cold. Some objects are colder than others, while some are hotter. How do we decide which object is hotter than the other? We often do it by touching the objects. But is our sense of touch reliable?

In winter you feel cold inside the house. If you come out in the sun, you feel warm. In summer, you feel hot even inside the house. How do we know whether an object is hot or cold? How do we find out how hot or cold an object is? In this chapter, we shall try to seek answers to some of these questions.

Our sense of touch is not always a reliable guide to the degree of hotness of an object. Sometimes it may deceive us. A reliable measure of the hotness of an object is its temperature. Temperature is measured by a device called a thermometer.

The thermometer that measures our body temperature is called a clinical thermometer. A clinical thermometer consists of a long, narrow, uniform glass tube. It has a bulb at one end containing mercury. You will also find a scale on the thermometer. The scale we use is the celsius scale, indicated by °C.

A clinical thermometer reads temperature from 35°C to 42°C. The temperature should always be stated with its unit, °C. The normal temperature of human body is 37°C. Note that the temperature is stated with its unit.

The temperature of every person may not be 37°C. It could be slightly higher or slightly lower. What we call normal temperature is the average body temperature of a large number of healthy persons.

The clinical thermometer is designed to measure the temperature of human body only. The temperature of human body normally does not go below 35°C or above 42°C. Different types of thermometers are used for different purposes. The maximum and minimum temperatures of the previous day, reported in weather reports, are measured by a thermometer called the maximum-minimum thermometer.

Do not use a clinical thermometer for measuring the temperature of any object other than the human body. Also avoid keeping the thermometer in the sun or near a flame. It may break.

How do we measure the temperature of other objects? For this purpose, there are other thermometers. One such thermometer is known as the laboratory thermometer. The range of a laboratory thermometer is generally from –10°C to 110°C.

Take some tap water in a beaker or a mug. Dip the thermometer in water so that the bulb is immersed in water but does not touch the bottom or the sides of the container. Hold the thermometer vertically. The temperature must be read while the thermometer is in water.

It is not convenient to use the laboratory thermometer for measuring body temperature. In a clinical thermometer, there is a kink near the bulb. It prevents mercury level from falling on its own.

There is a lot of concern over the use of mercury in thermometers. Mercury is a toxic substance and is very difficult to dispose of if a thermometer breaks. These days, digital thermometers are available which do not use mercury.

You might have observed that a frying pan becomes hot when kept on a flame. It is because heat passes from the flame to the utensil. When the pan is removed from the fire, it slowly cools down. The heat is transferred from the pan to the surroundings. In all cases, heat flows from a hotter object to a colder object.

The process by which heat is transferred from the hotter end to the colder end of an object is known as conduction. In solids, generally, the heat is transferred by conduction.

The materials which allow heat to pass through them easily are conductors of heat. For example, aluminum, iron, and copper. The materials which do not allow heat to pass through them easily are poor conductors of heat such as plastic and wood. Poor conductors are known as insulators.

The water and air are poor conductors of heat. In liquids and gases, heat is transferred by convection. When water is heated, the water near the flame gets hot, rises up, and cold water moves down. This process continues till the whole water gets heated. This mode of heat transfer is known as convection.

In air, the air near the heat source gets hot and rises. The air from the sides comes in to take its place. This process, called convection, explains winds and breezes such as sea breeze (during the day) and land breeze (during the night).

When we come out in the sun, we feel warm. How does the heat from the sun reach us? It cannot reach us by conduction or convection as there is no medium such as air in most part of the space between the earth and the sun. From the sun, the heat comes to us by another process known as radiation. The transfer of heat by radiation does not require any medium. It can take place whether a medium is present or not.

All hot bodies radiate heat. When this heat falls on some object, a part of it is reflected, a part is absorbed and a part may be transmitted. The temperature of the object increases due to the absorbed part of the heat.

In summer we prefer light-coloured clothes and in winter we usually wear dark-coloured clothes. Dark surfaces absorb more heat and, therefore, we feel comfortable with dark coloured clothes in the winter. Light coloured clothes reflect most of the heat that falls on them and, therefore, we feel more comfortable wearing them in the summer.

Wool is a poor conductor of heat. Moreover, there is air trapped in between the wool fibres. This air prevents the flow of heat from our body to the cold surroundings. So, we feel warm in woollen clothes.

It is possible to construct buildings that are not affected much by heat and cold outside by constructing outer walls of buildings so that they have trapped layers of air, such as by using hollow bricks.",Explain why in places of hot climate it is advised that the outer walls of houses be painted white.,White colour reflects most of the heat that falls on it because it is a poor absorber of heat. Painting the outer walls white keeps the house cool in hot climates.
"You know that woollen clothes are made from animal fibres. You also know that cotton clothes are made from plant fibres. We wear woollen clothes during winters when it is cold outside. Woollen clothes keep us warm. We prefer to wear light coloured cotton clothes when it is hot. These give us a feeling of coolness. You might have wondered why particular types of clothes are suitable for a particular season.

In our day-to-day life, we come across a number of objects. Some of them are hot and some of them are cold. Tea is hot and ice is cold. Some objects are colder than others, while some are hotter. How do we decide which object is hotter than the other? We often do it by touching the objects. But is our sense of touch reliable?

In winter you feel cold inside the house. If you come out in the sun, you feel warm. In summer, you feel hot even inside the house. How do we know whether an object is hot or cold? How do we find out how hot or cold an object is? In this chapter, we shall try to seek answers to some of these questions.

Our sense of touch is not always a reliable guide to the degree of hotness of an object. Sometimes it may deceive us. A reliable measure of the hotness of an object is its temperature. Temperature is measured by a device called a thermometer.

The thermometer that measures our body temperature is called a clinical thermometer. A clinical thermometer consists of a long, narrow, uniform glass tube. It has a bulb at one end containing mercury. You will also find a scale on the thermometer. The scale we use is the celsius scale, indicated by °C.

A clinical thermometer reads temperature from 35°C to 42°C. The temperature should always be stated with its unit, °C. The normal temperature of human body is 37°C. Note that the temperature is stated with its unit.

The temperature of every person may not be 37°C. It could be slightly higher or slightly lower. What we call normal temperature is the average body temperature of a large number of healthy persons.

The clinical thermometer is designed to measure the temperature of human body only. The temperature of human body normally does not go below 35°C or above 42°C. Different types of thermometers are used for different purposes. The maximum and minimum temperatures of the previous day, reported in weather reports, are measured by a thermometer called the maximum-minimum thermometer.

Do not use a clinical thermometer for measuring the temperature of any object other than the human body. Also avoid keeping the thermometer in the sun or near a flame. It may break.

How do we measure the temperature of other objects? For this purpose, there are other thermometers. One such thermometer is known as the laboratory thermometer. The range of a laboratory thermometer is generally from –10°C to 110°C.

Take some tap water in a beaker or a mug. Dip the thermometer in water so that the bulb is immersed in water but does not touch the bottom or the sides of the container. Hold the thermometer vertically. The temperature must be read while the thermometer is in water.

It is not convenient to use the laboratory thermometer for measuring body temperature. In a clinical thermometer, there is a kink near the bulb. It prevents mercury level from falling on its own.

There is a lot of concern over the use of mercury in thermometers. Mercury is a toxic substance and is very difficult to dispose of if a thermometer breaks. These days, digital thermometers are available which do not use mercury.

You might have observed that a frying pan becomes hot when kept on a flame. It is because heat passes from the flame to the utensil. When the pan is removed from the fire, it slowly cools down. The heat is transferred from the pan to the surroundings. In all cases, heat flows from a hotter object to a colder object.

The process by which heat is transferred from the hotter end to the colder end of an object is known as conduction. In solids, generally, the heat is transferred by conduction.

The materials which allow heat to pass through them easily are conductors of heat. For example, aluminum, iron, and copper. The materials which do not allow heat to pass through them easily are poor conductors of heat such as plastic and wood. Poor conductors are known as insulators.

The water and air are poor conductors of heat. In liquids and gases, heat is transferred by convection. When water is heated, the water near the flame gets hot, rises up, and cold water moves down. This process continues till the whole water gets heated. This mode of heat transfer is known as convection.

In air, the air near the heat source gets hot and rises. The air from the sides comes in to take its place. This process, called convection, explains winds and breezes such as sea breeze (during the day) and land breeze (during the night).

When we come out in the sun, we feel warm. How does the heat from the sun reach us? It cannot reach us by conduction or convection as there is no medium such as air in most part of the space between the earth and the sun. From the sun, the heat comes to us by another process known as radiation. The transfer of heat by radiation does not require any medium. It can take place whether a medium is present or not.

All hot bodies radiate heat. When this heat falls on some object, a part of it is reflected, a part is absorbed and a part may be transmitted. The temperature of the object increases due to the absorbed part of the heat.

In summer we prefer light-coloured clothes and in winter we usually wear dark-coloured clothes. Dark surfaces absorb more heat and, therefore, we feel comfortable with dark coloured clothes in the winter. Light coloured clothes reflect most of the heat that falls on them and, therefore, we feel more comfortable wearing them in the summer.

Wool is a poor conductor of heat. Moreover, there is air trapped in between the wool fibres. This air prevents the flow of heat from our body to the cold surroundings. So, we feel warm in woollen clothes.

It is possible to construct buildings that are not affected much by heat and cold outside by constructing outer walls of buildings so that they have trapped layers of air, such as by using hollow bricks.",One litre of water at 30°C is mixed with one litre of water at 50°C. What will be the temperature of the mixture? Explain your answer.,"The temperature of the mixture will be between 30°C and 50°C because the hot water loses heat and the cold water gains heat, resulting in a temperature in between the two original temperatures."
"You know that woollen clothes are made from animal fibres. You also know that cotton clothes are made from plant fibres. We wear woollen clothes during winters when it is cold outside. Woollen clothes keep us warm. We prefer to wear light coloured cotton clothes when it is hot. These give us a feeling of coolness. You might have wondered why particular types of clothes are suitable for a particular season.

In our day-to-day life, we come across a number of objects. Some of them are hot and some of them are cold. Tea is hot and ice is cold. Some objects are colder than others, while some are hotter. How do we decide which object is hotter than the other? We often do it by touching the objects. But is our sense of touch reliable?

In winter you feel cold inside the house. If you come out in the sun, you feel warm. In summer, you feel hot even inside the house. How do we know whether an object is hot or cold? How do we find out how hot or cold an object is? In this chapter, we shall try to seek answers to some of these questions.

Our sense of touch is not always a reliable guide to the degree of hotness of an object. Sometimes it may deceive us. A reliable measure of the hotness of an object is its temperature. Temperature is measured by a device called a thermometer.

The thermometer that measures our body temperature is called a clinical thermometer. A clinical thermometer consists of a long, narrow, uniform glass tube. It has a bulb at one end containing mercury. You will also find a scale on the thermometer. The scale we use is the celsius scale, indicated by °C.

A clinical thermometer reads temperature from 35°C to 42°C. The temperature should always be stated with its unit, °C. The normal temperature of human body is 37°C. Note that the temperature is stated with its unit.

The temperature of every person may not be 37°C. It could be slightly higher or slightly lower. What we call normal temperature is the average body temperature of a large number of healthy persons.

The clinical thermometer is designed to measure the temperature of human body only. The temperature of human body normally does not go below 35°C or above 42°C. Different types of thermometers are used for different purposes. The maximum and minimum temperatures of the previous day, reported in weather reports, are measured by a thermometer called the maximum-minimum thermometer.

Do not use a clinical thermometer for measuring the temperature of any object other than the human body. Also avoid keeping the thermometer in the sun or near a flame. It may break.

How do we measure the temperature of other objects? For this purpose, there are other thermometers. One such thermometer is known as the laboratory thermometer. The range of a laboratory thermometer is generally from –10°C to 110°C.

Take some tap water in a beaker or a mug. Dip the thermometer in water so that the bulb is immersed in water but does not touch the bottom or the sides of the container. Hold the thermometer vertically. The temperature must be read while the thermometer is in water.

It is not convenient to use the laboratory thermometer for measuring body temperature. In a clinical thermometer, there is a kink near the bulb. It prevents mercury level from falling on its own.

There is a lot of concern over the use of mercury in thermometers. Mercury is a toxic substance and is very difficult to dispose of if a thermometer breaks. These days, digital thermometers are available which do not use mercury.

You might have observed that a frying pan becomes hot when kept on a flame. It is because heat passes from the flame to the utensil. When the pan is removed from the fire, it slowly cools down. The heat is transferred from the pan to the surroundings. In all cases, heat flows from a hotter object to a colder object.

The process by which heat is transferred from the hotter end to the colder end of an object is known as conduction. In solids, generally, the heat is transferred by conduction.

The materials which allow heat to pass through them easily are conductors of heat. For example, aluminum, iron, and copper. The materials which do not allow heat to pass through them easily are poor conductors of heat such as plastic and wood. Poor conductors are known as insulators.

The water and air are poor conductors of heat. In liquids and gases, heat is transferred by convection. When water is heated, the water near the flame gets hot, rises up, and cold water moves down. This process continues till the whole water gets heated. This mode of heat transfer is known as convection.

In air, the air near the heat source gets hot and rises. The air from the sides comes in to take its place. This process, called convection, explains winds and breezes such as sea breeze (during the day) and land breeze (during the night).

When we come out in the sun, we feel warm. How does the heat from the sun reach us? It cannot reach us by conduction or convection as there is no medium such as air in most part of the space between the earth and the sun. From the sun, the heat comes to us by another process known as radiation. The transfer of heat by radiation does not require any medium. It can take place whether a medium is present or not.

All hot bodies radiate heat. When this heat falls on some object, a part of it is reflected, a part is absorbed and a part may be transmitted. The temperature of the object increases due to the absorbed part of the heat.

In summer we prefer light-coloured clothes and in winter we usually wear dark-coloured clothes. Dark surfaces absorb more heat and, therefore, we feel comfortable with dark coloured clothes in the winter. Light coloured clothes reflect most of the heat that falls on them and, therefore, we feel more comfortable wearing them in the summer.

Wool is a poor conductor of heat. Moreover, there is air trapped in between the wool fibres. This air prevents the flow of heat from our body to the cold surroundings. So, we feel warm in woollen clothes.

It is possible to construct buildings that are not affected much by heat and cold outside by constructing outer walls of buildings so that they have trapped layers of air, such as by using hollow bricks.",An iron ball at 40°C is dropped in a mug containing water at 40°C. What will happen to the heat flow between them? Explain your answer.,No heat will flow between them because both the iron ball and the water have the same temperature of 40°C.
"You know that woollen clothes are made from animal fibres. You also know that cotton clothes are made from plant fibres. We wear woollen clothes during winters when it is cold outside. Woollen clothes keep us warm. We prefer to wear light coloured cotton clothes when it is hot. These give us a feeling of coolness. You might have wondered why particular types of clothes are suitable for a particular season.

In our day-to-day life, we come across a number of objects. Some of them are hot and some of them are cold. Tea is hot and ice is cold. Some objects are colder than others, while some are hotter. How do we decide which object is hotter than the other? We often do it by touching the objects. But is our sense of touch reliable?

In winter you feel cold inside the house. If you come out in the sun, you feel warm. In summer, you feel hot even inside the house. How do we know whether an object is hot or cold? How do we find out how hot or cold an object is? In this chapter, we shall try to seek answers to some of these questions.

Our sense of touch is not always a reliable guide to the degree of hotness of an object. Sometimes it may deceive us. A reliable measure of the hotness of an object is its temperature. Temperature is measured by a device called a thermometer.

The thermometer that measures our body temperature is called a clinical thermometer. A clinical thermometer consists of a long, narrow, uniform glass tube. It has a bulb at one end containing mercury. You will also find a scale on the thermometer. The scale we use is the celsius scale, indicated by °C.

A clinical thermometer reads temperature from 35°C to 42°C. The temperature should always be stated with its unit, °C. The normal temperature of human body is 37°C. Note that the temperature is stated with its unit.

The temperature of every person may not be 37°C. It could be slightly higher or slightly lower. What we call normal temperature is the average body temperature of a large number of healthy persons.

The clinical thermometer is designed to measure the temperature of human body only. The temperature of human body normally does not go below 35°C or above 42°C. Different types of thermometers are used for different purposes. The maximum and minimum temperatures of the previous day, reported in weather reports, are measured by a thermometer called the maximum-minimum thermometer.

Do not use a clinical thermometer for measuring the temperature of any object other than the human body. Also avoid keeping the thermometer in the sun or near a flame. It may break.

How do we measure the temperature of other objects? For this purpose, there are other thermometers. One such thermometer is known as the laboratory thermometer. The range of a laboratory thermometer is generally from –10°C to 110°C.

Take some tap water in a beaker or a mug. Dip the thermometer in water so that the bulb is immersed in water but does not touch the bottom or the sides of the container. Hold the thermometer vertically. The temperature must be read while the thermometer is in water.

It is not convenient to use the laboratory thermometer for measuring body temperature. In a clinical thermometer, there is a kink near the bulb. It prevents mercury level from falling on its own.

There is a lot of concern over the use of mercury in thermometers. Mercury is a toxic substance and is very difficult to dispose of if a thermometer breaks. These days, digital thermometers are available which do not use mercury.

You might have observed that a frying pan becomes hot when kept on a flame. It is because heat passes from the flame to the utensil. When the pan is removed from the fire, it slowly cools down. The heat is transferred from the pan to the surroundings. In all cases, heat flows from a hotter object to a colder object.

The process by which heat is transferred from the hotter end to the colder end of an object is known as conduction. In solids, generally, the heat is transferred by conduction.

The materials which allow heat to pass through them easily are conductors of heat. For example, aluminum, iron, and copper. The materials which do not allow heat to pass through them easily are poor conductors of heat such as plastic and wood. Poor conductors are known as insulators.

The water and air are poor conductors of heat. In liquids and gases, heat is transferred by convection. When water is heated, the water near the flame gets hot, rises up, and cold water moves down. This process continues till the whole water gets heated. This mode of heat transfer is known as convection.

In air, the air near the heat source gets hot and rises. The air from the sides comes in to take its place. This process, called convection, explains winds and breezes such as sea breeze (during the day) and land breeze (during the night).

When we come out in the sun, we feel warm. How does the heat from the sun reach us? It cannot reach us by conduction or convection as there is no medium such as air in most part of the space between the earth and the sun. From the sun, the heat comes to us by another process known as radiation. The transfer of heat by radiation does not require any medium. It can take place whether a medium is present or not.

All hot bodies radiate heat. When this heat falls on some object, a part of it is reflected, a part is absorbed and a part may be transmitted. The temperature of the object increases due to the absorbed part of the heat.

In summer we prefer light-coloured clothes and in winter we usually wear dark-coloured clothes. Dark surfaces absorb more heat and, therefore, we feel comfortable with dark coloured clothes in the winter. Light coloured clothes reflect most of the heat that falls on them and, therefore, we feel more comfortable wearing them in the summer.

Wool is a poor conductor of heat. Moreover, there is air trapped in between the wool fibres. This air prevents the flow of heat from our body to the cold surroundings. So, we feel warm in woollen clothes.

It is possible to construct buildings that are not affected much by heat and cold outside by constructing outer walls of buildings so that they have trapped layers of air, such as by using hollow bricks.",Stainless steel pans are usually provided with copper bottoms. What is the reason for this?,"Copper is a better conductor of heat than stainless steel, so providing copper bottoms helps heat to spread quickly and evenly in the pan."
"You know that woollen clothes are made from animal fibres. You also know that cotton clothes are made from plant fibres. We wear woollen clothes during winters when it is cold outside. Woollen clothes keep us warm. We prefer to wear light coloured cotton clothes when it is hot. These give us a feeling of coolness. You might have wondered why particular types of clothes are suitable for a particular season.

In our day-to-day life, we come across a number of objects. Some of them are hot and some of them are cold. Tea is hot and ice is cold. Some objects are colder than others, while some are hotter. How do we decide which object is hotter than the other? We often do it by touching the objects. But is our sense of touch reliable?

In winter you feel cold inside the house. If you come out in the sun, you feel warm. In summer, you feel hot even inside the house. How do we know whether an object is hot or cold? How do we find out how hot or cold an object is? In this chapter, we shall try to seek answers to some of these questions.

Our sense of touch is not always a reliable guide to the degree of hotness of an object. Sometimes it may deceive us. A reliable measure of the hotness of an object is its temperature. Temperature is measured by a device called a thermometer.

The thermometer that measures our body temperature is called a clinical thermometer. A clinical thermometer consists of a long, narrow, uniform glass tube. It has a bulb at one end containing mercury. You will also find a scale on the thermometer. The scale we use is the celsius scale, indicated by °C.

A clinical thermometer reads temperature from 35°C to 42°C. The temperature should always be stated with its unit, °C. The normal temperature of human body is 37°C. Note that the temperature is stated with its unit.

The temperature of every person may not be 37°C. It could be slightly higher or slightly lower. What we call normal temperature is the average body temperature of a large number of healthy persons.

The clinical thermometer is designed to measure the temperature of human body only. The temperature of human body normally does not go below 35°C or above 42°C. Different types of thermometers are used for different purposes. The maximum and minimum temperatures of the previous day, reported in weather reports, are measured by a thermometer called the maximum-minimum thermometer.

Do not use a clinical thermometer for measuring the temperature of any object other than the human body. Also avoid keeping the thermometer in the sun or near a flame. It may break.

How do we measure the temperature of other objects? For this purpose, there are other thermometers. One such thermometer is known as the laboratory thermometer. The range of a laboratory thermometer is generally from –10°C to 110°C.

Take some tap water in a beaker or a mug. Dip the thermometer in water so that the bulb is immersed in water but does not touch the bottom or the sides of the container. Hold the thermometer vertically. The temperature must be read while the thermometer is in water.

It is not convenient to use the laboratory thermometer for measuring body temperature. In a clinical thermometer, there is a kink near the bulb. It prevents mercury level from falling on its own.

There is a lot of concern over the use of mercury in thermometers. Mercury is a toxic substance and is very difficult to dispose of if a thermometer breaks. These days, digital thermometers are available which do not use mercury.

You might have observed that a frying pan becomes hot when kept on a flame. It is because heat passes from the flame to the utensil. When the pan is removed from the fire, it slowly cools down. The heat is transferred from the pan to the surroundings. In all cases, heat flows from a hotter object to a colder object.

The process by which heat is transferred from the hotter end to the colder end of an object is known as conduction. In solids, generally, the heat is transferred by conduction.

The materials which allow heat to pass through them easily are conductors of heat. For example, aluminum, iron, and copper. The materials which do not allow heat to pass through them easily are poor conductors of heat such as plastic and wood. Poor conductors are known as insulators.

The water and air are poor conductors of heat. In liquids and gases, heat is transferred by convection. When water is heated, the water near the flame gets hot, rises up, and cold water moves down. This process continues till the whole water gets heated. This mode of heat transfer is known as convection.

In air, the air near the heat source gets hot and rises. The air from the sides comes in to take its place. This process, called convection, explains winds and breezes such as sea breeze (during the day) and land breeze (during the night).

When we come out in the sun, we feel warm. How does the heat from the sun reach us? It cannot reach us by conduction or convection as there is no medium such as air in most part of the space between the earth and the sun. From the sun, the heat comes to us by another process known as radiation. The transfer of heat by radiation does not require any medium. It can take place whether a medium is present or not.

All hot bodies radiate heat. When this heat falls on some object, a part of it is reflected, a part is absorbed and a part may be transmitted. The temperature of the object increases due to the absorbed part of the heat.

In summer we prefer light-coloured clothes and in winter we usually wear dark-coloured clothes. Dark surfaces absorb more heat and, therefore, we feel comfortable with dark coloured clothes in the winter. Light coloured clothes reflect most of the heat that falls on them and, therefore, we feel more comfortable wearing them in the summer.

Wool is a poor conductor of heat. Moreover, there is air trapped in between the wool fibres. This air prevents the flow of heat from our body to the cold surroundings. So, we feel warm in woollen clothes.

It is possible to construct buildings that are not affected much by heat and cold outside by constructing outer walls of buildings so that they have trapped layers of air, such as by using hollow bricks.",Go to a doctor or your nearest health centre. Observe the doctor taking temperature of patients. Enquire why the thermometer is dipped in a liquid before use.,The thermometer is dipped in a liquid (usually an antiseptic/disinfectant solution) before use to sterilize it and maintain hygiene between patients.
"You know that woollen clothes are made from animal fibres. You also know that cotton clothes are made from plant fibres. We wear woollen clothes during winters when it is cold outside. Woollen clothes keep us warm. We prefer to wear light coloured cotton clothes when it is hot. These give us a feeling of coolness. You might have wondered why particular types of clothes are suitable for a particular season.

In our day-to-day life, we come across a number of objects. Some of them are hot and some of them are cold. Tea is hot and ice is cold. Some objects are colder than others, while some are hotter. How do we decide which object is hotter than the other? We often do it by touching the objects. But is our sense of touch reliable?

In winter you feel cold inside the house. If you come out in the sun, you feel warm. In summer, you feel hot even inside the house. How do we know whether an object is hot or cold? How do we find out how hot or cold an object is? In this chapter, we shall try to seek answers to some of these questions.

Our sense of touch is not always a reliable guide to the degree of hotness of an object. Sometimes it may deceive us. A reliable measure of the hotness of an object is its temperature. Temperature is measured by a device called a thermometer.

The thermometer that measures our body temperature is called a clinical thermometer. A clinical thermometer consists of a long, narrow, uniform glass tube. It has a bulb at one end containing mercury. You will also find a scale on the thermometer. The scale we use is the celsius scale, indicated by °C.

A clinical thermometer reads temperature from 35°C to 42°C. The temperature should always be stated with its unit, °C. The normal temperature of human body is 37°C. Note that the temperature is stated with its unit.

The temperature of every person may not be 37°C. It could be slightly higher or slightly lower. What we call normal temperature is the average body temperature of a large number of healthy persons.

The clinical thermometer is designed to measure the temperature of human body only. The temperature of human body normally does not go below 35°C or above 42°C. Different types of thermometers are used for different purposes. The maximum and minimum temperatures of the previous day, reported in weather reports, are measured by a thermometer called the maximum-minimum thermometer.

Do not use a clinical thermometer for measuring the temperature of any object other than the human body. Also avoid keeping the thermometer in the sun or near a flame. It may break.

How do we measure the temperature of other objects? For this purpose, there are other thermometers. One such thermometer is known as the laboratory thermometer. The range of a laboratory thermometer is generally from –10°C to 110°C.

Take some tap water in a beaker or a mug. Dip the thermometer in water so that the bulb is immersed in water but does not touch the bottom or the sides of the container. Hold the thermometer vertically. The temperature must be read while the thermometer is in water.

It is not convenient to use the laboratory thermometer for measuring body temperature. In a clinical thermometer, there is a kink near the bulb. It prevents mercury level from falling on its own.

There is a lot of concern over the use of mercury in thermometers. Mercury is a toxic substance and is very difficult to dispose of if a thermometer breaks. These days, digital thermometers are available which do not use mercury.

You might have observed that a frying pan becomes hot when kept on a flame. It is because heat passes from the flame to the utensil. When the pan is removed from the fire, it slowly cools down. The heat is transferred from the pan to the surroundings. In all cases, heat flows from a hotter object to a colder object.

The process by which heat is transferred from the hotter end to the colder end of an object is known as conduction. In solids, generally, the heat is transferred by conduction.

The materials which allow heat to pass through them easily are conductors of heat. For example, aluminum, iron, and copper. The materials which do not allow heat to pass through them easily are poor conductors of heat such as plastic and wood. Poor conductors are known as insulators.

The water and air are poor conductors of heat. In liquids and gases, heat is transferred by convection. When water is heated, the water near the flame gets hot, rises up, and cold water moves down. This process continues till the whole water gets heated. This mode of heat transfer is known as convection.

In air, the air near the heat source gets hot and rises. The air from the sides comes in to take its place. This process, called convection, explains winds and breezes such as sea breeze (during the day) and land breeze (during the night).

When we come out in the sun, we feel warm. How does the heat from the sun reach us? It cannot reach us by conduction or convection as there is no medium such as air in most part of the space between the earth and the sun. From the sun, the heat comes to us by another process known as radiation. The transfer of heat by radiation does not require any medium. It can take place whether a medium is present or not.

All hot bodies radiate heat. When this heat falls on some object, a part of it is reflected, a part is absorbed and a part may be transmitted. The temperature of the object increases due to the absorbed part of the heat.

In summer we prefer light-coloured clothes and in winter we usually wear dark-coloured clothes. Dark surfaces absorb more heat and, therefore, we feel comfortable with dark coloured clothes in the winter. Light coloured clothes reflect most of the heat that falls on them and, therefore, we feel more comfortable wearing them in the summer.

Wool is a poor conductor of heat. Moreover, there is air trapped in between the wool fibres. This air prevents the flow of heat from our body to the cold surroundings. So, we feel warm in woollen clothes.

It is possible to construct buildings that are not affected much by heat and cold outside by constructing outer walls of buildings so that they have trapped layers of air, such as by using hollow bricks.",Go to a doctor or your nearest health centre. Find out why the thermometer is kept under the tongue.,The thermometer is kept under the tongue because this area is close to the blood vessels and accurately reflects the body’s core temperature.
"You know that woollen clothes are made from animal fibres. You also know that cotton clothes are made from plant fibres. We wear woollen clothes during winters when it is cold outside. Woollen clothes keep us warm. We prefer to wear light coloured cotton clothes when it is hot. These give us a feeling of coolness. You might have wondered why particular types of clothes are suitable for a particular season.

In our day-to-day life, we come across a number of objects. Some of them are hot and some of them are cold. Tea is hot and ice is cold. Some objects are colder than others, while some are hotter. How do we decide which object is hotter than the other? We often do it by touching the objects. But is our sense of touch reliable?

In winter you feel cold inside the house. If you come out in the sun, you feel warm. In summer, you feel hot even inside the house. How do we know whether an object is hot or cold? How do we find out how hot or cold an object is? In this chapter, we shall try to seek answers to some of these questions.

Our sense of touch is not always a reliable guide to the degree of hotness of an object. Sometimes it may deceive us. A reliable measure of the hotness of an object is its temperature. Temperature is measured by a device called a thermometer.

The thermometer that measures our body temperature is called a clinical thermometer. A clinical thermometer consists of a long, narrow, uniform glass tube. It has a bulb at one end containing mercury. You will also find a scale on the thermometer. The scale we use is the celsius scale, indicated by °C.

A clinical thermometer reads temperature from 35°C to 42°C. The temperature should always be stated with its unit, °C. The normal temperature of human body is 37°C. Note that the temperature is stated with its unit.

The temperature of every person may not be 37°C. It could be slightly higher or slightly lower. What we call normal temperature is the average body temperature of a large number of healthy persons.

The clinical thermometer is designed to measure the temperature of human body only. The temperature of human body normally does not go below 35°C or above 42°C. Different types of thermometers are used for different purposes. The maximum and minimum temperatures of the previous day, reported in weather reports, are measured by a thermometer called the maximum-minimum thermometer.

Do not use a clinical thermometer for measuring the temperature of any object other than the human body. Also avoid keeping the thermometer in the sun or near a flame. It may break.

How do we measure the temperature of other objects? For this purpose, there are other thermometers. One such thermometer is known as the laboratory thermometer. The range of a laboratory thermometer is generally from –10°C to 110°C.

Take some tap water in a beaker or a mug. Dip the thermometer in water so that the bulb is immersed in water but does not touch the bottom or the sides of the container. Hold the thermometer vertically. The temperature must be read while the thermometer is in water.

It is not convenient to use the laboratory thermometer for measuring body temperature. In a clinical thermometer, there is a kink near the bulb. It prevents mercury level from falling on its own.

There is a lot of concern over the use of mercury in thermometers. Mercury is a toxic substance and is very difficult to dispose of if a thermometer breaks. These days, digital thermometers are available which do not use mercury.

You might have observed that a frying pan becomes hot when kept on a flame. It is because heat passes from the flame to the utensil. When the pan is removed from the fire, it slowly cools down. The heat is transferred from the pan to the surroundings. In all cases, heat flows from a hotter object to a colder object.

The process by which heat is transferred from the hotter end to the colder end of an object is known as conduction. In solids, generally, the heat is transferred by conduction.

The materials which allow heat to pass through them easily are conductors of heat. For example, aluminum, iron, and copper. The materials which do not allow heat to pass through them easily are poor conductors of heat such as plastic and wood. Poor conductors are known as insulators.

The water and air are poor conductors of heat. In liquids and gases, heat is transferred by convection. When water is heated, the water near the flame gets hot, rises up, and cold water moves down. This process continues till the whole water gets heated. This mode of heat transfer is known as convection.

In air, the air near the heat source gets hot and rises. The air from the sides comes in to take its place. This process, called convection, explains winds and breezes such as sea breeze (during the day) and land breeze (during the night).

When we come out in the sun, we feel warm. How does the heat from the sun reach us? It cannot reach us by conduction or convection as there is no medium such as air in most part of the space between the earth and the sun. From the sun, the heat comes to us by another process known as radiation. The transfer of heat by radiation does not require any medium. It can take place whether a medium is present or not.

All hot bodies radiate heat. When this heat falls on some object, a part of it is reflected, a part is absorbed and a part may be transmitted. The temperature of the object increases due to the absorbed part of the heat.

In summer we prefer light-coloured clothes and in winter we usually wear dark-coloured clothes. Dark surfaces absorb more heat and, therefore, we feel comfortable with dark coloured clothes in the winter. Light coloured clothes reflect most of the heat that falls on them and, therefore, we feel more comfortable wearing them in the summer.

Wool is a poor conductor of heat. Moreover, there is air trapped in between the wool fibres. This air prevents the flow of heat from our body to the cold surroundings. So, we feel warm in woollen clothes.

It is possible to construct buildings that are not affected much by heat and cold outside by constructing outer walls of buildings so that they have trapped layers of air, such as by using hollow bricks.",Go to a doctor or your nearest health centre. Ask whether the body temperature can be measured by keeping the thermometer at some place other than the mouth.,"Yes, the body temperature can also be measured by placing the thermometer in the armpit or rectum, but the readings may vary slightly compared to oral measurement."
"You know that woollen clothes are made from animal fibres. You also know that cotton clothes are made from plant fibres. We wear woollen clothes during winters when it is cold outside. Woollen clothes keep us warm. We prefer to wear light coloured cotton clothes when it is hot. These give us a feeling of coolness. You might have wondered why particular types of clothes are suitable for a particular season.

In our day-to-day life, we come across a number of objects. Some of them are hot and some of them are cold. Tea is hot and ice is cold. Some objects are colder than others, while some are hotter. How do we decide which object is hotter than the other? We often do it by touching the objects. But is our sense of touch reliable?

In winter you feel cold inside the house. If you come out in the sun, you feel warm. In summer, you feel hot even inside the house. How do we know whether an object is hot or cold? How do we find out how hot or cold an object is? In this chapter, we shall try to seek answers to some of these questions.

Our sense of touch is not always a reliable guide to the degree of hotness of an object. Sometimes it may deceive us. A reliable measure of the hotness of an object is its temperature. Temperature is measured by a device called a thermometer.

The thermometer that measures our body temperature is called a clinical thermometer. A clinical thermometer consists of a long, narrow, uniform glass tube. It has a bulb at one end containing mercury. You will also find a scale on the thermometer. The scale we use is the celsius scale, indicated by °C.

A clinical thermometer reads temperature from 35°C to 42°C. The temperature should always be stated with its unit, °C. The normal temperature of human body is 37°C. Note that the temperature is stated with its unit.

The temperature of every person may not be 37°C. It could be slightly higher or slightly lower. What we call normal temperature is the average body temperature of a large number of healthy persons.

The clinical thermometer is designed to measure the temperature of human body only. The temperature of human body normally does not go below 35°C or above 42°C. Different types of thermometers are used for different purposes. The maximum and minimum temperatures of the previous day, reported in weather reports, are measured by a thermometer called the maximum-minimum thermometer.

Do not use a clinical thermometer for measuring the temperature of any object other than the human body. Also avoid keeping the thermometer in the sun or near a flame. It may break.

How do we measure the temperature of other objects? For this purpose, there are other thermometers. One such thermometer is known as the laboratory thermometer. The range of a laboratory thermometer is generally from –10°C to 110°C.

Take some tap water in a beaker or a mug. Dip the thermometer in water so that the bulb is immersed in water but does not touch the bottom or the sides of the container. Hold the thermometer vertically. The temperature must be read while the thermometer is in water.

It is not convenient to use the laboratory thermometer for measuring body temperature. In a clinical thermometer, there is a kink near the bulb. It prevents mercury level from falling on its own.

There is a lot of concern over the use of mercury in thermometers. Mercury is a toxic substance and is very difficult to dispose of if a thermometer breaks. These days, digital thermometers are available which do not use mercury.

You might have observed that a frying pan becomes hot when kept on a flame. It is because heat passes from the flame to the utensil. When the pan is removed from the fire, it slowly cools down. The heat is transferred from the pan to the surroundings. In all cases, heat flows from a hotter object to a colder object.

The process by which heat is transferred from the hotter end to the colder end of an object is known as conduction. In solids, generally, the heat is transferred by conduction.

The materials which allow heat to pass through them easily are conductors of heat. For example, aluminum, iron, and copper. The materials which do not allow heat to pass through them easily are poor conductors of heat such as plastic and wood. Poor conductors are known as insulators.

The water and air are poor conductors of heat. In liquids and gases, heat is transferred by convection. When water is heated, the water near the flame gets hot, rises up, and cold water moves down. This process continues till the whole water gets heated. This mode of heat transfer is known as convection.

In air, the air near the heat source gets hot and rises. The air from the sides comes in to take its place. This process, called convection, explains winds and breezes such as sea breeze (during the day) and land breeze (during the night).

When we come out in the sun, we feel warm. How does the heat from the sun reach us? It cannot reach us by conduction or convection as there is no medium such as air in most part of the space between the earth and the sun. From the sun, the heat comes to us by another process known as radiation. The transfer of heat by radiation does not require any medium. It can take place whether a medium is present or not.

All hot bodies radiate heat. When this heat falls on some object, a part of it is reflected, a part is absorbed and a part may be transmitted. The temperature of the object increases due to the absorbed part of the heat.

In summer we prefer light-coloured clothes and in winter we usually wear dark-coloured clothes. Dark surfaces absorb more heat and, therefore, we feel comfortable with dark coloured clothes in the winter. Light coloured clothes reflect most of the heat that falls on them and, therefore, we feel more comfortable wearing them in the summer.

Wool is a poor conductor of heat. Moreover, there is air trapped in between the wool fibres. This air prevents the flow of heat from our body to the cold surroundings. So, we feel warm in woollen clothes.

It is possible to construct buildings that are not affected much by heat and cold outside by constructing outer walls of buildings so that they have trapped layers of air, such as by using hollow bricks.",Go to a doctor or your nearest health centre. Enquire whether the temperature of different parts of the body is the same or different.,"The temperature may differ slightly between different parts of the body, such as oral, axillary (armpit), and rectal regions, but core body temperature remains relatively constant."
"You know that woollen clothes are made from animal fibres. You also know that cotton clothes are made from plant fibres. We wear woollen clothes during winters when it is cold outside. Woollen clothes keep us warm. We prefer to wear light coloured cotton clothes when it is hot. These give us a feeling of coolness. You might have wondered why particular types of clothes are suitable for a particular season.

In our day-to-day life, we come across a number of objects. Some of them are hot and some of them are cold. Tea is hot and ice is cold. Some objects are colder than others, while some are hotter. How do we decide which object is hotter than the other? We often do it by touching the objects. But is our sense of touch reliable?

In winter you feel cold inside the house. If you come out in the sun, you feel warm. In summer, you feel hot even inside the house. How do we know whether an object is hot or cold? How do we find out how hot or cold an object is? In this chapter, we shall try to seek answers to some of these questions.

Our sense of touch is not always a reliable guide to the degree of hotness of an object. Sometimes it may deceive us. A reliable measure of the hotness of an object is its temperature. Temperature is measured by a device called a thermometer.

The thermometer that measures our body temperature is called a clinical thermometer. A clinical thermometer consists of a long, narrow, uniform glass tube. It has a bulb at one end containing mercury. You will also find a scale on the thermometer. The scale we use is the celsius scale, indicated by °C.

A clinical thermometer reads temperature from 35°C to 42°C. The temperature should always be stated with its unit, °C. The normal temperature of human body is 37°C. Note that the temperature is stated with its unit.

The temperature of every person may not be 37°C. It could be slightly higher or slightly lower. What we call normal temperature is the average body temperature of a large number of healthy persons.

The clinical thermometer is designed to measure the temperature of human body only. The temperature of human body normally does not go below 35°C or above 42°C. Different types of thermometers are used for different purposes. The maximum and minimum temperatures of the previous day, reported in weather reports, are measured by a thermometer called the maximum-minimum thermometer.

Do not use a clinical thermometer for measuring the temperature of any object other than the human body. Also avoid keeping the thermometer in the sun or near a flame. It may break.

How do we measure the temperature of other objects? For this purpose, there are other thermometers. One such thermometer is known as the laboratory thermometer. The range of a laboratory thermometer is generally from –10°C to 110°C.

Take some tap water in a beaker or a mug. Dip the thermometer in water so that the bulb is immersed in water but does not touch the bottom or the sides of the container. Hold the thermometer vertically. The temperature must be read while the thermometer is in water.

It is not convenient to use the laboratory thermometer for measuring body temperature. In a clinical thermometer, there is a kink near the bulb. It prevents mercury level from falling on its own.

There is a lot of concern over the use of mercury in thermometers. Mercury is a toxic substance and is very difficult to dispose of if a thermometer breaks. These days, digital thermometers are available which do not use mercury.

You might have observed that a frying pan becomes hot when kept on a flame. It is because heat passes from the flame to the utensil. When the pan is removed from the fire, it slowly cools down. The heat is transferred from the pan to the surroundings. In all cases, heat flows from a hotter object to a colder object.

The process by which heat is transferred from the hotter end to the colder end of an object is known as conduction. In solids, generally, the heat is transferred by conduction.

The materials which allow heat to pass through them easily are conductors of heat. For example, aluminum, iron, and copper. The materials which do not allow heat to pass through them easily are poor conductors of heat such as plastic and wood. Poor conductors are known as insulators.

The water and air are poor conductors of heat. In liquids and gases, heat is transferred by convection. When water is heated, the water near the flame gets hot, rises up, and cold water moves down. This process continues till the whole water gets heated. This mode of heat transfer is known as convection.

In air, the air near the heat source gets hot and rises. The air from the sides comes in to take its place. This process, called convection, explains winds and breezes such as sea breeze (during the day) and land breeze (during the night).

When we come out in the sun, we feel warm. How does the heat from the sun reach us? It cannot reach us by conduction or convection as there is no medium such as air in most part of the space between the earth and the sun. From the sun, the heat comes to us by another process known as radiation. The transfer of heat by radiation does not require any medium. It can take place whether a medium is present or not.

All hot bodies radiate heat. When this heat falls on some object, a part of it is reflected, a part is absorbed and a part may be transmitted. The temperature of the object increases due to the absorbed part of the heat.

In summer we prefer light-coloured clothes and in winter we usually wear dark-coloured clothes. Dark surfaces absorb more heat and, therefore, we feel comfortable with dark coloured clothes in the winter. Light coloured clothes reflect most of the heat that falls on them and, therefore, we feel more comfortable wearing them in the summer.

Wool is a poor conductor of heat. Moreover, there is air trapped in between the wool fibres. This air prevents the flow of heat from our body to the cold surroundings. So, we feel warm in woollen clothes.

It is possible to construct buildings that are not affected much by heat and cold outside by constructing outer walls of buildings so that they have trapped layers of air, such as by using hollow bricks.",Go to a veterinary doctor. Find out the normal temperature of domestic animals and birds.,"The normal temperature of domestic animals and birds varies by species. For most mammals (like cows or dogs), it is about 38°C to 39°C. For birds, it generally ranges from 40°C to 43°C."
"You know that woollen clothes are made from animal fibres. You also know that cotton clothes are made from plant fibres. We wear woollen clothes during winters when it is cold outside. Woollen clothes keep us warm. We prefer to wear light coloured cotton clothes when it is hot. These give us a feeling of coolness. You might have wondered why particular types of clothes are suitable for a particular season.

In our day-to-day life, we come across a number of objects. Some of them are hot and some of them are cold. Tea is hot and ice is cold. Some objects are colder than others, while some are hotter. How do we decide which object is hotter than the other? We often do it by touching the objects. But is our sense of touch reliable?

In winter you feel cold inside the house. If you come out in the sun, you feel warm. In summer, you feel hot even inside the house. How do we know whether an object is hot or cold? How do we find out how hot or cold an object is? In this chapter, we shall try to seek answers to some of these questions.

Our sense of touch is not always a reliable guide to the degree of hotness of an object. Sometimes it may deceive us. A reliable measure of the hotness of an object is its temperature. Temperature is measured by a device called a thermometer.

The thermometer that measures our body temperature is called a clinical thermometer. A clinical thermometer consists of a long, narrow, uniform glass tube. It has a bulb at one end containing mercury. You will also find a scale on the thermometer. The scale we use is the celsius scale, indicated by °C.

A clinical thermometer reads temperature from 35°C to 42°C. The temperature should always be stated with its unit, °C. The normal temperature of human body is 37°C. Note that the temperature is stated with its unit.

The temperature of every person may not be 37°C. It could be slightly higher or slightly lower. What we call normal temperature is the average body temperature of a large number of healthy persons.

The clinical thermometer is designed to measure the temperature of human body only. The temperature of human body normally does not go below 35°C or above 42°C. Different types of thermometers are used for different purposes. The maximum and minimum temperatures of the previous day, reported in weather reports, are measured by a thermometer called the maximum-minimum thermometer.

Do not use a clinical thermometer for measuring the temperature of any object other than the human body. Also avoid keeping the thermometer in the sun or near a flame. It may break.

How do we measure the temperature of other objects? For this purpose, there are other thermometers. One such thermometer is known as the laboratory thermometer. The range of a laboratory thermometer is generally from –10°C to 110°C.

Take some tap water in a beaker or a mug. Dip the thermometer in water so that the bulb is immersed in water but does not touch the bottom or the sides of the container. Hold the thermometer vertically. The temperature must be read while the thermometer is in water.

It is not convenient to use the laboratory thermometer for measuring body temperature. In a clinical thermometer, there is a kink near the bulb. It prevents mercury level from falling on its own.

There is a lot of concern over the use of mercury in thermometers. Mercury is a toxic substance and is very difficult to dispose of if a thermometer breaks. These days, digital thermometers are available which do not use mercury.

You might have observed that a frying pan becomes hot when kept on a flame. It is because heat passes from the flame to the utensil. When the pan is removed from the fire, it slowly cools down. The heat is transferred from the pan to the surroundings. In all cases, heat flows from a hotter object to a colder object.

The process by which heat is transferred from the hotter end to the colder end of an object is known as conduction. In solids, generally, the heat is transferred by conduction.

The materials which allow heat to pass through them easily are conductors of heat. For example, aluminum, iron, and copper. The materials which do not allow heat to pass through them easily are poor conductors of heat such as plastic and wood. Poor conductors are known as insulators.

The water and air are poor conductors of heat. In liquids and gases, heat is transferred by convection. When water is heated, the water near the flame gets hot, rises up, and cold water moves down. This process continues till the whole water gets heated. This mode of heat transfer is known as convection.

In air, the air near the heat source gets hot and rises. The air from the sides comes in to take its place. This process, called convection, explains winds and breezes such as sea breeze (during the day) and land breeze (during the night).

When we come out in the sun, we feel warm. How does the heat from the sun reach us? It cannot reach us by conduction or convection as there is no medium such as air in most part of the space between the earth and the sun. From the sun, the heat comes to us by another process known as radiation. The transfer of heat by radiation does not require any medium. It can take place whether a medium is present or not.

All hot bodies radiate heat. When this heat falls on some object, a part of it is reflected, a part is absorbed and a part may be transmitted. The temperature of the object increases due to the absorbed part of the heat.

In summer we prefer light-coloured clothes and in winter we usually wear dark-coloured clothes. Dark surfaces absorb more heat and, therefore, we feel comfortable with dark coloured clothes in the winter. Light coloured clothes reflect most of the heat that falls on them and, therefore, we feel more comfortable wearing them in the summer.

Wool is a poor conductor of heat. Moreover, there is air trapped in between the wool fibres. This air prevents the flow of heat from our body to the cold surroundings. So, we feel warm in woollen clothes.

It is possible to construct buildings that are not affected much by heat and cold outside by constructing outer walls of buildings so that they have trapped layers of air, such as by using hollow bricks.",Wrap a thin paper strip tightly around an iron rod. Try to burn the paper with a candle while rotating the iron rod continuously. Does it burn? Explain your observation.,"The paper does not burn because the iron rod quickly absorbs the heat and distributes it away from the paper, preventing it from reaching the ignition temperature."
"You know that woollen clothes are made from animal fibres. You also know that cotton clothes are made from plant fibres. We wear woollen clothes during winters when it is cold outside. Woollen clothes keep us warm. We prefer to wear light coloured cotton clothes when it is hot. These give us a feeling of coolness. You might have wondered why particular types of clothes are suitable for a particular season.

In our day-to-day life, we come across a number of objects. Some of them are hot and some of them are cold. Tea is hot and ice is cold. Some objects are colder than others, while some are hotter. How do we decide which object is hotter than the other? We often do it by touching the objects. But is our sense of touch reliable?

In winter you feel cold inside the house. If you come out in the sun, you feel warm. In summer, you feel hot even inside the house. How do we know whether an object is hot or cold? How do we find out how hot or cold an object is? In this chapter, we shall try to seek answers to some of these questions.

Our sense of touch is not always a reliable guide to the degree of hotness of an object. Sometimes it may deceive us. A reliable measure of the hotness of an object is its temperature. Temperature is measured by a device called a thermometer.

The thermometer that measures our body temperature is called a clinical thermometer. A clinical thermometer consists of a long, narrow, uniform glass tube. It has a bulb at one end containing mercury. You will also find a scale on the thermometer. The scale we use is the celsius scale, indicated by °C.

A clinical thermometer reads temperature from 35°C to 42°C. The temperature should always be stated with its unit, °C. The normal temperature of human body is 37°C. Note that the temperature is stated with its unit.

The temperature of every person may not be 37°C. It could be slightly higher or slightly lower. What we call normal temperature is the average body temperature of a large number of healthy persons.

The clinical thermometer is designed to measure the temperature of human body only. The temperature of human body normally does not go below 35°C or above 42°C. Different types of thermometers are used for different purposes. The maximum and minimum temperatures of the previous day, reported in weather reports, are measured by a thermometer called the maximum-minimum thermometer.

Do not use a clinical thermometer for measuring the temperature of any object other than the human body. Also avoid keeping the thermometer in the sun or near a flame. It may break.

How do we measure the temperature of other objects? For this purpose, there are other thermometers. One such thermometer is known as the laboratory thermometer. The range of a laboratory thermometer is generally from –10°C to 110°C.

Take some tap water in a beaker or a mug. Dip the thermometer in water so that the bulb is immersed in water but does not touch the bottom or the sides of the container. Hold the thermometer vertically. The temperature must be read while the thermometer is in water.

It is not convenient to use the laboratory thermometer for measuring body temperature. In a clinical thermometer, there is a kink near the bulb. It prevents mercury level from falling on its own.

There is a lot of concern over the use of mercury in thermometers. Mercury is a toxic substance and is very difficult to dispose of if a thermometer breaks. These days, digital thermometers are available which do not use mercury.

You might have observed that a frying pan becomes hot when kept on a flame. It is because heat passes from the flame to the utensil. When the pan is removed from the fire, it slowly cools down. The heat is transferred from the pan to the surroundings. In all cases, heat flows from a hotter object to a colder object.

The process by which heat is transferred from the hotter end to the colder end of an object is known as conduction. In solids, generally, the heat is transferred by conduction.

The materials which allow heat to pass through them easily are conductors of heat. For example, aluminum, iron, and copper. The materials which do not allow heat to pass through them easily are poor conductors of heat such as plastic and wood. Poor conductors are known as insulators.

The water and air are poor conductors of heat. In liquids and gases, heat is transferred by convection. When water is heated, the water near the flame gets hot, rises up, and cold water moves down. This process continues till the whole water gets heated. This mode of heat transfer is known as convection.

In air, the air near the heat source gets hot and rises. The air from the sides comes in to take its place. This process, called convection, explains winds and breezes such as sea breeze (during the day) and land breeze (during the night).

When we come out in the sun, we feel warm. How does the heat from the sun reach us? It cannot reach us by conduction or convection as there is no medium such as air in most part of the space between the earth and the sun. From the sun, the heat comes to us by another process known as radiation. The transfer of heat by radiation does not require any medium. It can take place whether a medium is present or not.

All hot bodies radiate heat. When this heat falls on some object, a part of it is reflected, a part is absorbed and a part may be transmitted. The temperature of the object increases due to the absorbed part of the heat.

In summer we prefer light-coloured clothes and in winter we usually wear dark-coloured clothes. Dark surfaces absorb more heat and, therefore, we feel comfortable with dark coloured clothes in the winter. Light coloured clothes reflect most of the heat that falls on them and, therefore, we feel more comfortable wearing them in the summer.

Wool is a poor conductor of heat. Moreover, there is air trapped in between the wool fibres. This air prevents the flow of heat from our body to the cold surroundings. So, we feel warm in woollen clothes.

It is possible to construct buildings that are not affected much by heat and cold outside by constructing outer walls of buildings so that they have trapped layers of air, such as by using hollow bricks.","Take two similar transparent glass bottles having wide mouths. Put a few crystals of potassium permanganate or pour a few drops of ink in one bottle, and fill it with hot water. Fill the other bottle with cold water. Cover the cold water bottle with a thick piece of paper such as a postcard. Place the cold water bottle on top of the hot water bottle. Pull the postcard and observe what happens. Explain.","When the postcard is pulled, the coloured hot water from the lower bottle rises and mixes with the cold water in the upper bottle. This occurs due to convection: the hot water, being lighter, moves upward and the mixing shows the movement of heat through a liquid."
"We use in our daily life a large number of substances such as lemon, tamarind, common salt, sugar and vinegar. Do they have the same taste? Some taste sour, some taste bitter, some sweet, and some salty.

4.1 Acids and Bases
Curd, lemon juice, orange juice, and vinegar taste sour because they contain acids. The chemical nature of such substances is acidic. The word “acid” comes from the Latin word “acere” which means sour. The acids in these substances are natural acids.

Baking soda does not taste sour—it is bitter and feels soapy. Substances which are bitter in taste and feel soapy are known as bases. The nature of such substances is said to be basic.

Since we cannot taste every substance to find its nature, special substances called indicators are used to test whether a substance is acidic or basic. The indicators change their colour when added to a solution containing an acidic or a basic substance. Turmeric, litmus, and China rose petals are some naturally occurring indicators.

4.2 Natural Indicators Around Us
The most commonly used natural indicator is litmus, extracted from lichens. It has a mauve/purple colour in distilled water. In acidic solution, it turns red; in basic solution, it turns blue. It is available as a solution or as red and blue litmus paper.

Turmeric is another natural indicator. A paste is made from turmeric powder and water, applied to paper, and dried. Soap solution placed on turmeric-stained paper turns it red, showing it is basic.

China rose petals in warm water make a natural indicator. A few drops of the coloured solution are added to different substances: it turns acidic solutions dark pink (magenta) and basic solutions green.

Some substances do not affect the colour of red or blue litmus; these are called neutral solutions. They are neither acidic nor basic.

4.3 Neutralisation
Acids turn blue litmus red, and bases turn red litmus blue. When an acid is mixed with a base, both neutralise each other’s effects. When an acid solution and a base solution are mixed in suitable amounts, both the acidic and basic natures are destroyed. The solution becomes neither acidic nor basic. In this neutralisation reaction, heat is always produced and a new substance called salt is formed. Neutralisation can be defined as: the reaction between an acid and a base to produce a salt and water with the evolution of heat.

Example: Hydrochloric acid + Sodium hydroxide → Sodium chloride (salt) + Water

4.4 Neutralisation in Everyday Life
Indigestion: The stomach contains hydrochloric acid to digest food. Excess causes indigestion, which can be relieved by antacids such as milk of magnesia that neutralise excess acid.

Ant bite: An ant injects formic acid into the skin. Rubbing moist baking soda or calamine solution neutralises the acid.

Soil treatment: Excessive fertiliser use makes soil acidic. When soil is too acidic, it is treated with quick lime or slaked lime. If the soil is basic, organic matter is added to neutralise it.

Factory wastes: Many factories release acidic wastes. These are neutralised by adding basic substances before disposal into water bodies to prevent harm to aquatic life.

Keywords: Acid, Acidic, Base, Basic, Neutralisation, Indicator, Neutral, Salt.

Acids are sour in taste. Bases are bitter and soapy to touch.

Acid turns blue litmus red. Base turns red litmus blue.

Substances that are neither acidic nor basic are neutral.

Solutions that show different colour in acidic, basic, and neutral solutions are called indicators.

Acid and base neutralise each other to form a salt, which can be acidic, basic or neutral.",State differences between acids and bases.,"Acids	Bases
Sour in taste	Bitter in taste
Turn blue litmus paper red	Turn red litmus paper blue
Do not change colour of red litmus	Do not change colour of blue litmus
Do not change turmeric	Turn turmeric red"
"We use in our daily life a large number of substances such as lemon, tamarind, common salt, sugar and vinegar. Do they have the same taste? Some taste sour, some taste bitter, some sweet, and some salty.

4.1 Acids and Bases
Curd, lemon juice, orange juice, and vinegar taste sour because they contain acids. The chemical nature of such substances is acidic. The word “acid” comes from the Latin word “acere” which means sour. The acids in these substances are natural acids.

Baking soda does not taste sour—it is bitter and feels soapy. Substances which are bitter in taste and feel soapy are known as bases. The nature of such substances is said to be basic.

Since we cannot taste every substance to find its nature, special substances called indicators are used to test whether a substance is acidic or basic. The indicators change their colour when added to a solution containing an acidic or a basic substance. Turmeric, litmus, and China rose petals are some naturally occurring indicators.

4.2 Natural Indicators Around Us
The most commonly used natural indicator is litmus, extracted from lichens. It has a mauve/purple colour in distilled water. In acidic solution, it turns red; in basic solution, it turns blue. It is available as a solution or as red and blue litmus paper.

Turmeric is another natural indicator. A paste is made from turmeric powder and water, applied to paper, and dried. Soap solution placed on turmeric-stained paper turns it red, showing it is basic.

China rose petals in warm water make a natural indicator. A few drops of the coloured solution are added to different substances: it turns acidic solutions dark pink (magenta) and basic solutions green.

Some substances do not affect the colour of red or blue litmus; these are called neutral solutions. They are neither acidic nor basic.

4.3 Neutralisation
Acids turn blue litmus red, and bases turn red litmus blue. When an acid is mixed with a base, both neutralise each other’s effects. When an acid solution and a base solution are mixed in suitable amounts, both the acidic and basic natures are destroyed. The solution becomes neither acidic nor basic. In this neutralisation reaction, heat is always produced and a new substance called salt is formed. Neutralisation can be defined as: the reaction between an acid and a base to produce a salt and water with the evolution of heat.

Example: Hydrochloric acid + Sodium hydroxide → Sodium chloride (salt) + Water

4.4 Neutralisation in Everyday Life
Indigestion: The stomach contains hydrochloric acid to digest food. Excess causes indigestion, which can be relieved by antacids such as milk of magnesia that neutralise excess acid.

Ant bite: An ant injects formic acid into the skin. Rubbing moist baking soda or calamine solution neutralises the acid.

Soil treatment: Excessive fertiliser use makes soil acidic. When soil is too acidic, it is treated with quick lime or slaked lime. If the soil is basic, organic matter is added to neutralise it.

Factory wastes: Many factories release acidic wastes. These are neutralised by adding basic substances before disposal into water bodies to prevent harm to aquatic life.

Keywords: Acid, Acidic, Base, Basic, Neutralisation, Indicator, Neutral, Salt.

Acids are sour in taste. Bases are bitter and soapy to touch.

Acid turns blue litmus red. Base turns red litmus blue.

Substances that are neither acidic nor basic are neutral.

Solutions that show different colour in acidic, basic, and neutral solutions are called indicators.

Acid and base neutralise each other to form a salt, which can be acidic, basic or neutral."," Ammonia is found in many household products, such as window cleaners. It turns red litmus blue. What is its nature?",Ammonia is basic in nature.
"We use in our daily life a large number of substances such as lemon, tamarind, common salt, sugar and vinegar. Do they have the same taste? Some taste sour, some taste bitter, some sweet, and some salty.

4.1 Acids and Bases
Curd, lemon juice, orange juice, and vinegar taste sour because they contain acids. The chemical nature of such substances is acidic. The word “acid” comes from the Latin word “acere” which means sour. The acids in these substances are natural acids.

Baking soda does not taste sour—it is bitter and feels soapy. Substances which are bitter in taste and feel soapy are known as bases. The nature of such substances is said to be basic.

Since we cannot taste every substance to find its nature, special substances called indicators are used to test whether a substance is acidic or basic. The indicators change their colour when added to a solution containing an acidic or a basic substance. Turmeric, litmus, and China rose petals are some naturally occurring indicators.

4.2 Natural Indicators Around Us
The most commonly used natural indicator is litmus, extracted from lichens. It has a mauve/purple colour in distilled water. In acidic solution, it turns red; in basic solution, it turns blue. It is available as a solution or as red and blue litmus paper.

Turmeric is another natural indicator. A paste is made from turmeric powder and water, applied to paper, and dried. Soap solution placed on turmeric-stained paper turns it red, showing it is basic.

China rose petals in warm water make a natural indicator. A few drops of the coloured solution are added to different substances: it turns acidic solutions dark pink (magenta) and basic solutions green.

Some substances do not affect the colour of red or blue litmus; these are called neutral solutions. They are neither acidic nor basic.

4.3 Neutralisation
Acids turn blue litmus red, and bases turn red litmus blue. When an acid is mixed with a base, both neutralise each other’s effects. When an acid solution and a base solution are mixed in suitable amounts, both the acidic and basic natures are destroyed. The solution becomes neither acidic nor basic. In this neutralisation reaction, heat is always produced and a new substance called salt is formed. Neutralisation can be defined as: the reaction between an acid and a base to produce a salt and water with the evolution of heat.

Example: Hydrochloric acid + Sodium hydroxide → Sodium chloride (salt) + Water

4.4 Neutralisation in Everyday Life
Indigestion: The stomach contains hydrochloric acid to digest food. Excess causes indigestion, which can be relieved by antacids such as milk of magnesia that neutralise excess acid.

Ant bite: An ant injects formic acid into the skin. Rubbing moist baking soda or calamine solution neutralises the acid.

Soil treatment: Excessive fertiliser use makes soil acidic. When soil is too acidic, it is treated with quick lime or slaked lime. If the soil is basic, organic matter is added to neutralise it.

Factory wastes: Many factories release acidic wastes. These are neutralised by adding basic substances before disposal into water bodies to prevent harm to aquatic life.

Keywords: Acid, Acidic, Base, Basic, Neutralisation, Indicator, Neutral, Salt.

Acids are sour in taste. Bases are bitter and soapy to touch.

Acid turns blue litmus red. Base turns red litmus blue.

Substances that are neither acidic nor basic are neutral.

Solutions that show different colour in acidic, basic, and neutral solutions are called indicators.

Acid and base neutralise each other to form a salt, which can be acidic, basic or neutral.", Name the source from which litmus solution is obtained. What is the use of this solution?,Litmus solution is extracted from lichens. It is used as an indicator to determine whether a solution is acidic or basic.
"We use in our daily life a large number of substances such as lemon, tamarind, common salt, sugar and vinegar. Do they have the same taste? Some taste sour, some taste bitter, some sweet, and some salty.

4.1 Acids and Bases
Curd, lemon juice, orange juice, and vinegar taste sour because they contain acids. The chemical nature of such substances is acidic. The word “acid” comes from the Latin word “acere” which means sour. The acids in these substances are natural acids.

Baking soda does not taste sour—it is bitter and feels soapy. Substances which are bitter in taste and feel soapy are known as bases. The nature of such substances is said to be basic.

Since we cannot taste every substance to find its nature, special substances called indicators are used to test whether a substance is acidic or basic. The indicators change their colour when added to a solution containing an acidic or a basic substance. Turmeric, litmus, and China rose petals are some naturally occurring indicators.

4.2 Natural Indicators Around Us
The most commonly used natural indicator is litmus, extracted from lichens. It has a mauve/purple colour in distilled water. In acidic solution, it turns red; in basic solution, it turns blue. It is available as a solution or as red and blue litmus paper.

Turmeric is another natural indicator. A paste is made from turmeric powder and water, applied to paper, and dried. Soap solution placed on turmeric-stained paper turns it red, showing it is basic.

China rose petals in warm water make a natural indicator. A few drops of the coloured solution are added to different substances: it turns acidic solutions dark pink (magenta) and basic solutions green.

Some substances do not affect the colour of red or blue litmus; these are called neutral solutions. They are neither acidic nor basic.

4.3 Neutralisation
Acids turn blue litmus red, and bases turn red litmus blue. When an acid is mixed with a base, both neutralise each other’s effects. When an acid solution and a base solution are mixed in suitable amounts, both the acidic and basic natures are destroyed. The solution becomes neither acidic nor basic. In this neutralisation reaction, heat is always produced and a new substance called salt is formed. Neutralisation can be defined as: the reaction between an acid and a base to produce a salt and water with the evolution of heat.

Example: Hydrochloric acid + Sodium hydroxide → Sodium chloride (salt) + Water

4.4 Neutralisation in Everyday Life
Indigestion: The stomach contains hydrochloric acid to digest food. Excess causes indigestion, which can be relieved by antacids such as milk of magnesia that neutralise excess acid.

Ant bite: An ant injects formic acid into the skin. Rubbing moist baking soda or calamine solution neutralises the acid.

Soil treatment: Excessive fertiliser use makes soil acidic. When soil is too acidic, it is treated with quick lime or slaked lime. If the soil is basic, organic matter is added to neutralise it.

Factory wastes: Many factories release acidic wastes. These are neutralised by adding basic substances before disposal into water bodies to prevent harm to aquatic life.

Keywords: Acid, Acidic, Base, Basic, Neutralisation, Indicator, Neutral, Salt.

Acids are sour in taste. Bases are bitter and soapy to touch.

Acid turns blue litmus red. Base turns red litmus blue.

Substances that are neither acidic nor basic are neutral.

Solutions that show different colour in acidic, basic, and neutral solutions are called indicators.

Acid and base neutralise each other to form a salt, which can be acidic, basic or neutral.","Is the distilled water acidic, basic, or neutral? How would you verify it?",Distilled water is neutral. This can be verified using red and blue litmus paper; the colour of either litmus does not change when dipped in distilled water.
"We use in our daily life a large number of substances such as lemon, tamarind, common salt, sugar and vinegar. Do they have the same taste? Some taste sour, some taste bitter, some sweet, and some salty.

4.1 Acids and Bases
Curd, lemon juice, orange juice, and vinegar taste sour because they contain acids. The chemical nature of such substances is acidic. The word “acid” comes from the Latin word “acere” which means sour. The acids in these substances are natural acids.

Baking soda does not taste sour—it is bitter and feels soapy. Substances which are bitter in taste and feel soapy are known as bases. The nature of such substances is said to be basic.

Since we cannot taste every substance to find its nature, special substances called indicators are used to test whether a substance is acidic or basic. The indicators change their colour when added to a solution containing an acidic or a basic substance. Turmeric, litmus, and China rose petals are some naturally occurring indicators.

4.2 Natural Indicators Around Us
The most commonly used natural indicator is litmus, extracted from lichens. It has a mauve/purple colour in distilled water. In acidic solution, it turns red; in basic solution, it turns blue. It is available as a solution or as red and blue litmus paper.

Turmeric is another natural indicator. A paste is made from turmeric powder and water, applied to paper, and dried. Soap solution placed on turmeric-stained paper turns it red, showing it is basic.

China rose petals in warm water make a natural indicator. A few drops of the coloured solution are added to different substances: it turns acidic solutions dark pink (magenta) and basic solutions green.

Some substances do not affect the colour of red or blue litmus; these are called neutral solutions. They are neither acidic nor basic.

4.3 Neutralisation
Acids turn blue litmus red, and bases turn red litmus blue. When an acid is mixed with a base, both neutralise each other’s effects. When an acid solution and a base solution are mixed in suitable amounts, both the acidic and basic natures are destroyed. The solution becomes neither acidic nor basic. In this neutralisation reaction, heat is always produced and a new substance called salt is formed. Neutralisation can be defined as: the reaction between an acid and a base to produce a salt and water with the evolution of heat.

Example: Hydrochloric acid + Sodium hydroxide → Sodium chloride (salt) + Water

4.4 Neutralisation in Everyday Life
Indigestion: The stomach contains hydrochloric acid to digest food. Excess causes indigestion, which can be relieved by antacids such as milk of magnesia that neutralise excess acid.

Ant bite: An ant injects formic acid into the skin. Rubbing moist baking soda or calamine solution neutralises the acid.

Soil treatment: Excessive fertiliser use makes soil acidic. When soil is too acidic, it is treated with quick lime or slaked lime. If the soil is basic, organic matter is added to neutralise it.

Factory wastes: Many factories release acidic wastes. These are neutralised by adding basic substances before disposal into water bodies to prevent harm to aquatic life.

Keywords: Acid, Acidic, Base, Basic, Neutralisation, Indicator, Neutral, Salt.

Acids are sour in taste. Bases are bitter and soapy to touch.

Acid turns blue litmus red. Base turns red litmus blue.

Substances that are neither acidic nor basic are neutral.

Solutions that show different colour in acidic, basic, and neutral solutions are called indicators.

Acid and base neutralise each other to form a salt, which can be acidic, basic or neutral.",Describe the process of neutralisation with the help of an example.,"Neutralisation is a reaction between an acid and a base, resulting in the formation of salt and water, often with the release of heat.
Example: When sodium hydroxide (NaOH) is added to hydrochloric acid (HCl), they react to form sodium chloride (NaCl) and water (H₂O).
NaOH + HCl → NaCl + H₂O + Heat"
"We use in our daily life a large number of substances such as lemon, tamarind, common salt, sugar and vinegar. Do they have the same taste? Some taste sour, some taste bitter, some sweet, and some salty.

4.1 Acids and Bases
Curd, lemon juice, orange juice, and vinegar taste sour because they contain acids. The chemical nature of such substances is acidic. The word “acid” comes from the Latin word “acere” which means sour. The acids in these substances are natural acids.

Baking soda does not taste sour—it is bitter and feels soapy. Substances which are bitter in taste and feel soapy are known as bases. The nature of such substances is said to be basic.

Since we cannot taste every substance to find its nature, special substances called indicators are used to test whether a substance is acidic or basic. The indicators change their colour when added to a solution containing an acidic or a basic substance. Turmeric, litmus, and China rose petals are some naturally occurring indicators.

4.2 Natural Indicators Around Us
The most commonly used natural indicator is litmus, extracted from lichens. It has a mauve/purple colour in distilled water. In acidic solution, it turns red; in basic solution, it turns blue. It is available as a solution or as red and blue litmus paper.

Turmeric is another natural indicator. A paste is made from turmeric powder and water, applied to paper, and dried. Soap solution placed on turmeric-stained paper turns it red, showing it is basic.

China rose petals in warm water make a natural indicator. A few drops of the coloured solution are added to different substances: it turns acidic solutions dark pink (magenta) and basic solutions green.

Some substances do not affect the colour of red or blue litmus; these are called neutral solutions. They are neither acidic nor basic.

4.3 Neutralisation
Acids turn blue litmus red, and bases turn red litmus blue. When an acid is mixed with a base, both neutralise each other’s effects. When an acid solution and a base solution are mixed in suitable amounts, both the acidic and basic natures are destroyed. The solution becomes neither acidic nor basic. In this neutralisation reaction, heat is always produced and a new substance called salt is formed. Neutralisation can be defined as: the reaction between an acid and a base to produce a salt and water with the evolution of heat.

Example: Hydrochloric acid + Sodium hydroxide → Sodium chloride (salt) + Water

4.4 Neutralisation in Everyday Life
Indigestion: The stomach contains hydrochloric acid to digest food. Excess causes indigestion, which can be relieved by antacids such as milk of magnesia that neutralise excess acid.

Ant bite: An ant injects formic acid into the skin. Rubbing moist baking soda or calamine solution neutralises the acid.

Soil treatment: Excessive fertiliser use makes soil acidic. When soil is too acidic, it is treated with quick lime or slaked lime. If the soil is basic, organic matter is added to neutralise it.

Factory wastes: Many factories release acidic wastes. These are neutralised by adding basic substances before disposal into water bodies to prevent harm to aquatic life.

Keywords: Acid, Acidic, Base, Basic, Neutralisation, Indicator, Neutral, Salt.

Acids are sour in taste. Bases are bitter and soapy to touch.

Acid turns blue litmus red. Base turns red litmus blue.

Substances that are neither acidic nor basic are neutral.

Solutions that show different colour in acidic, basic, and neutral solutions are called indicators.

Acid and base neutralise each other to form a salt, which can be acidic, basic or neutral.","Dorji has a few bottles of soft drink in his restaurant. But, unfortunately, these are not labelled. He has to serve the drinks on the demand of customers. One customer wants acidic drink, another wants basic and third one wants neutral drink. How will Dorji decide which drink is to be served to whom?","Dorji can:

Taste a small amount: acidic drinks taste sour, basic ones taste bitter, neutral have no taste.

Use litmus paper:

For acidic: use blue litmus, turns red if acidic.

For basic: use red litmus, turns blue if basic.

If there is no change with either litmus, the drink is neutral."
"We use in our daily life a large number of substances such as lemon, tamarind, common salt, sugar and vinegar. Do they have the same taste? Some taste sour, some taste bitter, some sweet, and some salty.

4.1 Acids and Bases
Curd, lemon juice, orange juice, and vinegar taste sour because they contain acids. The chemical nature of such substances is acidic. The word “acid” comes from the Latin word “acere” which means sour. The acids in these substances are natural acids.

Baking soda does not taste sour—it is bitter and feels soapy. Substances which are bitter in taste and feel soapy are known as bases. The nature of such substances is said to be basic.

Since we cannot taste every substance to find its nature, special substances called indicators are used to test whether a substance is acidic or basic. The indicators change their colour when added to a solution containing an acidic or a basic substance. Turmeric, litmus, and China rose petals are some naturally occurring indicators.

4.2 Natural Indicators Around Us
The most commonly used natural indicator is litmus, extracted from lichens. It has a mauve/purple colour in distilled water. In acidic solution, it turns red; in basic solution, it turns blue. It is available as a solution or as red and blue litmus paper.

Turmeric is another natural indicator. A paste is made from turmeric powder and water, applied to paper, and dried. Soap solution placed on turmeric-stained paper turns it red, showing it is basic.

China rose petals in warm water make a natural indicator. A few drops of the coloured solution are added to different substances: it turns acidic solutions dark pink (magenta) and basic solutions green.

Some substances do not affect the colour of red or blue litmus; these are called neutral solutions. They are neither acidic nor basic.

4.3 Neutralisation
Acids turn blue litmus red, and bases turn red litmus blue. When an acid is mixed with a base, both neutralise each other’s effects. When an acid solution and a base solution are mixed in suitable amounts, both the acidic and basic natures are destroyed. The solution becomes neither acidic nor basic. In this neutralisation reaction, heat is always produced and a new substance called salt is formed. Neutralisation can be defined as: the reaction between an acid and a base to produce a salt and water with the evolution of heat.

Example: Hydrochloric acid + Sodium hydroxide → Sodium chloride (salt) + Water

4.4 Neutralisation in Everyday Life
Indigestion: The stomach contains hydrochloric acid to digest food. Excess causes indigestion, which can be relieved by antacids such as milk of magnesia that neutralise excess acid.

Ant bite: An ant injects formic acid into the skin. Rubbing moist baking soda or calamine solution neutralises the acid.

Soil treatment: Excessive fertiliser use makes soil acidic. When soil is too acidic, it is treated with quick lime or slaked lime. If the soil is basic, organic matter is added to neutralise it.

Factory wastes: Many factories release acidic wastes. These are neutralised by adding basic substances before disposal into water bodies to prevent harm to aquatic life.

Keywords: Acid, Acidic, Base, Basic, Neutralisation, Indicator, Neutral, Salt.

Acids are sour in taste. Bases are bitter and soapy to touch.

Acid turns blue litmus red. Base turns red litmus blue.

Substances that are neither acidic nor basic are neutral.

Solutions that show different colour in acidic, basic, and neutral solutions are called indicators.

Acid and base neutralise each other to form a salt, which can be acidic, basic or neutral.",Explain why an antacid tablet is taken when you suffer from acidity.,"Antacid tablets contain bases like milk of magnesia, which neutralise the excess acid produced in the stomach, providing relief from acidity."
"We use in our daily life a large number of substances such as lemon, tamarind, common salt, sugar and vinegar. Do they have the same taste? Some taste sour, some taste bitter, some sweet, and some salty.

4.1 Acids and Bases
Curd, lemon juice, orange juice, and vinegar taste sour because they contain acids. The chemical nature of such substances is acidic. The word “acid” comes from the Latin word “acere” which means sour. The acids in these substances are natural acids.

Baking soda does not taste sour—it is bitter and feels soapy. Substances which are bitter in taste and feel soapy are known as bases. The nature of such substances is said to be basic.

Since we cannot taste every substance to find its nature, special substances called indicators are used to test whether a substance is acidic or basic. The indicators change their colour when added to a solution containing an acidic or a basic substance. Turmeric, litmus, and China rose petals are some naturally occurring indicators.

4.2 Natural Indicators Around Us
The most commonly used natural indicator is litmus, extracted from lichens. It has a mauve/purple colour in distilled water. In acidic solution, it turns red; in basic solution, it turns blue. It is available as a solution or as red and blue litmus paper.

Turmeric is another natural indicator. A paste is made from turmeric powder and water, applied to paper, and dried. Soap solution placed on turmeric-stained paper turns it red, showing it is basic.

China rose petals in warm water make a natural indicator. A few drops of the coloured solution are added to different substances: it turns acidic solutions dark pink (magenta) and basic solutions green.

Some substances do not affect the colour of red or blue litmus; these are called neutral solutions. They are neither acidic nor basic.

4.3 Neutralisation
Acids turn blue litmus red, and bases turn red litmus blue. When an acid is mixed with a base, both neutralise each other’s effects. When an acid solution and a base solution are mixed in suitable amounts, both the acidic and basic natures are destroyed. The solution becomes neither acidic nor basic. In this neutralisation reaction, heat is always produced and a new substance called salt is formed. Neutralisation can be defined as: the reaction between an acid and a base to produce a salt and water with the evolution of heat.

Example: Hydrochloric acid + Sodium hydroxide → Sodium chloride (salt) + Water

4.4 Neutralisation in Everyday Life
Indigestion: The stomach contains hydrochloric acid to digest food. Excess causes indigestion, which can be relieved by antacids such as milk of magnesia that neutralise excess acid.

Ant bite: An ant injects formic acid into the skin. Rubbing moist baking soda or calamine solution neutralises the acid.

Soil treatment: Excessive fertiliser use makes soil acidic. When soil is too acidic, it is treated with quick lime or slaked lime. If the soil is basic, organic matter is added to neutralise it.

Factory wastes: Many factories release acidic wastes. These are neutralised by adding basic substances before disposal into water bodies to prevent harm to aquatic life.

Keywords: Acid, Acidic, Base, Basic, Neutralisation, Indicator, Neutral, Salt.

Acids are sour in taste. Bases are bitter and soapy to touch.

Acid turns blue litmus red. Base turns red litmus blue.

Substances that are neither acidic nor basic are neutral.

Solutions that show different colour in acidic, basic, and neutral solutions are called indicators.

Acid and base neutralise each other to form a salt, which can be acidic, basic or neutral.",Explain why calamine solution is applied on the skin when an ant bites.,"An ant injects formic acid into the skin. Calamine contains zinc carbonate, which is basic and neutralises the effect of the acid, relieving discomfort."
"We use in our daily life a large number of substances such as lemon, tamarind, common salt, sugar and vinegar. Do they have the same taste? Some taste sour, some taste bitter, some sweet, and some salty.

4.1 Acids and Bases
Curd, lemon juice, orange juice, and vinegar taste sour because they contain acids. The chemical nature of such substances is acidic. The word “acid” comes from the Latin word “acere” which means sour. The acids in these substances are natural acids.

Baking soda does not taste sour—it is bitter and feels soapy. Substances which are bitter in taste and feel soapy are known as bases. The nature of such substances is said to be basic.

Since we cannot taste every substance to find its nature, special substances called indicators are used to test whether a substance is acidic or basic. The indicators change their colour when added to a solution containing an acidic or a basic substance. Turmeric, litmus, and China rose petals are some naturally occurring indicators.

4.2 Natural Indicators Around Us
The most commonly used natural indicator is litmus, extracted from lichens. It has a mauve/purple colour in distilled water. In acidic solution, it turns red; in basic solution, it turns blue. It is available as a solution or as red and blue litmus paper.

Turmeric is another natural indicator. A paste is made from turmeric powder and water, applied to paper, and dried. Soap solution placed on turmeric-stained paper turns it red, showing it is basic.

China rose petals in warm water make a natural indicator. A few drops of the coloured solution are added to different substances: it turns acidic solutions dark pink (magenta) and basic solutions green.

Some substances do not affect the colour of red or blue litmus; these are called neutral solutions. They are neither acidic nor basic.

4.3 Neutralisation
Acids turn blue litmus red, and bases turn red litmus blue. When an acid is mixed with a base, both neutralise each other’s effects. When an acid solution and a base solution are mixed in suitable amounts, both the acidic and basic natures are destroyed. The solution becomes neither acidic nor basic. In this neutralisation reaction, heat is always produced and a new substance called salt is formed. Neutralisation can be defined as: the reaction between an acid and a base to produce a salt and water with the evolution of heat.

Example: Hydrochloric acid + Sodium hydroxide → Sodium chloride (salt) + Water

4.4 Neutralisation in Everyday Life
Indigestion: The stomach contains hydrochloric acid to digest food. Excess causes indigestion, which can be relieved by antacids such as milk of magnesia that neutralise excess acid.

Ant bite: An ant injects formic acid into the skin. Rubbing moist baking soda or calamine solution neutralises the acid.

Soil treatment: Excessive fertiliser use makes soil acidic. When soil is too acidic, it is treated with quick lime or slaked lime. If the soil is basic, organic matter is added to neutralise it.

Factory wastes: Many factories release acidic wastes. These are neutralised by adding basic substances before disposal into water bodies to prevent harm to aquatic life.

Keywords: Acid, Acidic, Base, Basic, Neutralisation, Indicator, Neutral, Salt.

Acids are sour in taste. Bases are bitter and soapy to touch.

Acid turns blue litmus red. Base turns red litmus blue.

Substances that are neither acidic nor basic are neutral.

Solutions that show different colour in acidic, basic, and neutral solutions are called indicators.

Acid and base neutralise each other to form a salt, which can be acidic, basic or neutral.","Three liquids are given to you. One is hydrochloric acid, another is sodium hydroxide and third is a sugar solution. How will you identify them? You have only turmeric indicator.","Put a drop of each liquid on turmeric indicator.

The solution that turns turmeric red is sodium hydroxide (basic).

Add sodium hydroxide separately to the other two liquids and apply again on turmeric indicator.

The mixture that changes turmeric to red contains sugar solution (neutral).

For the mixture with hydrochloric acid and sodium hydroxide, no colour change means the acid has been neutralised."
"We use in our daily life a large number of substances such as lemon, tamarind, common salt, sugar and vinegar. Do they have the same taste? Some taste sour, some taste bitter, some sweet, and some salty.

4.1 Acids and Bases
Curd, lemon juice, orange juice, and vinegar taste sour because they contain acids. The chemical nature of such substances is acidic. The word “acid” comes from the Latin word “acere” which means sour. The acids in these substances are natural acids.

Baking soda does not taste sour—it is bitter and feels soapy. Substances which are bitter in taste and feel soapy are known as bases. The nature of such substances is said to be basic.

Since we cannot taste every substance to find its nature, special substances called indicators are used to test whether a substance is acidic or basic. The indicators change their colour when added to a solution containing an acidic or a basic substance. Turmeric, litmus, and China rose petals are some naturally occurring indicators.

4.2 Natural Indicators Around Us
The most commonly used natural indicator is litmus, extracted from lichens. It has a mauve/purple colour in distilled water. In acidic solution, it turns red; in basic solution, it turns blue. It is available as a solution or as red and blue litmus paper.

Turmeric is another natural indicator. A paste is made from turmeric powder and water, applied to paper, and dried. Soap solution placed on turmeric-stained paper turns it red, showing it is basic.

China rose petals in warm water make a natural indicator. A few drops of the coloured solution are added to different substances: it turns acidic solutions dark pink (magenta) and basic solutions green.

Some substances do not affect the colour of red or blue litmus; these are called neutral solutions. They are neither acidic nor basic.

4.3 Neutralisation
Acids turn blue litmus red, and bases turn red litmus blue. When an acid is mixed with a base, both neutralise each other’s effects. When an acid solution and a base solution are mixed in suitable amounts, both the acidic and basic natures are destroyed. The solution becomes neither acidic nor basic. In this neutralisation reaction, heat is always produced and a new substance called salt is formed. Neutralisation can be defined as: the reaction between an acid and a base to produce a salt and water with the evolution of heat.

Example: Hydrochloric acid + Sodium hydroxide → Sodium chloride (salt) + Water

4.4 Neutralisation in Everyday Life
Indigestion: The stomach contains hydrochloric acid to digest food. Excess causes indigestion, which can be relieved by antacids such as milk of magnesia that neutralise excess acid.

Ant bite: An ant injects formic acid into the skin. Rubbing moist baking soda or calamine solution neutralises the acid.

Soil treatment: Excessive fertiliser use makes soil acidic. When soil is too acidic, it is treated with quick lime or slaked lime. If the soil is basic, organic matter is added to neutralise it.

Factory wastes: Many factories release acidic wastes. These are neutralised by adding basic substances before disposal into water bodies to prevent harm to aquatic life.

Keywords: Acid, Acidic, Base, Basic, Neutralisation, Indicator, Neutral, Salt.

Acids are sour in taste. Bases are bitter and soapy to touch.

Acid turns blue litmus red. Base turns red litmus blue.

Substances that are neither acidic nor basic are neutral.

Solutions that show different colour in acidic, basic, and neutral solutions are called indicators.

Acid and base neutralise each other to form a salt, which can be acidic, basic or neutral.",Blue litmus paper is dipped in a solution. It remains blue. What is the nature of the solution? Explain.,"The solution may be either basic or neutral, as both will not change the blue litmus paper's colour."
"Every day you come across many changes in your surroundings. These changes may involve one or more substances. For example, your mother may ask you to dissolve sugar in water to make a cold drink. Making a sugar solution is a change. Similarly, setting curd from milk is a change. Sometimes milk becomes sour. Souring of milk is a change. Stretched rubber band also represents a change.

Make a list of ten changes you have noticed around you. In this chapter we shall perform some activities and study the nature of these changes. Broadly, these changes are of two kinds, physical and chemical.

Cut a piece of paper in four square pieces. Cut each square piece further into four square pieces. Lay these pieces on the floor or a table so that the pieces acquire the shape of the original piece of paper. Obviously, you cannot join the pieces back to make the original piece, but is there a change in the property of the paper?

Collect the chalk dust lying on the floor near the chalkboard in your classroom. Or, crush a small piece of chalk into dust. Add a little water to the dust to make a paste. Roll it into the shape of a piece of chalk. Let it dry. Did you recover chalk from the dust?

Take some ice in a glass or plastic tumbler. Melt a small portion of ice by placing the tumbler in the sun. You have now a mixture of ice and water. Now place the tumbler in a freezing mixture (ice plus common salt). Does the water become solid ice once again?

Boil some water in a container. Do you see the steam rising from the surface of water? Hold an inverted pan by its handle over the steam at some distance from the boiling water. Observe the inner surface of the pan. Do you see any droplet of water there?

Be careful while handling a flame. Hold a used hack-saw blade with a pair of tongs. Keep the tip of the free end of the blade on the gas stove. Wait for a few minutes. Does the colour of the tip of the blade change? Remove the blade from the flame. Observe the tip once again after some time. Does it get back its original colour?

In the above activities, you saw that paper and a piece of chalk underwent changes in size. Water changed its state (from solid to liquid, or from gas to liquid). The hack-saw blade changed colour on heating. Properties such as shape, size, colour and state of a substance are called its physical properties. A change in which a substance undergoes a change in its physical properties is called a physical change. A physical change is generally reversible. In such a change no new substance is formed.

A change you are quite familiar with is the rusting of iron. If you leave a piece of iron in the open for some time, it acquires a film of brownish substance. This substance is called rust and the process is called rusting. Iron gates of parks or farmlands, iron benches kept in lawns and gardens, almost every article of iron, kept in the open gets rusted. At home you must have seen shovels and spades getting rusted when exposed to the atmosphere for some time. In the kitchen, a wet iron pan often gets rusted if left in that state for some time. Rust is not iron. It is different from iron on which it gets deposited.

Let us consider a few more changes where new substances are formed. Get a small piece of a thin strip or ribbon of magnesium. Clean its tip with sandpaper. Bring the tip near a candle flame. It burns with a brilliant white light. When it is completely burnt it leaves behind a powdery ash. Does the ash look like the magnesium ribbon?

The change can be represented by the following equation:
Magnesium (Mg) + Oxygen (O₂) → Magnesium oxide (MgO)
Collect the ash and mix it with a small amount of water. Stir the mixture well. Test the mixture with blue and red litmus papers. Does the mixture turn red litmus blue? Does the mixture turn blue litmus red? On the basis of this test, how do you classify the aqueous solution—acidic or basic?

On dissolving the ash in water it forms a new substance.
Magnesium oxide (MgO) + Water (H₂O) → Magnesium hydroxide [Mg(OH)₂]
As you have already learnt, magnesium hydroxide is a base. So, magnesium oxide is a new substance formed on burning of magnesium. Magnesium hydroxide is another new substance formed by mixing magnesium oxide with water.

Dissolve about a teaspoonful of copper sulphate in about half a cup of water in a glass tumbler or a beaker. Add a few drops of dilute sulphuric acid to the solution. You should get a blue coloured solution. Save a small sample of the solution. Drop a nail or a used shaving blade into the remaining solution. Wait for half an hour or so. Observe the colour of the solution. Compare it with the colour of the sample solution saved separately.
Take out the nail or the blade. Has it changed in any way? The change of colour of the solution from blue to green is due to the formation of iron sulphate, a new substance. The brown deposit on the iron nail is copper, another new substance.
Copper sulphate solution (blue) + Iron → Iron sulphate solution (green) + Copper (brown deposit)

Take about a teaspoonful of vinegar in a test tube. Add a pinch of baking soda to it. You would hear a hissing sound and see bubbles of a gas coming out. Pass this gas through freshly prepared lime water. What happens to the lime water?
Vinegar (Acetic acid) + Baking soda (Sodium hydrogencarbonate) → Carbon dioxide + other substances
Carbon dioxide (CO₂) + Lime water [Ca(OH)₂] → Calcium Carbonate (CaCO₃) + Water (H₂O)
When carbon dioxide is passed through lime water, calcium carbonate is formed, which makes lime water milky.

In these activities, you saw that in each change one or more new substances were formed. For example, ash was the new substance formed when magnesium was burnt in air. The reaction of copper sulphate with iron produced iron sulphate and copper, both new substances. Vinegar and baking soda together produced carbon dioxide, which turned lime water milky.

A change in which one or more new substances are formed is called a chemical change. A chemical change is also called a chemical reaction. Chemical changes are very important in our lives. All new substances are formed as a result of chemical changes. Digestion of food, ripening of fruits, fermentation of grapes, burning of fuel, and making medicines all involve chemical changes.

We have seen that one or more new substances are produced in a chemical change. In addition, chemical changes may be accompanied by:

Heat, light or any other radiation may be given off or absorbed.

Sound may be produced.

A change in smell may take place or a new smell may be given off.

A colour change may take place.

A gas may be formed.

Burning of magnesium ribbon, coal, wood, or leaves are all chemical changes. Burning is always accompanied by production of heat. Explosion of a firework is a chemical change, producing heat, light, sound, and gases. Food spoilage produces a foul smell—a chemical change. The change of colour in a cut apple, potato, or brinjal when exposed to air is also due to formation of new substances, hence a chemical change.

Rusting is a change that affects iron articles and slowly destroys them. The process of rusting can be represented as:
Iron (Fe) + Oxygen (O₂) + Water (H₂O) → Rust (iron oxide Fe₂O₃)
For rusting, the presence of both oxygen and water (or water vapour) is essential. If the air is more humid, rusting becomes faster. To prevent rusting, iron articles must be protected from oxygen and water, e.g. by applying paint or grease or by depositing a layer of a metal like chromium or zinc (galvanisation).

Ozone layer in our atmosphere protects us from harmful UV radiation. Ozone absorbs this radiation and breaks down to oxygen—a chemical change.

Plants produce food by photosynthesis, which is a chemical change. Digestion is also a chemical change.

Stainless steel is made by mixing iron with carbon and metals like chromium, nickel and manganese. It does not rust.

Ships are made of iron; a part remains under water where salty water makes rusting faster. Despite painting or galvanising, ships suffer damage from rusting","When baking soda is mixed with lemon juice, bubbles are formed with the evolution of a gas. What type of change is it? Explain.","When baking soda is mixed with lemon juice, bubbles are formed due to the evolution of carbon dioxide gas. This is a chemical change because new substances are formed in the reaction (including carbon dioxide), and the composition of the original substances changes"
"Every day you come across many changes in your surroundings. These changes may involve one or more substances. For example, your mother may ask you to dissolve sugar in water to make a cold drink. Making a sugar solution is a change. Similarly, setting curd from milk is a change. Sometimes milk becomes sour. Souring of milk is a change. Stretched rubber band also represents a change.

Make a list of ten changes you have noticed around you. In this chapter we shall perform some activities and study the nature of these changes. Broadly, these changes are of two kinds, physical and chemical.

Cut a piece of paper in four square pieces. Cut each square piece further into four square pieces. Lay these pieces on the floor or a table so that the pieces acquire the shape of the original piece of paper. Obviously, you cannot join the pieces back to make the original piece, but is there a change in the property of the paper?

Collect the chalk dust lying on the floor near the chalkboard in your classroom. Or, crush a small piece of chalk into dust. Add a little water to the dust to make a paste. Roll it into the shape of a piece of chalk. Let it dry. Did you recover chalk from the dust?

Take some ice in a glass or plastic tumbler. Melt a small portion of ice by placing the tumbler in the sun. You have now a mixture of ice and water. Now place the tumbler in a freezing mixture (ice plus common salt). Does the water become solid ice once again?

Boil some water in a container. Do you see the steam rising from the surface of water? Hold an inverted pan by its handle over the steam at some distance from the boiling water. Observe the inner surface of the pan. Do you see any droplet of water there?

Be careful while handling a flame. Hold a used hack-saw blade with a pair of tongs. Keep the tip of the free end of the blade on the gas stove. Wait for a few minutes. Does the colour of the tip of the blade change? Remove the blade from the flame. Observe the tip once again after some time. Does it get back its original colour?

In the above activities, you saw that paper and a piece of chalk underwent changes in size. Water changed its state (from solid to liquid, or from gas to liquid). The hack-saw blade changed colour on heating. Properties such as shape, size, colour and state of a substance are called its physical properties. A change in which a substance undergoes a change in its physical properties is called a physical change. A physical change is generally reversible. In such a change no new substance is formed.

A change you are quite familiar with is the rusting of iron. If you leave a piece of iron in the open for some time, it acquires a film of brownish substance. This substance is called rust and the process is called rusting. Iron gates of parks or farmlands, iron benches kept in lawns and gardens, almost every article of iron, kept in the open gets rusted. At home you must have seen shovels and spades getting rusted when exposed to the atmosphere for some time. In the kitchen, a wet iron pan often gets rusted if left in that state for some time. Rust is not iron. It is different from iron on which it gets deposited.

Let us consider a few more changes where new substances are formed. Get a small piece of a thin strip or ribbon of magnesium. Clean its tip with sandpaper. Bring the tip near a candle flame. It burns with a brilliant white light. When it is completely burnt it leaves behind a powdery ash. Does the ash look like the magnesium ribbon?

The change can be represented by the following equation:
Magnesium (Mg) + Oxygen (O₂) → Magnesium oxide (MgO)
Collect the ash and mix it with a small amount of water. Stir the mixture well. Test the mixture with blue and red litmus papers. Does the mixture turn red litmus blue? Does the mixture turn blue litmus red? On the basis of this test, how do you classify the aqueous solution—acidic or basic?

On dissolving the ash in water it forms a new substance.
Magnesium oxide (MgO) + Water (H₂O) → Magnesium hydroxide [Mg(OH)₂]
As you have already learnt, magnesium hydroxide is a base. So, magnesium oxide is a new substance formed on burning of magnesium. Magnesium hydroxide is another new substance formed by mixing magnesium oxide with water.

Dissolve about a teaspoonful of copper sulphate in about half a cup of water in a glass tumbler or a beaker. Add a few drops of dilute sulphuric acid to the solution. You should get a blue coloured solution. Save a small sample of the solution. Drop a nail or a used shaving blade into the remaining solution. Wait for half an hour or so. Observe the colour of the solution. Compare it with the colour of the sample solution saved separately.
Take out the nail or the blade. Has it changed in any way? The change of colour of the solution from blue to green is due to the formation of iron sulphate, a new substance. The brown deposit on the iron nail is copper, another new substance.
Copper sulphate solution (blue) + Iron → Iron sulphate solution (green) + Copper (brown deposit)

Take about a teaspoonful of vinegar in a test tube. Add a pinch of baking soda to it. You would hear a hissing sound and see bubbles of a gas coming out. Pass this gas through freshly prepared lime water. What happens to the lime water?
Vinegar (Acetic acid) + Baking soda (Sodium hydrogencarbonate) → Carbon dioxide + other substances
Carbon dioxide (CO₂) + Lime water [Ca(OH)₂] → Calcium Carbonate (CaCO₃) + Water (H₂O)
When carbon dioxide is passed through lime water, calcium carbonate is formed, which makes lime water milky.

In these activities, you saw that in each change one or more new substances were formed. For example, ash was the new substance formed when magnesium was burnt in air. The reaction of copper sulphate with iron produced iron sulphate and copper, both new substances. Vinegar and baking soda together produced carbon dioxide, which turned lime water milky.

A change in which one or more new substances are formed is called a chemical change. A chemical change is also called a chemical reaction. Chemical changes are very important in our lives. All new substances are formed as a result of chemical changes. Digestion of food, ripening of fruits, fermentation of grapes, burning of fuel, and making medicines all involve chemical changes.

We have seen that one or more new substances are produced in a chemical change. In addition, chemical changes may be accompanied by:

Heat, light or any other radiation may be given off or absorbed.

Sound may be produced.

A change in smell may take place or a new smell may be given off.

A colour change may take place.

A gas may be formed.

Burning of magnesium ribbon, coal, wood, or leaves are all chemical changes. Burning is always accompanied by production of heat. Explosion of a firework is a chemical change, producing heat, light, sound, and gases. Food spoilage produces a foul smell—a chemical change. The change of colour in a cut apple, potato, or brinjal when exposed to air is also due to formation of new substances, hence a chemical change.

Rusting is a change that affects iron articles and slowly destroys them. The process of rusting can be represented as:
Iron (Fe) + Oxygen (O₂) + Water (H₂O) → Rust (iron oxide Fe₂O₃)
For rusting, the presence of both oxygen and water (or water vapour) is essential. If the air is more humid, rusting becomes faster. To prevent rusting, iron articles must be protected from oxygen and water, e.g. by applying paint or grease or by depositing a layer of a metal like chromium or zinc (galvanisation).

Ozone layer in our atmosphere protects us from harmful UV radiation. Ozone absorbs this radiation and breaks down to oxygen—a chemical change.

Plants produce food by photosynthesis, which is a chemical change. Digestion is also a chemical change.

Stainless steel is made by mixing iron with carbon and metals like chromium, nickel and manganese. It does not rust.

Ships are made of iron; a part remains under water where salty water makes rusting faster. Despite painting or galvanising, ships suffer damage from rusting","When a candle burns, both physical and chemical changes take place. Identify these changes. Give another example of a familiar process in which both the chemical and physical changes take place.","Physical Change: Melting of the wax as the candle burns.

Chemical Change: Burning of the melted wax, which produces carbon dioxide and water vapor."
"Every day you come across many changes in your surroundings. These changes may involve one or more substances. For example, your mother may ask you to dissolve sugar in water to make a cold drink. Making a sugar solution is a change. Similarly, setting curd from milk is a change. Sometimes milk becomes sour. Souring of milk is a change. Stretched rubber band also represents a change.

Make a list of ten changes you have noticed around you. In this chapter we shall perform some activities and study the nature of these changes. Broadly, these changes are of two kinds, physical and chemical.

Cut a piece of paper in four square pieces. Cut each square piece further into four square pieces. Lay these pieces on the floor or a table so that the pieces acquire the shape of the original piece of paper. Obviously, you cannot join the pieces back to make the original piece, but is there a change in the property of the paper?

Collect the chalk dust lying on the floor near the chalkboard in your classroom. Or, crush a small piece of chalk into dust. Add a little water to the dust to make a paste. Roll it into the shape of a piece of chalk. Let it dry. Did you recover chalk from the dust?

Take some ice in a glass or plastic tumbler. Melt a small portion of ice by placing the tumbler in the sun. You have now a mixture of ice and water. Now place the tumbler in a freezing mixture (ice plus common salt). Does the water become solid ice once again?

Boil some water in a container. Do you see the steam rising from the surface of water? Hold an inverted pan by its handle over the steam at some distance from the boiling water. Observe the inner surface of the pan. Do you see any droplet of water there?

Be careful while handling a flame. Hold a used hack-saw blade with a pair of tongs. Keep the tip of the free end of the blade on the gas stove. Wait for a few minutes. Does the colour of the tip of the blade change? Remove the blade from the flame. Observe the tip once again after some time. Does it get back its original colour?

In the above activities, you saw that paper and a piece of chalk underwent changes in size. Water changed its state (from solid to liquid, or from gas to liquid). The hack-saw blade changed colour on heating. Properties such as shape, size, colour and state of a substance are called its physical properties. A change in which a substance undergoes a change in its physical properties is called a physical change. A physical change is generally reversible. In such a change no new substance is formed.

A change you are quite familiar with is the rusting of iron. If you leave a piece of iron in the open for some time, it acquires a film of brownish substance. This substance is called rust and the process is called rusting. Iron gates of parks or farmlands, iron benches kept in lawns and gardens, almost every article of iron, kept in the open gets rusted. At home you must have seen shovels and spades getting rusted when exposed to the atmosphere for some time. In the kitchen, a wet iron pan often gets rusted if left in that state for some time. Rust is not iron. It is different from iron on which it gets deposited.

Let us consider a few more changes where new substances are formed. Get a small piece of a thin strip or ribbon of magnesium. Clean its tip with sandpaper. Bring the tip near a candle flame. It burns with a brilliant white light. When it is completely burnt it leaves behind a powdery ash. Does the ash look like the magnesium ribbon?

The change can be represented by the following equation:
Magnesium (Mg) + Oxygen (O₂) → Magnesium oxide (MgO)
Collect the ash and mix it with a small amount of water. Stir the mixture well. Test the mixture with blue and red litmus papers. Does the mixture turn red litmus blue? Does the mixture turn blue litmus red? On the basis of this test, how do you classify the aqueous solution—acidic or basic?

On dissolving the ash in water it forms a new substance.
Magnesium oxide (MgO) + Water (H₂O) → Magnesium hydroxide [Mg(OH)₂]
As you have already learnt, magnesium hydroxide is a base. So, magnesium oxide is a new substance formed on burning of magnesium. Magnesium hydroxide is another new substance formed by mixing magnesium oxide with water.

Dissolve about a teaspoonful of copper sulphate in about half a cup of water in a glass tumbler or a beaker. Add a few drops of dilute sulphuric acid to the solution. You should get a blue coloured solution. Save a small sample of the solution. Drop a nail or a used shaving blade into the remaining solution. Wait for half an hour or so. Observe the colour of the solution. Compare it with the colour of the sample solution saved separately.
Take out the nail or the blade. Has it changed in any way? The change of colour of the solution from blue to green is due to the formation of iron sulphate, a new substance. The brown deposit on the iron nail is copper, another new substance.
Copper sulphate solution (blue) + Iron → Iron sulphate solution (green) + Copper (brown deposit)

Take about a teaspoonful of vinegar in a test tube. Add a pinch of baking soda to it. You would hear a hissing sound and see bubbles of a gas coming out. Pass this gas through freshly prepared lime water. What happens to the lime water?
Vinegar (Acetic acid) + Baking soda (Sodium hydrogencarbonate) → Carbon dioxide + other substances
Carbon dioxide (CO₂) + Lime water [Ca(OH)₂] → Calcium Carbonate (CaCO₃) + Water (H₂O)
When carbon dioxide is passed through lime water, calcium carbonate is formed, which makes lime water milky.

In these activities, you saw that in each change one or more new substances were formed. For example, ash was the new substance formed when magnesium was burnt in air. The reaction of copper sulphate with iron produced iron sulphate and copper, both new substances. Vinegar and baking soda together produced carbon dioxide, which turned lime water milky.

A change in which one or more new substances are formed is called a chemical change. A chemical change is also called a chemical reaction. Chemical changes are very important in our lives. All new substances are formed as a result of chemical changes. Digestion of food, ripening of fruits, fermentation of grapes, burning of fuel, and making medicines all involve chemical changes.

We have seen that one or more new substances are produced in a chemical change. In addition, chemical changes may be accompanied by:

Heat, light or any other radiation may be given off or absorbed.

Sound may be produced.

A change in smell may take place or a new smell may be given off.

A colour change may take place.

A gas may be formed.

Burning of magnesium ribbon, coal, wood, or leaves are all chemical changes. Burning is always accompanied by production of heat. Explosion of a firework is a chemical change, producing heat, light, sound, and gases. Food spoilage produces a foul smell—a chemical change. The change of colour in a cut apple, potato, or brinjal when exposed to air is also due to formation of new substances, hence a chemical change.

Rusting is a change that affects iron articles and slowly destroys them. The process of rusting can be represented as:
Iron (Fe) + Oxygen (O₂) + Water (H₂O) → Rust (iron oxide Fe₂O₃)
For rusting, the presence of both oxygen and water (or water vapour) is essential. If the air is more humid, rusting becomes faster. To prevent rusting, iron articles must be protected from oxygen and water, e.g. by applying paint or grease or by depositing a layer of a metal like chromium or zinc (galvanisation).

Ozone layer in our atmosphere protects us from harmful UV radiation. Ozone absorbs this radiation and breaks down to oxygen—a chemical change.

Plants produce food by photosynthesis, which is a chemical change. Digestion is also a chemical change.

Stainless steel is made by mixing iron with carbon and metals like chromium, nickel and manganese. It does not rust.

Ships are made of iron; a part remains under water where salty water makes rusting faster. Despite painting or galvanising, ships suffer damage from rusting",How would you show that setting of curd is a chemical change?,"The setting of curd is a chemical change because the original substance (milk) is converted into a new substance (curd) with different properties, and this change cannot be reversed to get back the original milk."
"Every day you come across many changes in your surroundings. These changes may involve one or more substances. For example, your mother may ask you to dissolve sugar in water to make a cold drink. Making a sugar solution is a change. Similarly, setting curd from milk is a change. Sometimes milk becomes sour. Souring of milk is a change. Stretched rubber band also represents a change.

Make a list of ten changes you have noticed around you. In this chapter we shall perform some activities and study the nature of these changes. Broadly, these changes are of two kinds, physical and chemical.

Cut a piece of paper in four square pieces. Cut each square piece further into four square pieces. Lay these pieces on the floor or a table so that the pieces acquire the shape of the original piece of paper. Obviously, you cannot join the pieces back to make the original piece, but is there a change in the property of the paper?

Collect the chalk dust lying on the floor near the chalkboard in your classroom. Or, crush a small piece of chalk into dust. Add a little water to the dust to make a paste. Roll it into the shape of a piece of chalk. Let it dry. Did you recover chalk from the dust?

Take some ice in a glass or plastic tumbler. Melt a small portion of ice by placing the tumbler in the sun. You have now a mixture of ice and water. Now place the tumbler in a freezing mixture (ice plus common salt). Does the water become solid ice once again?

Boil some water in a container. Do you see the steam rising from the surface of water? Hold an inverted pan by its handle over the steam at some distance from the boiling water. Observe the inner surface of the pan. Do you see any droplet of water there?

Be careful while handling a flame. Hold a used hack-saw blade with a pair of tongs. Keep the tip of the free end of the blade on the gas stove. Wait for a few minutes. Does the colour of the tip of the blade change? Remove the blade from the flame. Observe the tip once again after some time. Does it get back its original colour?

In the above activities, you saw that paper and a piece of chalk underwent changes in size. Water changed its state (from solid to liquid, or from gas to liquid). The hack-saw blade changed colour on heating. Properties such as shape, size, colour and state of a substance are called its physical properties. A change in which a substance undergoes a change in its physical properties is called a physical change. A physical change is generally reversible. In such a change no new substance is formed.

A change you are quite familiar with is the rusting of iron. If you leave a piece of iron in the open for some time, it acquires a film of brownish substance. This substance is called rust and the process is called rusting. Iron gates of parks or farmlands, iron benches kept in lawns and gardens, almost every article of iron, kept in the open gets rusted. At home you must have seen shovels and spades getting rusted when exposed to the atmosphere for some time. In the kitchen, a wet iron pan often gets rusted if left in that state for some time. Rust is not iron. It is different from iron on which it gets deposited.

Let us consider a few more changes where new substances are formed. Get a small piece of a thin strip or ribbon of magnesium. Clean its tip with sandpaper. Bring the tip near a candle flame. It burns with a brilliant white light. When it is completely burnt it leaves behind a powdery ash. Does the ash look like the magnesium ribbon?

The change can be represented by the following equation:
Magnesium (Mg) + Oxygen (O₂) → Magnesium oxide (MgO)
Collect the ash and mix it with a small amount of water. Stir the mixture well. Test the mixture with blue and red litmus papers. Does the mixture turn red litmus blue? Does the mixture turn blue litmus red? On the basis of this test, how do you classify the aqueous solution—acidic or basic?

On dissolving the ash in water it forms a new substance.
Magnesium oxide (MgO) + Water (H₂O) → Magnesium hydroxide [Mg(OH)₂]
As you have already learnt, magnesium hydroxide is a base. So, magnesium oxide is a new substance formed on burning of magnesium. Magnesium hydroxide is another new substance formed by mixing magnesium oxide with water.

Dissolve about a teaspoonful of copper sulphate in about half a cup of water in a glass tumbler or a beaker. Add a few drops of dilute sulphuric acid to the solution. You should get a blue coloured solution. Save a small sample of the solution. Drop a nail or a used shaving blade into the remaining solution. Wait for half an hour or so. Observe the colour of the solution. Compare it with the colour of the sample solution saved separately.
Take out the nail or the blade. Has it changed in any way? The change of colour of the solution from blue to green is due to the formation of iron sulphate, a new substance. The brown deposit on the iron nail is copper, another new substance.
Copper sulphate solution (blue) + Iron → Iron sulphate solution (green) + Copper (brown deposit)

Take about a teaspoonful of vinegar in a test tube. Add a pinch of baking soda to it. You would hear a hissing sound and see bubbles of a gas coming out. Pass this gas through freshly prepared lime water. What happens to the lime water?
Vinegar (Acetic acid) + Baking soda (Sodium hydrogencarbonate) → Carbon dioxide + other substances
Carbon dioxide (CO₂) + Lime water [Ca(OH)₂] → Calcium Carbonate (CaCO₃) + Water (H₂O)
When carbon dioxide is passed through lime water, calcium carbonate is formed, which makes lime water milky.

In these activities, you saw that in each change one or more new substances were formed. For example, ash was the new substance formed when magnesium was burnt in air. The reaction of copper sulphate with iron produced iron sulphate and copper, both new substances. Vinegar and baking soda together produced carbon dioxide, which turned lime water milky.

A change in which one or more new substances are formed is called a chemical change. A chemical change is also called a chemical reaction. Chemical changes are very important in our lives. All new substances are formed as a result of chemical changes. Digestion of food, ripening of fruits, fermentation of grapes, burning of fuel, and making medicines all involve chemical changes.

We have seen that one or more new substances are produced in a chemical change. In addition, chemical changes may be accompanied by:

Heat, light or any other radiation may be given off or absorbed.

Sound may be produced.

A change in smell may take place or a new smell may be given off.

A colour change may take place.

A gas may be formed.

Burning of magnesium ribbon, coal, wood, or leaves are all chemical changes. Burning is always accompanied by production of heat. Explosion of a firework is a chemical change, producing heat, light, sound, and gases. Food spoilage produces a foul smell—a chemical change. The change of colour in a cut apple, potato, or brinjal when exposed to air is also due to formation of new substances, hence a chemical change.

Rusting is a change that affects iron articles and slowly destroys them. The process of rusting can be represented as:
Iron (Fe) + Oxygen (O₂) + Water (H₂O) → Rust (iron oxide Fe₂O₃)
For rusting, the presence of both oxygen and water (or water vapour) is essential. If the air is more humid, rusting becomes faster. To prevent rusting, iron articles must be protected from oxygen and water, e.g. by applying paint or grease or by depositing a layer of a metal like chromium or zinc (galvanisation).

Ozone layer in our atmosphere protects us from harmful UV radiation. Ozone absorbs this radiation and breaks down to oxygen—a chemical change.

Plants produce food by photosynthesis, which is a chemical change. Digestion is also a chemical change.

Stainless steel is made by mixing iron with carbon and metals like chromium, nickel and manganese. It does not rust.

Ships are made of iron; a part remains under water where salty water makes rusting faster. Despite painting or galvanising, ships suffer damage from rusting",Explain why burning of wood and cutting it into small pieces are considered as two different types of changes.,"Cutting wood: Physical change, because the substance remains wood, only its shape and size change.

Burning wood: Chemical change, because wood is converted into new substances like charcoal, carbon dioxide, and ash, and the change cannot be reversed."
"Every day you come across many changes in your surroundings. These changes may involve one or more substances. For example, your mother may ask you to dissolve sugar in water to make a cold drink. Making a sugar solution is a change. Similarly, setting curd from milk is a change. Sometimes milk becomes sour. Souring of milk is a change. Stretched rubber band also represents a change.

Make a list of ten changes you have noticed around you. In this chapter we shall perform some activities and study the nature of these changes. Broadly, these changes are of two kinds, physical and chemical.

Cut a piece of paper in four square pieces. Cut each square piece further into four square pieces. Lay these pieces on the floor or a table so that the pieces acquire the shape of the original piece of paper. Obviously, you cannot join the pieces back to make the original piece, but is there a change in the property of the paper?

Collect the chalk dust lying on the floor near the chalkboard in your classroom. Or, crush a small piece of chalk into dust. Add a little water to the dust to make a paste. Roll it into the shape of a piece of chalk. Let it dry. Did you recover chalk from the dust?

Take some ice in a glass or plastic tumbler. Melt a small portion of ice by placing the tumbler in the sun. You have now a mixture of ice and water. Now place the tumbler in a freezing mixture (ice plus common salt). Does the water become solid ice once again?

Boil some water in a container. Do you see the steam rising from the surface of water? Hold an inverted pan by its handle over the steam at some distance from the boiling water. Observe the inner surface of the pan. Do you see any droplet of water there?

Be careful while handling a flame. Hold a used hack-saw blade with a pair of tongs. Keep the tip of the free end of the blade on the gas stove. Wait for a few minutes. Does the colour of the tip of the blade change? Remove the blade from the flame. Observe the tip once again after some time. Does it get back its original colour?

In the above activities, you saw that paper and a piece of chalk underwent changes in size. Water changed its state (from solid to liquid, or from gas to liquid). The hack-saw blade changed colour on heating. Properties such as shape, size, colour and state of a substance are called its physical properties. A change in which a substance undergoes a change in its physical properties is called a physical change. A physical change is generally reversible. In such a change no new substance is formed.

A change you are quite familiar with is the rusting of iron. If you leave a piece of iron in the open for some time, it acquires a film of brownish substance. This substance is called rust and the process is called rusting. Iron gates of parks or farmlands, iron benches kept in lawns and gardens, almost every article of iron, kept in the open gets rusted. At home you must have seen shovels and spades getting rusted when exposed to the atmosphere for some time. In the kitchen, a wet iron pan often gets rusted if left in that state for some time. Rust is not iron. It is different from iron on which it gets deposited.

Let us consider a few more changes where new substances are formed. Get a small piece of a thin strip or ribbon of magnesium. Clean its tip with sandpaper. Bring the tip near a candle flame. It burns with a brilliant white light. When it is completely burnt it leaves behind a powdery ash. Does the ash look like the magnesium ribbon?

The change can be represented by the following equation:
Magnesium (Mg) + Oxygen (O₂) → Magnesium oxide (MgO)
Collect the ash and mix it with a small amount of water. Stir the mixture well. Test the mixture with blue and red litmus papers. Does the mixture turn red litmus blue? Does the mixture turn blue litmus red? On the basis of this test, how do you classify the aqueous solution—acidic or basic?

On dissolving the ash in water it forms a new substance.
Magnesium oxide (MgO) + Water (H₂O) → Magnesium hydroxide [Mg(OH)₂]
As you have already learnt, magnesium hydroxide is a base. So, magnesium oxide is a new substance formed on burning of magnesium. Magnesium hydroxide is another new substance formed by mixing magnesium oxide with water.

Dissolve about a teaspoonful of copper sulphate in about half a cup of water in a glass tumbler or a beaker. Add a few drops of dilute sulphuric acid to the solution. You should get a blue coloured solution. Save a small sample of the solution. Drop a nail or a used shaving blade into the remaining solution. Wait for half an hour or so. Observe the colour of the solution. Compare it with the colour of the sample solution saved separately.
Take out the nail or the blade. Has it changed in any way? The change of colour of the solution from blue to green is due to the formation of iron sulphate, a new substance. The brown deposit on the iron nail is copper, another new substance.
Copper sulphate solution (blue) + Iron → Iron sulphate solution (green) + Copper (brown deposit)

Take about a teaspoonful of vinegar in a test tube. Add a pinch of baking soda to it. You would hear a hissing sound and see bubbles of a gas coming out. Pass this gas through freshly prepared lime water. What happens to the lime water?
Vinegar (Acetic acid) + Baking soda (Sodium hydrogencarbonate) → Carbon dioxide + other substances
Carbon dioxide (CO₂) + Lime water [Ca(OH)₂] → Calcium Carbonate (CaCO₃) + Water (H₂O)
When carbon dioxide is passed through lime water, calcium carbonate is formed, which makes lime water milky.

In these activities, you saw that in each change one or more new substances were formed. For example, ash was the new substance formed when magnesium was burnt in air. The reaction of copper sulphate with iron produced iron sulphate and copper, both new substances. Vinegar and baking soda together produced carbon dioxide, which turned lime water milky.

A change in which one or more new substances are formed is called a chemical change. A chemical change is also called a chemical reaction. Chemical changes are very important in our lives. All new substances are formed as a result of chemical changes. Digestion of food, ripening of fruits, fermentation of grapes, burning of fuel, and making medicines all involve chemical changes.

We have seen that one or more new substances are produced in a chemical change. In addition, chemical changes may be accompanied by:

Heat, light or any other radiation may be given off or absorbed.

Sound may be produced.

A change in smell may take place or a new smell may be given off.

A colour change may take place.

A gas may be formed.

Burning of magnesium ribbon, coal, wood, or leaves are all chemical changes. Burning is always accompanied by production of heat. Explosion of a firework is a chemical change, producing heat, light, sound, and gases. Food spoilage produces a foul smell—a chemical change. The change of colour in a cut apple, potato, or brinjal when exposed to air is also due to formation of new substances, hence a chemical change.

Rusting is a change that affects iron articles and slowly destroys them. The process of rusting can be represented as:
Iron (Fe) + Oxygen (O₂) + Water (H₂O) → Rust (iron oxide Fe₂O₃)
For rusting, the presence of both oxygen and water (or water vapour) is essential. If the air is more humid, rusting becomes faster. To prevent rusting, iron articles must be protected from oxygen and water, e.g. by applying paint or grease or by depositing a layer of a metal like chromium or zinc (galvanisation).

Ozone layer in our atmosphere protects us from harmful UV radiation. Ozone absorbs this radiation and breaks down to oxygen—a chemical change.

Plants produce food by photosynthesis, which is a chemical change. Digestion is also a chemical change.

Stainless steel is made by mixing iron with carbon and metals like chromium, nickel and manganese. It does not rust.

Ships are made of iron; a part remains under water where salty water makes rusting faster. Despite painting or galvanising, ships suffer damage from rusting",Describe how crystals of copper sulphate are prepared.,"Take a cup of water in a beaker.

Add a few drops of dilute sulphuric acid.

Heat the water and, once it starts boiling, add copper sulphate powder while stirring.

Continue adding till the solution becomes saturated.

Filter the solution into a china dish and allow it to cool undisturbed.

Crystals of copper sulphate will slowly form as the solution cools."
"Every day you come across many changes in your surroundings. These changes may involve one or more substances. For example, your mother may ask you to dissolve sugar in water to make a cold drink. Making a sugar solution is a change. Similarly, setting curd from milk is a change. Sometimes milk becomes sour. Souring of milk is a change. Stretched rubber band also represents a change.

Make a list of ten changes you have noticed around you. In this chapter we shall perform some activities and study the nature of these changes. Broadly, these changes are of two kinds, physical and chemical.

Cut a piece of paper in four square pieces. Cut each square piece further into four square pieces. Lay these pieces on the floor or a table so that the pieces acquire the shape of the original piece of paper. Obviously, you cannot join the pieces back to make the original piece, but is there a change in the property of the paper?

Collect the chalk dust lying on the floor near the chalkboard in your classroom. Or, crush a small piece of chalk into dust. Add a little water to the dust to make a paste. Roll it into the shape of a piece of chalk. Let it dry. Did you recover chalk from the dust?

Take some ice in a glass or plastic tumbler. Melt a small portion of ice by placing the tumbler in the sun. You have now a mixture of ice and water. Now place the tumbler in a freezing mixture (ice plus common salt). Does the water become solid ice once again?

Boil some water in a container. Do you see the steam rising from the surface of water? Hold an inverted pan by its handle over the steam at some distance from the boiling water. Observe the inner surface of the pan. Do you see any droplet of water there?

Be careful while handling a flame. Hold a used hack-saw blade with a pair of tongs. Keep the tip of the free end of the blade on the gas stove. Wait for a few minutes. Does the colour of the tip of the blade change? Remove the blade from the flame. Observe the tip once again after some time. Does it get back its original colour?

In the above activities, you saw that paper and a piece of chalk underwent changes in size. Water changed its state (from solid to liquid, or from gas to liquid). The hack-saw blade changed colour on heating. Properties such as shape, size, colour and state of a substance are called its physical properties. A change in which a substance undergoes a change in its physical properties is called a physical change. A physical change is generally reversible. In such a change no new substance is formed.

A change you are quite familiar with is the rusting of iron. If you leave a piece of iron in the open for some time, it acquires a film of brownish substance. This substance is called rust and the process is called rusting. Iron gates of parks or farmlands, iron benches kept in lawns and gardens, almost every article of iron, kept in the open gets rusted. At home you must have seen shovels and spades getting rusted when exposed to the atmosphere for some time. In the kitchen, a wet iron pan often gets rusted if left in that state for some time. Rust is not iron. It is different from iron on which it gets deposited.

Let us consider a few more changes where new substances are formed. Get a small piece of a thin strip or ribbon of magnesium. Clean its tip with sandpaper. Bring the tip near a candle flame. It burns with a brilliant white light. When it is completely burnt it leaves behind a powdery ash. Does the ash look like the magnesium ribbon?

The change can be represented by the following equation:
Magnesium (Mg) + Oxygen (O₂) → Magnesium oxide (MgO)
Collect the ash and mix it with a small amount of water. Stir the mixture well. Test the mixture with blue and red litmus papers. Does the mixture turn red litmus blue? Does the mixture turn blue litmus red? On the basis of this test, how do you classify the aqueous solution—acidic or basic?

On dissolving the ash in water it forms a new substance.
Magnesium oxide (MgO) + Water (H₂O) → Magnesium hydroxide [Mg(OH)₂]
As you have already learnt, magnesium hydroxide is a base. So, magnesium oxide is a new substance formed on burning of magnesium. Magnesium hydroxide is another new substance formed by mixing magnesium oxide with water.

Dissolve about a teaspoonful of copper sulphate in about half a cup of water in a glass tumbler or a beaker. Add a few drops of dilute sulphuric acid to the solution. You should get a blue coloured solution. Save a small sample of the solution. Drop a nail or a used shaving blade into the remaining solution. Wait for half an hour or so. Observe the colour of the solution. Compare it with the colour of the sample solution saved separately.
Take out the nail or the blade. Has it changed in any way? The change of colour of the solution from blue to green is due to the formation of iron sulphate, a new substance. The brown deposit on the iron nail is copper, another new substance.
Copper sulphate solution (blue) + Iron → Iron sulphate solution (green) + Copper (brown deposit)

Take about a teaspoonful of vinegar in a test tube. Add a pinch of baking soda to it. You would hear a hissing sound and see bubbles of a gas coming out. Pass this gas through freshly prepared lime water. What happens to the lime water?
Vinegar (Acetic acid) + Baking soda (Sodium hydrogencarbonate) → Carbon dioxide + other substances
Carbon dioxide (CO₂) + Lime water [Ca(OH)₂] → Calcium Carbonate (CaCO₃) + Water (H₂O)
When carbon dioxide is passed through lime water, calcium carbonate is formed, which makes lime water milky.

In these activities, you saw that in each change one or more new substances were formed. For example, ash was the new substance formed when magnesium was burnt in air. The reaction of copper sulphate with iron produced iron sulphate and copper, both new substances. Vinegar and baking soda together produced carbon dioxide, which turned lime water milky.

A change in which one or more new substances are formed is called a chemical change. A chemical change is also called a chemical reaction. Chemical changes are very important in our lives. All new substances are formed as a result of chemical changes. Digestion of food, ripening of fruits, fermentation of grapes, burning of fuel, and making medicines all involve chemical changes.

We have seen that one or more new substances are produced in a chemical change. In addition, chemical changes may be accompanied by:

Heat, light or any other radiation may be given off or absorbed.

Sound may be produced.

A change in smell may take place or a new smell may be given off.

A colour change may take place.

A gas may be formed.

Burning of magnesium ribbon, coal, wood, or leaves are all chemical changes. Burning is always accompanied by production of heat. Explosion of a firework is a chemical change, producing heat, light, sound, and gases. Food spoilage produces a foul smell—a chemical change. The change of colour in a cut apple, potato, or brinjal when exposed to air is also due to formation of new substances, hence a chemical change.

Rusting is a change that affects iron articles and slowly destroys them. The process of rusting can be represented as:
Iron (Fe) + Oxygen (O₂) + Water (H₂O) → Rust (iron oxide Fe₂O₃)
For rusting, the presence of both oxygen and water (or water vapour) is essential. If the air is more humid, rusting becomes faster. To prevent rusting, iron articles must be protected from oxygen and water, e.g. by applying paint or grease or by depositing a layer of a metal like chromium or zinc (galvanisation).

Ozone layer in our atmosphere protects us from harmful UV radiation. Ozone absorbs this radiation and breaks down to oxygen—a chemical change.

Plants produce food by photosynthesis, which is a chemical change. Digestion is also a chemical change.

Stainless steel is made by mixing iron with carbon and metals like chromium, nickel and manganese. It does not rust.

Ships are made of iron; a part remains under water where salty water makes rusting faster. Despite painting or galvanising, ships suffer damage from rusting",Explain how painting of an iron gate prevents it from rusting.,"Painting an iron gate prevents rusting by creating a protective barrier that stops moisture and oxygen in the air from coming into direct contact with the iron, thereby preventing the process of rust formation."
"Every day you come across many changes in your surroundings. These changes may involve one or more substances. For example, your mother may ask you to dissolve sugar in water to make a cold drink. Making a sugar solution is a change. Similarly, setting curd from milk is a change. Sometimes milk becomes sour. Souring of milk is a change. Stretched rubber band also represents a change.

Make a list of ten changes you have noticed around you. In this chapter we shall perform some activities and study the nature of these changes. Broadly, these changes are of two kinds, physical and chemical.

Cut a piece of paper in four square pieces. Cut each square piece further into four square pieces. Lay these pieces on the floor or a table so that the pieces acquire the shape of the original piece of paper. Obviously, you cannot join the pieces back to make the original piece, but is there a change in the property of the paper?

Collect the chalk dust lying on the floor near the chalkboard in your classroom. Or, crush a small piece of chalk into dust. Add a little water to the dust to make a paste. Roll it into the shape of a piece of chalk. Let it dry. Did you recover chalk from the dust?

Take some ice in a glass or plastic tumbler. Melt a small portion of ice by placing the tumbler in the sun. You have now a mixture of ice and water. Now place the tumbler in a freezing mixture (ice plus common salt). Does the water become solid ice once again?

Boil some water in a container. Do you see the steam rising from the surface of water? Hold an inverted pan by its handle over the steam at some distance from the boiling water. Observe the inner surface of the pan. Do you see any droplet of water there?

Be careful while handling a flame. Hold a used hack-saw blade with a pair of tongs. Keep the tip of the free end of the blade on the gas stove. Wait for a few minutes. Does the colour of the tip of the blade change? Remove the blade from the flame. Observe the tip once again after some time. Does it get back its original colour?

In the above activities, you saw that paper and a piece of chalk underwent changes in size. Water changed its state (from solid to liquid, or from gas to liquid). The hack-saw blade changed colour on heating. Properties such as shape, size, colour and state of a substance are called its physical properties. A change in which a substance undergoes a change in its physical properties is called a physical change. A physical change is generally reversible. In such a change no new substance is formed.

A change you are quite familiar with is the rusting of iron. If you leave a piece of iron in the open for some time, it acquires a film of brownish substance. This substance is called rust and the process is called rusting. Iron gates of parks or farmlands, iron benches kept in lawns and gardens, almost every article of iron, kept in the open gets rusted. At home you must have seen shovels and spades getting rusted when exposed to the atmosphere for some time. In the kitchen, a wet iron pan often gets rusted if left in that state for some time. Rust is not iron. It is different from iron on which it gets deposited.

Let us consider a few more changes where new substances are formed. Get a small piece of a thin strip or ribbon of magnesium. Clean its tip with sandpaper. Bring the tip near a candle flame. It burns with a brilliant white light. When it is completely burnt it leaves behind a powdery ash. Does the ash look like the magnesium ribbon?

The change can be represented by the following equation:
Magnesium (Mg) + Oxygen (O₂) → Magnesium oxide (MgO)
Collect the ash and mix it with a small amount of water. Stir the mixture well. Test the mixture with blue and red litmus papers. Does the mixture turn red litmus blue? Does the mixture turn blue litmus red? On the basis of this test, how do you classify the aqueous solution—acidic or basic?

On dissolving the ash in water it forms a new substance.
Magnesium oxide (MgO) + Water (H₂O) → Magnesium hydroxide [Mg(OH)₂]
As you have already learnt, magnesium hydroxide is a base. So, magnesium oxide is a new substance formed on burning of magnesium. Magnesium hydroxide is another new substance formed by mixing magnesium oxide with water.

Dissolve about a teaspoonful of copper sulphate in about half a cup of water in a glass tumbler or a beaker. Add a few drops of dilute sulphuric acid to the solution. You should get a blue coloured solution. Save a small sample of the solution. Drop a nail or a used shaving blade into the remaining solution. Wait for half an hour or so. Observe the colour of the solution. Compare it with the colour of the sample solution saved separately.
Take out the nail or the blade. Has it changed in any way? The change of colour of the solution from blue to green is due to the formation of iron sulphate, a new substance. The brown deposit on the iron nail is copper, another new substance.
Copper sulphate solution (blue) + Iron → Iron sulphate solution (green) + Copper (brown deposit)

Take about a teaspoonful of vinegar in a test tube. Add a pinch of baking soda to it. You would hear a hissing sound and see bubbles of a gas coming out. Pass this gas through freshly prepared lime water. What happens to the lime water?
Vinegar (Acetic acid) + Baking soda (Sodium hydrogencarbonate) → Carbon dioxide + other substances
Carbon dioxide (CO₂) + Lime water [Ca(OH)₂] → Calcium Carbonate (CaCO₃) + Water (H₂O)
When carbon dioxide is passed through lime water, calcium carbonate is formed, which makes lime water milky.

In these activities, you saw that in each change one or more new substances were formed. For example, ash was the new substance formed when magnesium was burnt in air. The reaction of copper sulphate with iron produced iron sulphate and copper, both new substances. Vinegar and baking soda together produced carbon dioxide, which turned lime water milky.

A change in which one or more new substances are formed is called a chemical change. A chemical change is also called a chemical reaction. Chemical changes are very important in our lives. All new substances are formed as a result of chemical changes. Digestion of food, ripening of fruits, fermentation of grapes, burning of fuel, and making medicines all involve chemical changes.

We have seen that one or more new substances are produced in a chemical change. In addition, chemical changes may be accompanied by:

Heat, light or any other radiation may be given off or absorbed.

Sound may be produced.

A change in smell may take place or a new smell may be given off.

A colour change may take place.

A gas may be formed.

Burning of magnesium ribbon, coal, wood, or leaves are all chemical changes. Burning is always accompanied by production of heat. Explosion of a firework is a chemical change, producing heat, light, sound, and gases. Food spoilage produces a foul smell—a chemical change. The change of colour in a cut apple, potato, or brinjal when exposed to air is also due to formation of new substances, hence a chemical change.

Rusting is a change that affects iron articles and slowly destroys them. The process of rusting can be represented as:
Iron (Fe) + Oxygen (O₂) + Water (H₂O) → Rust (iron oxide Fe₂O₃)
For rusting, the presence of both oxygen and water (or water vapour) is essential. If the air is more humid, rusting becomes faster. To prevent rusting, iron articles must be protected from oxygen and water, e.g. by applying paint or grease or by depositing a layer of a metal like chromium or zinc (galvanisation).

Ozone layer in our atmosphere protects us from harmful UV radiation. Ozone absorbs this radiation and breaks down to oxygen—a chemical change.

Plants produce food by photosynthesis, which is a chemical change. Digestion is also a chemical change.

Stainless steel is made by mixing iron with carbon and metals like chromium, nickel and manganese. It does not rust.

Ships are made of iron; a part remains under water where salty water makes rusting faster. Despite painting or galvanising, ships suffer damage from rusting",Explain why rusting of iron objects is faster in coastal areas than in deserts.,"Rusting of iron requires both oxygen and water (moisture). In coastal areas, the air has more humidity (water vapor) than in deserts, so rusting occurs more quickly and easily in coastal regions."
"One day Boojho was eagerly waiting to meet his grandparents who were coming to the town after a year. He was in a real hurry as he wanted to receive them at the bus-stop. He ran fast and reached the bus-stop in a few minutes. He was breathing rapidly. His grandmother asked him why he was breathing so fast. Boojho told her that he came running all the way. But the question got stuck in his mind. He wondered why running makes a person breathe faster. The answer to Boojho’s question lies in understanding why we breathe. Breathing is a part of respiration.

6.1 Why Do We Respire?
In Chapter 2 you learnt that all organisms are made of small microscopic units called cells. A cell is the smallest structural and functional unit of an organism. Each cell of an organism performs certain functions such as nutrition, transport, excretion and reproduction. To perform these functions, the cell needs energy. Even when we are eating, sleeping or reading we require energy. But, where does this energy come from? Can you say why your parents insist that you should eat regularly? The food has stored energy, which is released during respiration. Therefore, all living organisms respire to get energy from food.

During breathing, we breathe in air. You know that air contains oxygen. We breathe out air which is rich in carbon dioxide. The air we breathe in is transported to all parts of the body and ultimately to each cell. In the cells, oxygen in the air helps in the breakdown of food. The process of breakdown of food in the cell with the release of energy is called cellular respiration. Cellular respiration takes place in the cells of all organisms.

In the cell, the food (glucose) is broken down into carbon dioxide and water using oxygen. When breakdown of glucose occurs with the use of oxygen it is called aerobic respiration. Food can also be broken down, without using oxygen. This is called anaerobic respiration. Breakdown of food releases energy.

There are some organisms such as yeast that can survive in the absence of air. They are called anaerobes. They get energy through anaerobic respiration. In the absence of oxygen, glucose breaks down into alcohol and carbon dioxide.

Yeasts are single-celled organisms. They respire anaerobically and during this process yield alcohol. They are, therefore, used to make wine and beer. Our muscle cells can also respire anaerobically, but only for a short time, when there is a temporary deficiency of oxygen. During heavy exercise, fast running, cycling, walking for many hours or heavy weight lifting, the demand for energy is high, but the supply of oxygen to produce the energy is limited. Then anaerobic respiration takes place in the muscle cells to fulfil the demand of energy. In muscles, glucose breaks down into lactic acid and energy.

Muscle cramps occur when muscle cells respire anaerobically. The partial breakdown of glucose produces lactic acid. The accumulation of lactic acid causes muscle cramps. We get relief from cramps after a hot water bath or a massage. Hot water bath or massage improves circulation of blood. As a result, the supply of oxygen to the muscle cells increases. The increase in the supply of oxygen results in the complete breakdown of lactic acid into carbon dioxide and water.

6.2 Breathing
Breathing means taking in air rich in oxygen and giving out air rich in carbon dioxide with the help of respiratory organs. The taking in of air rich in oxygen into the body is called inhalation and giving out of air rich in carbon dioxide is known as exhalation. It is a continuous process which goes on all the time and throughout the life of an organism.

The number of times a person breathes in a minute is termed as the breathing rate. During breathing inhalation and exhalation take place alternately. A breath means one inhalation plus one exhalation.

On an average, an adult human being at rest breathes in and out 15–18 times in a minute. During heavy exercise, the breathing rate can increase up to 25 times per minute. While we exercise, not only do we breathe fast, we also take deep breaths and thus inhale more oxygen.

Whenever a person needs extra energy, he or she breathes faster. As a result more oxygen is supplied to the cells. It speeds up the breakdown of food and more energy is released.

6.3 How Do We Breathe?
Normally we take in air through our nostrils. When we inhale air, it passes through our nostrils into the nasal cavity. From the nasal cavity, the air reaches our lungs through the windpipe. Lungs are present in the chest cavity. This cavity is surrounded by ribs on the sides. A large, muscular sheet called diaphragm forms the floor of the chest cavity. Breathing involves the movement of the diaphragm and the rib cage.

During inhalation, ribs move up and outwards and diaphragm moves down. This movement increases space in the chest cavity and air rushes into the lungs. The lungs get filled with air.

During exhalation, ribs move down and inwards, while diaphragm moves up to its former position. This reduces the size of the chest cavity and air is pushed out of the lungs.

The air around us has various types of unwanted particles, such as smoke, dust, pollens, etc. When we inhale, the particles get trapped in the hair present in our nasal cavity. However, sometimes these particles may get past the hair in the nasal cavity. This may irritate the lining of the cavity, as a result of which we sneeze. Sneezing expels these foreign particles from the inhaled air and a dust-free, clean air enters our body.

6.4 What Do We Breathe Out?
The percentage of oxygen and carbon dioxide in inhaled and exhaled air:

Inhaled air: 21% oxygen, 0.04% carbon dioxide

Exhaled air: 16.4% oxygen, 4.4% carbon dioxide

6.5 Breathing in Other Animals
Animals such as elephants, lions, cows, goats, frogs, lizards, snakes, and birds have lungs in their chest cavities like human beings.

Cockroach: A cockroach has small openings on the sides of its body called spiracles. Insects have a network of air tubes called tracheae for gas exchange.

Earthworm: Earthworms breathe through their skins. The skin of an earthworm feels moist and slimy. Gases can easily pass through them.

Frogs have a pair of lungs but can also breathe through their moist and slippery skin.

6.6 Breathing Under Water
Fish have gills, which help them to use oxygen dissolved in water. Gills are projections of the skin and are well supplied with blood vessels for exchange of gases.

6.7 Do Plants Also Respire?
Plants also respire for their survival. They take in oxygen from the air and give out carbon dioxide. In plants, each part can independently take in oxygen and give out carbon dioxide. Leaves have tiny pores called stomata for exchange of gases. Roots also take up air from the air spaces present between the soil particles.", Why does an athlete breathe faster and deeper than usual after finishing the race?,"Athletes need a lot of energy during the race, and for the release of energy, they require a large amount of oxygen. After the race, they breathe faster and deeper to meet the increased oxygen demand and quickly supply oxygen to the muscles."
"One day Boojho was eagerly waiting to meet his grandparents who were coming to the town after a year. He was in a real hurry as he wanted to receive them at the bus-stop. He ran fast and reached the bus-stop in a few minutes. He was breathing rapidly. His grandmother asked him why he was breathing so fast. Boojho told her that he came running all the way. But the question got stuck in his mind. He wondered why running makes a person breathe faster. The answer to Boojho’s question lies in understanding why we breathe. Breathing is a part of respiration.

6.1 Why Do We Respire?
In Chapter 2 you learnt that all organisms are made of small microscopic units called cells. A cell is the smallest structural and functional unit of an organism. Each cell of an organism performs certain functions such as nutrition, transport, excretion and reproduction. To perform these functions, the cell needs energy. Even when we are eating, sleeping or reading we require energy. But, where does this energy come from? Can you say why your parents insist that you should eat regularly? The food has stored energy, which is released during respiration. Therefore, all living organisms respire to get energy from food.

During breathing, we breathe in air. You know that air contains oxygen. We breathe out air which is rich in carbon dioxide. The air we breathe in is transported to all parts of the body and ultimately to each cell. In the cells, oxygen in the air helps in the breakdown of food. The process of breakdown of food in the cell with the release of energy is called cellular respiration. Cellular respiration takes place in the cells of all organisms.

In the cell, the food (glucose) is broken down into carbon dioxide and water using oxygen. When breakdown of glucose occurs with the use of oxygen it is called aerobic respiration. Food can also be broken down, without using oxygen. This is called anaerobic respiration. Breakdown of food releases energy.

There are some organisms such as yeast that can survive in the absence of air. They are called anaerobes. They get energy through anaerobic respiration. In the absence of oxygen, glucose breaks down into alcohol and carbon dioxide.

Yeasts are single-celled organisms. They respire anaerobically and during this process yield alcohol. They are, therefore, used to make wine and beer. Our muscle cells can also respire anaerobically, but only for a short time, when there is a temporary deficiency of oxygen. During heavy exercise, fast running, cycling, walking for many hours or heavy weight lifting, the demand for energy is high, but the supply of oxygen to produce the energy is limited. Then anaerobic respiration takes place in the muscle cells to fulfil the demand of energy. In muscles, glucose breaks down into lactic acid and energy.

Muscle cramps occur when muscle cells respire anaerobically. The partial breakdown of glucose produces lactic acid. The accumulation of lactic acid causes muscle cramps. We get relief from cramps after a hot water bath or a massage. Hot water bath or massage improves circulation of blood. As a result, the supply of oxygen to the muscle cells increases. The increase in the supply of oxygen results in the complete breakdown of lactic acid into carbon dioxide and water.

6.2 Breathing
Breathing means taking in air rich in oxygen and giving out air rich in carbon dioxide with the help of respiratory organs. The taking in of air rich in oxygen into the body is called inhalation and giving out of air rich in carbon dioxide is known as exhalation. It is a continuous process which goes on all the time and throughout the life of an organism.

The number of times a person breathes in a minute is termed as the breathing rate. During breathing inhalation and exhalation take place alternately. A breath means one inhalation plus one exhalation.

On an average, an adult human being at rest breathes in and out 15–18 times in a minute. During heavy exercise, the breathing rate can increase up to 25 times per minute. While we exercise, not only do we breathe fast, we also take deep breaths and thus inhale more oxygen.

Whenever a person needs extra energy, he or she breathes faster. As a result more oxygen is supplied to the cells. It speeds up the breakdown of food and more energy is released.

6.3 How Do We Breathe?
Normally we take in air through our nostrils. When we inhale air, it passes through our nostrils into the nasal cavity. From the nasal cavity, the air reaches our lungs through the windpipe. Lungs are present in the chest cavity. This cavity is surrounded by ribs on the sides. A large, muscular sheet called diaphragm forms the floor of the chest cavity. Breathing involves the movement of the diaphragm and the rib cage.

During inhalation, ribs move up and outwards and diaphragm moves down. This movement increases space in the chest cavity and air rushes into the lungs. The lungs get filled with air.

During exhalation, ribs move down and inwards, while diaphragm moves up to its former position. This reduces the size of the chest cavity and air is pushed out of the lungs.

The air around us has various types of unwanted particles, such as smoke, dust, pollens, etc. When we inhale, the particles get trapped in the hair present in our nasal cavity. However, sometimes these particles may get past the hair in the nasal cavity. This may irritate the lining of the cavity, as a result of which we sneeze. Sneezing expels these foreign particles from the inhaled air and a dust-free, clean air enters our body.

6.4 What Do We Breathe Out?
The percentage of oxygen and carbon dioxide in inhaled and exhaled air:

Inhaled air: 21% oxygen, 0.04% carbon dioxide

Exhaled air: 16.4% oxygen, 4.4% carbon dioxide

6.5 Breathing in Other Animals
Animals such as elephants, lions, cows, goats, frogs, lizards, snakes, and birds have lungs in their chest cavities like human beings.

Cockroach: A cockroach has small openings on the sides of its body called spiracles. Insects have a network of air tubes called tracheae for gas exchange.

Earthworm: Earthworms breathe through their skins. The skin of an earthworm feels moist and slimy. Gases can easily pass through them.

Frogs have a pair of lungs but can also breathe through their moist and slippery skin.

6.6 Breathing Under Water
Fish have gills, which help them to use oxygen dissolved in water. Gills are projections of the skin and are well supplied with blood vessels for exchange of gases.

6.7 Do Plants Also Respire?
Plants also respire for their survival. They take in oxygen from the air and give out carbon dioxide. In plants, each part can independently take in oxygen and give out carbon dioxide. Leaves have tiny pores called stomata for exchange of gases. Roots also take up air from the air spaces present between the soil particles.", List the similarities between aerobic and anaerobic respiration.,"In both aerobic and anaerobic respiration, food particles are broken down to release energy.

Both processes occur inside the cells.

Both produce by-products as a result of the breakdown of food."
"One day Boojho was eagerly waiting to meet his grandparents who were coming to the town after a year. He was in a real hurry as he wanted to receive them at the bus-stop. He ran fast and reached the bus-stop in a few minutes. He was breathing rapidly. His grandmother asked him why he was breathing so fast. Boojho told her that he came running all the way. But the question got stuck in his mind. He wondered why running makes a person breathe faster. The answer to Boojho’s question lies in understanding why we breathe. Breathing is a part of respiration.

6.1 Why Do We Respire?
In Chapter 2 you learnt that all organisms are made of small microscopic units called cells. A cell is the smallest structural and functional unit of an organism. Each cell of an organism performs certain functions such as nutrition, transport, excretion and reproduction. To perform these functions, the cell needs energy. Even when we are eating, sleeping or reading we require energy. But, where does this energy come from? Can you say why your parents insist that you should eat regularly? The food has stored energy, which is released during respiration. Therefore, all living organisms respire to get energy from food.

During breathing, we breathe in air. You know that air contains oxygen. We breathe out air which is rich in carbon dioxide. The air we breathe in is transported to all parts of the body and ultimately to each cell. In the cells, oxygen in the air helps in the breakdown of food. The process of breakdown of food in the cell with the release of energy is called cellular respiration. Cellular respiration takes place in the cells of all organisms.

In the cell, the food (glucose) is broken down into carbon dioxide and water using oxygen. When breakdown of glucose occurs with the use of oxygen it is called aerobic respiration. Food can also be broken down, without using oxygen. This is called anaerobic respiration. Breakdown of food releases energy.

There are some organisms such as yeast that can survive in the absence of air. They are called anaerobes. They get energy through anaerobic respiration. In the absence of oxygen, glucose breaks down into alcohol and carbon dioxide.

Yeasts are single-celled organisms. They respire anaerobically and during this process yield alcohol. They are, therefore, used to make wine and beer. Our muscle cells can also respire anaerobically, but only for a short time, when there is a temporary deficiency of oxygen. During heavy exercise, fast running, cycling, walking for many hours or heavy weight lifting, the demand for energy is high, but the supply of oxygen to produce the energy is limited. Then anaerobic respiration takes place in the muscle cells to fulfil the demand of energy. In muscles, glucose breaks down into lactic acid and energy.

Muscle cramps occur when muscle cells respire anaerobically. The partial breakdown of glucose produces lactic acid. The accumulation of lactic acid causes muscle cramps. We get relief from cramps after a hot water bath or a massage. Hot water bath or massage improves circulation of blood. As a result, the supply of oxygen to the muscle cells increases. The increase in the supply of oxygen results in the complete breakdown of lactic acid into carbon dioxide and water.

6.2 Breathing
Breathing means taking in air rich in oxygen and giving out air rich in carbon dioxide with the help of respiratory organs. The taking in of air rich in oxygen into the body is called inhalation and giving out of air rich in carbon dioxide is known as exhalation. It is a continuous process which goes on all the time and throughout the life of an organism.

The number of times a person breathes in a minute is termed as the breathing rate. During breathing inhalation and exhalation take place alternately. A breath means one inhalation plus one exhalation.

On an average, an adult human being at rest breathes in and out 15–18 times in a minute. During heavy exercise, the breathing rate can increase up to 25 times per minute. While we exercise, not only do we breathe fast, we also take deep breaths and thus inhale more oxygen.

Whenever a person needs extra energy, he or she breathes faster. As a result more oxygen is supplied to the cells. It speeds up the breakdown of food and more energy is released.

6.3 How Do We Breathe?
Normally we take in air through our nostrils. When we inhale air, it passes through our nostrils into the nasal cavity. From the nasal cavity, the air reaches our lungs through the windpipe. Lungs are present in the chest cavity. This cavity is surrounded by ribs on the sides. A large, muscular sheet called diaphragm forms the floor of the chest cavity. Breathing involves the movement of the diaphragm and the rib cage.

During inhalation, ribs move up and outwards and diaphragm moves down. This movement increases space in the chest cavity and air rushes into the lungs. The lungs get filled with air.

During exhalation, ribs move down and inwards, while diaphragm moves up to its former position. This reduces the size of the chest cavity and air is pushed out of the lungs.

The air around us has various types of unwanted particles, such as smoke, dust, pollens, etc. When we inhale, the particles get trapped in the hair present in our nasal cavity. However, sometimes these particles may get past the hair in the nasal cavity. This may irritate the lining of the cavity, as a result of which we sneeze. Sneezing expels these foreign particles from the inhaled air and a dust-free, clean air enters our body.

6.4 What Do We Breathe Out?
The percentage of oxygen and carbon dioxide in inhaled and exhaled air:

Inhaled air: 21% oxygen, 0.04% carbon dioxide

Exhaled air: 16.4% oxygen, 4.4% carbon dioxide

6.5 Breathing in Other Animals
Animals such as elephants, lions, cows, goats, frogs, lizards, snakes, and birds have lungs in their chest cavities like human beings.

Cockroach: A cockroach has small openings on the sides of its body called spiracles. Insects have a network of air tubes called tracheae for gas exchange.

Earthworm: Earthworms breathe through their skins. The skin of an earthworm feels moist and slimy. Gases can easily pass through them.

Frogs have a pair of lungs but can also breathe through their moist and slippery skin.

6.6 Breathing Under Water
Fish have gills, which help them to use oxygen dissolved in water. Gills are projections of the skin and are well supplied with blood vessels for exchange of gases.

6.7 Do Plants Also Respire?
Plants also respire for their survival. They take in oxygen from the air and give out carbon dioxide. In plants, each part can independently take in oxygen and give out carbon dioxide. Leaves have tiny pores called stomata for exchange of gases. Roots also take up air from the air spaces present between the soil particles.", List the differences between aerobic and anaerobic respiration.,"Aerobic Respiration	Anaerobic Respiration
Takes place in the presence of oxygen	Takes place in the absence of oxygen
End products are carbon dioxide and water	End products are carbon dioxide and alcohol
Produces a large amount of energy	Produces less energy compared to aerobic
Occurs in most plants and animals	Occurs in yeast and some bacteria"
"One day Boojho was eagerly waiting to meet his grandparents who were coming to the town after a year. He was in a real hurry as he wanted to receive them at the bus-stop. He ran fast and reached the bus-stop in a few minutes. He was breathing rapidly. His grandmother asked him why he was breathing so fast. Boojho told her that he came running all the way. But the question got stuck in his mind. He wondered why running makes a person breathe faster. The answer to Boojho’s question lies in understanding why we breathe. Breathing is a part of respiration.

6.1 Why Do We Respire?
In Chapter 2 you learnt that all organisms are made of small microscopic units called cells. A cell is the smallest structural and functional unit of an organism. Each cell of an organism performs certain functions such as nutrition, transport, excretion and reproduction. To perform these functions, the cell needs energy. Even when we are eating, sleeping or reading we require energy. But, where does this energy come from? Can you say why your parents insist that you should eat regularly? The food has stored energy, which is released during respiration. Therefore, all living organisms respire to get energy from food.

During breathing, we breathe in air. You know that air contains oxygen. We breathe out air which is rich in carbon dioxide. The air we breathe in is transported to all parts of the body and ultimately to each cell. In the cells, oxygen in the air helps in the breakdown of food. The process of breakdown of food in the cell with the release of energy is called cellular respiration. Cellular respiration takes place in the cells of all organisms.

In the cell, the food (glucose) is broken down into carbon dioxide and water using oxygen. When breakdown of glucose occurs with the use of oxygen it is called aerobic respiration. Food can also be broken down, without using oxygen. This is called anaerobic respiration. Breakdown of food releases energy.

There are some organisms such as yeast that can survive in the absence of air. They are called anaerobes. They get energy through anaerobic respiration. In the absence of oxygen, glucose breaks down into alcohol and carbon dioxide.

Yeasts are single-celled organisms. They respire anaerobically and during this process yield alcohol. They are, therefore, used to make wine and beer. Our muscle cells can also respire anaerobically, but only for a short time, when there is a temporary deficiency of oxygen. During heavy exercise, fast running, cycling, walking for many hours or heavy weight lifting, the demand for energy is high, but the supply of oxygen to produce the energy is limited. Then anaerobic respiration takes place in the muscle cells to fulfil the demand of energy. In muscles, glucose breaks down into lactic acid and energy.

Muscle cramps occur when muscle cells respire anaerobically. The partial breakdown of glucose produces lactic acid. The accumulation of lactic acid causes muscle cramps. We get relief from cramps after a hot water bath or a massage. Hot water bath or massage improves circulation of blood. As a result, the supply of oxygen to the muscle cells increases. The increase in the supply of oxygen results in the complete breakdown of lactic acid into carbon dioxide and water.

6.2 Breathing
Breathing means taking in air rich in oxygen and giving out air rich in carbon dioxide with the help of respiratory organs. The taking in of air rich in oxygen into the body is called inhalation and giving out of air rich in carbon dioxide is known as exhalation. It is a continuous process which goes on all the time and throughout the life of an organism.

The number of times a person breathes in a minute is termed as the breathing rate. During breathing inhalation and exhalation take place alternately. A breath means one inhalation plus one exhalation.

On an average, an adult human being at rest breathes in and out 15–18 times in a minute. During heavy exercise, the breathing rate can increase up to 25 times per minute. While we exercise, not only do we breathe fast, we also take deep breaths and thus inhale more oxygen.

Whenever a person needs extra energy, he or she breathes faster. As a result more oxygen is supplied to the cells. It speeds up the breakdown of food and more energy is released.

6.3 How Do We Breathe?
Normally we take in air through our nostrils. When we inhale air, it passes through our nostrils into the nasal cavity. From the nasal cavity, the air reaches our lungs through the windpipe. Lungs are present in the chest cavity. This cavity is surrounded by ribs on the sides. A large, muscular sheet called diaphragm forms the floor of the chest cavity. Breathing involves the movement of the diaphragm and the rib cage.

During inhalation, ribs move up and outwards and diaphragm moves down. This movement increases space in the chest cavity and air rushes into the lungs. The lungs get filled with air.

During exhalation, ribs move down and inwards, while diaphragm moves up to its former position. This reduces the size of the chest cavity and air is pushed out of the lungs.

The air around us has various types of unwanted particles, such as smoke, dust, pollens, etc. When we inhale, the particles get trapped in the hair present in our nasal cavity. However, sometimes these particles may get past the hair in the nasal cavity. This may irritate the lining of the cavity, as a result of which we sneeze. Sneezing expels these foreign particles from the inhaled air and a dust-free, clean air enters our body.

6.4 What Do We Breathe Out?
The percentage of oxygen and carbon dioxide in inhaled and exhaled air:

Inhaled air: 21% oxygen, 0.04% carbon dioxide

Exhaled air: 16.4% oxygen, 4.4% carbon dioxide

6.5 Breathing in Other Animals
Animals such as elephants, lions, cows, goats, frogs, lizards, snakes, and birds have lungs in their chest cavities like human beings.

Cockroach: A cockroach has small openings on the sides of its body called spiracles. Insects have a network of air tubes called tracheae for gas exchange.

Earthworm: Earthworms breathe through their skins. The skin of an earthworm feels moist and slimy. Gases can easily pass through them.

Frogs have a pair of lungs but can also breathe through their moist and slippery skin.

6.6 Breathing Under Water
Fish have gills, which help them to use oxygen dissolved in water. Gills are projections of the skin and are well supplied with blood vessels for exchange of gases.

6.7 Do Plants Also Respire?
Plants also respire for their survival. They take in oxygen from the air and give out carbon dioxide. In plants, each part can independently take in oxygen and give out carbon dioxide. Leaves have tiny pores called stomata for exchange of gases. Roots also take up air from the air spaces present between the soil particles.",Why do we often sneeze when we inhale a lot of dust-laden air?,"When we inhale dust-laden air, the dust particles irritate the lining of the nose. As a reflex action, sneezing helps expel the dust and other foreign particles from the respiratory tract."
"One day Boojho was eagerly waiting to meet his grandparents who were coming to the town after a year. He was in a real hurry as he wanted to receive them at the bus-stop. He ran fast and reached the bus-stop in a few minutes. He was breathing rapidly. His grandmother asked him why he was breathing so fast. Boojho told her that he came running all the way. But the question got stuck in his mind. He wondered why running makes a person breathe faster. The answer to Boojho’s question lies in understanding why we breathe. Breathing is a part of respiration.

6.1 Why Do We Respire?
In Chapter 2 you learnt that all organisms are made of small microscopic units called cells. A cell is the smallest structural and functional unit of an organism. Each cell of an organism performs certain functions such as nutrition, transport, excretion and reproduction. To perform these functions, the cell needs energy. Even when we are eating, sleeping or reading we require energy. But, where does this energy come from? Can you say why your parents insist that you should eat regularly? The food has stored energy, which is released during respiration. Therefore, all living organisms respire to get energy from food.

During breathing, we breathe in air. You know that air contains oxygen. We breathe out air which is rich in carbon dioxide. The air we breathe in is transported to all parts of the body and ultimately to each cell. In the cells, oxygen in the air helps in the breakdown of food. The process of breakdown of food in the cell with the release of energy is called cellular respiration. Cellular respiration takes place in the cells of all organisms.

In the cell, the food (glucose) is broken down into carbon dioxide and water using oxygen. When breakdown of glucose occurs with the use of oxygen it is called aerobic respiration. Food can also be broken down, without using oxygen. This is called anaerobic respiration. Breakdown of food releases energy.

There are some organisms such as yeast that can survive in the absence of air. They are called anaerobes. They get energy through anaerobic respiration. In the absence of oxygen, glucose breaks down into alcohol and carbon dioxide.

Yeasts are single-celled organisms. They respire anaerobically and during this process yield alcohol. They are, therefore, used to make wine and beer. Our muscle cells can also respire anaerobically, but only for a short time, when there is a temporary deficiency of oxygen. During heavy exercise, fast running, cycling, walking for many hours or heavy weight lifting, the demand for energy is high, but the supply of oxygen to produce the energy is limited. Then anaerobic respiration takes place in the muscle cells to fulfil the demand of energy. In muscles, glucose breaks down into lactic acid and energy.

Muscle cramps occur when muscle cells respire anaerobically. The partial breakdown of glucose produces lactic acid. The accumulation of lactic acid causes muscle cramps. We get relief from cramps after a hot water bath or a massage. Hot water bath or massage improves circulation of blood. As a result, the supply of oxygen to the muscle cells increases. The increase in the supply of oxygen results in the complete breakdown of lactic acid into carbon dioxide and water.

6.2 Breathing
Breathing means taking in air rich in oxygen and giving out air rich in carbon dioxide with the help of respiratory organs. The taking in of air rich in oxygen into the body is called inhalation and giving out of air rich in carbon dioxide is known as exhalation. It is a continuous process which goes on all the time and throughout the life of an organism.

The number of times a person breathes in a minute is termed as the breathing rate. During breathing inhalation and exhalation take place alternately. A breath means one inhalation plus one exhalation.

On an average, an adult human being at rest breathes in and out 15–18 times in a minute. During heavy exercise, the breathing rate can increase up to 25 times per minute. While we exercise, not only do we breathe fast, we also take deep breaths and thus inhale more oxygen.

Whenever a person needs extra energy, he or she breathes faster. As a result more oxygen is supplied to the cells. It speeds up the breakdown of food and more energy is released.

6.3 How Do We Breathe?
Normally we take in air through our nostrils. When we inhale air, it passes through our nostrils into the nasal cavity. From the nasal cavity, the air reaches our lungs through the windpipe. Lungs are present in the chest cavity. This cavity is surrounded by ribs on the sides. A large, muscular sheet called diaphragm forms the floor of the chest cavity. Breathing involves the movement of the diaphragm and the rib cage.

During inhalation, ribs move up and outwards and diaphragm moves down. This movement increases space in the chest cavity and air rushes into the lungs. The lungs get filled with air.

During exhalation, ribs move down and inwards, while diaphragm moves up to its former position. This reduces the size of the chest cavity and air is pushed out of the lungs.

The air around us has various types of unwanted particles, such as smoke, dust, pollens, etc. When we inhale, the particles get trapped in the hair present in our nasal cavity. However, sometimes these particles may get past the hair in the nasal cavity. This may irritate the lining of the cavity, as a result of which we sneeze. Sneezing expels these foreign particles from the inhaled air and a dust-free, clean air enters our body.

6.4 What Do We Breathe Out?
The percentage of oxygen and carbon dioxide in inhaled and exhaled air:

Inhaled air: 21% oxygen, 0.04% carbon dioxide

Exhaled air: 16.4% oxygen, 4.4% carbon dioxide

6.5 Breathing in Other Animals
Animals such as elephants, lions, cows, goats, frogs, lizards, snakes, and birds have lungs in their chest cavities like human beings.

Cockroach: A cockroach has small openings on the sides of its body called spiracles. Insects have a network of air tubes called tracheae for gas exchange.

Earthworm: Earthworms breathe through their skins. The skin of an earthworm feels moist and slimy. Gases can easily pass through them.

Frogs have a pair of lungs but can also breathe through their moist and slippery skin.

6.6 Breathing Under Water
Fish have gills, which help them to use oxygen dissolved in water. Gills are projections of the skin and are well supplied with blood vessels for exchange of gases.

6.7 Do Plants Also Respire?
Plants also respire for their survival. They take in oxygen from the air and give out carbon dioxide. In plants, each part can independently take in oxygen and give out carbon dioxide. Leaves have tiny pores called stomata for exchange of gases. Roots also take up air from the air spaces present between the soil particles."," Take three test-tubes. Fill 3/4th of each with water. Label them A, B and C. Keep a snail in test-tube A, a water plant in test-tube B and in C, keep snail and plant both. Which test-tube would have the highest concentration of CO₂?","Test tube A will have the highest concentration of CO₂ because it contains a snail, which expels CO₂ into the water. In test tubes B and C, the water plant will utilize CO₂ for photosynthesis, reducing its concentration."
"One day Boojho was eagerly waiting to meet his grandparents who were coming to the town after a year. He was in a real hurry as he wanted to receive them at the bus-stop. He ran fast and reached the bus-stop in a few minutes. He was breathing rapidly. His grandmother asked him why he was breathing so fast. Boojho told her that he came running all the way. But the question got stuck in his mind. He wondered why running makes a person breathe faster. The answer to Boojho’s question lies in understanding why we breathe. Breathing is a part of respiration.

6.1 Why Do We Respire?
In Chapter 2 you learnt that all organisms are made of small microscopic units called cells. A cell is the smallest structural and functional unit of an organism. Each cell of an organism performs certain functions such as nutrition, transport, excretion and reproduction. To perform these functions, the cell needs energy. Even when we are eating, sleeping or reading we require energy. But, where does this energy come from? Can you say why your parents insist that you should eat regularly? The food has stored energy, which is released during respiration. Therefore, all living organisms respire to get energy from food.

During breathing, we breathe in air. You know that air contains oxygen. We breathe out air which is rich in carbon dioxide. The air we breathe in is transported to all parts of the body and ultimately to each cell. In the cells, oxygen in the air helps in the breakdown of food. The process of breakdown of food in the cell with the release of energy is called cellular respiration. Cellular respiration takes place in the cells of all organisms.

In the cell, the food (glucose) is broken down into carbon dioxide and water using oxygen. When breakdown of glucose occurs with the use of oxygen it is called aerobic respiration. Food can also be broken down, without using oxygen. This is called anaerobic respiration. Breakdown of food releases energy.

There are some organisms such as yeast that can survive in the absence of air. They are called anaerobes. They get energy through anaerobic respiration. In the absence of oxygen, glucose breaks down into alcohol and carbon dioxide.

Yeasts are single-celled organisms. They respire anaerobically and during this process yield alcohol. They are, therefore, used to make wine and beer. Our muscle cells can also respire anaerobically, but only for a short time, when there is a temporary deficiency of oxygen. During heavy exercise, fast running, cycling, walking for many hours or heavy weight lifting, the demand for energy is high, but the supply of oxygen to produce the energy is limited. Then anaerobic respiration takes place in the muscle cells to fulfil the demand of energy. In muscles, glucose breaks down into lactic acid and energy.

Muscle cramps occur when muscle cells respire anaerobically. The partial breakdown of glucose produces lactic acid. The accumulation of lactic acid causes muscle cramps. We get relief from cramps after a hot water bath or a massage. Hot water bath or massage improves circulation of blood. As a result, the supply of oxygen to the muscle cells increases. The increase in the supply of oxygen results in the complete breakdown of lactic acid into carbon dioxide and water.

6.2 Breathing
Breathing means taking in air rich in oxygen and giving out air rich in carbon dioxide with the help of respiratory organs. The taking in of air rich in oxygen into the body is called inhalation and giving out of air rich in carbon dioxide is known as exhalation. It is a continuous process which goes on all the time and throughout the life of an organism.

The number of times a person breathes in a minute is termed as the breathing rate. During breathing inhalation and exhalation take place alternately. A breath means one inhalation plus one exhalation.

On an average, an adult human being at rest breathes in and out 15–18 times in a minute. During heavy exercise, the breathing rate can increase up to 25 times per minute. While we exercise, not only do we breathe fast, we also take deep breaths and thus inhale more oxygen.

Whenever a person needs extra energy, he or she breathes faster. As a result more oxygen is supplied to the cells. It speeds up the breakdown of food and more energy is released.

6.3 How Do We Breathe?
Normally we take in air through our nostrils. When we inhale air, it passes through our nostrils into the nasal cavity. From the nasal cavity, the air reaches our lungs through the windpipe. Lungs are present in the chest cavity. This cavity is surrounded by ribs on the sides. A large, muscular sheet called diaphragm forms the floor of the chest cavity. Breathing involves the movement of the diaphragm and the rib cage.

During inhalation, ribs move up and outwards and diaphragm moves down. This movement increases space in the chest cavity and air rushes into the lungs. The lungs get filled with air.

During exhalation, ribs move down and inwards, while diaphragm moves up to its former position. This reduces the size of the chest cavity and air is pushed out of the lungs.

The air around us has various types of unwanted particles, such as smoke, dust, pollens, etc. When we inhale, the particles get trapped in the hair present in our nasal cavity. However, sometimes these particles may get past the hair in the nasal cavity. This may irritate the lining of the cavity, as a result of which we sneeze. Sneezing expels these foreign particles from the inhaled air and a dust-free, clean air enters our body.

6.4 What Do We Breathe Out?
The percentage of oxygen and carbon dioxide in inhaled and exhaled air:

Inhaled air: 21% oxygen, 0.04% carbon dioxide

Exhaled air: 16.4% oxygen, 4.4% carbon dioxide

6.5 Breathing in Other Animals
Animals such as elephants, lions, cows, goats, frogs, lizards, snakes, and birds have lungs in their chest cavities like human beings.

Cockroach: A cockroach has small openings on the sides of its body called spiracles. Insects have a network of air tubes called tracheae for gas exchange.

Earthworm: Earthworms breathe through their skins. The skin of an earthworm feels moist and slimy. Gases can easily pass through them.

Frogs have a pair of lungs but can also breathe through their moist and slippery skin.

6.6 Breathing Under Water
Fish have gills, which help them to use oxygen dissolved in water. Gills are projections of the skin and are well supplied with blood vessels for exchange of gases.

6.7 Do Plants Also Respire?
Plants also respire for their survival. They take in oxygen from the air and give out carbon dioxide. In plants, each part can independently take in oxygen and give out carbon dioxide. Leaves have tiny pores called stomata for exchange of gases. Roots also take up air from the air spaces present between the soil particles.","Observe fish in an aquarium. You will find flap-like structures on both sides of their heads. These are flaps which cover the gills. These flaps open and close alternately. On the basis of these observations, explain the process of respiration in the fish.","Fish breathe by taking in water through their mouths. The water passes over the gills, which are covered by flap-like structures called opercula. The gills extract dissolved oxygen from the water, and the flaps help in the intake and exit of water. The oxygen is absorbed into the blood, and carbon dioxide is expelled, enabling respiration in fish."
"All organisms need food, water, and oxygen for survival. They need to transport all these to various parts of their body. Animals also need to transport wastes to parts from where they can be removed. The heart and the blood vessels function to transport substances and together form the circulatory system.

7.1 Circulatory System
Blood is the fluid that flows in blood vessels. It transports substances like digested food from the small intestine to other parts of the body, carries oxygen from the lungs to the cells, and transports waste for removal from the body. Blood is composed of plasma, in which different types of cells are suspended.

Red blood cells (RBC) contain a red pigment called haemoglobin. Haemoglobin binds with oxygen and transports it to all the parts of the body. Without haemoglobin, it would be difficult to provide oxygen efficiently to all cells. The presence of haemoglobin makes blood appear red. Blood also contains white blood cells (WBC), which fight against germs that may enter the body. Platelets are another type of cell present in blood; they help in the clotting of blood.

There are two types of blood vessels: arteries and veins. Arteries carry oxygen-rich blood from the heart to all parts of the body; they have thick elastic walls because the blood flow is rapid and at high pressure. The throbbing movement felt at certain points, called pulse, is due to blood flowing in the arteries. The number of beats per minute is called the pulse rate, typically between 72 and 80 per minute in a resting person.

Veins carry carbon dioxide-rich blood from all parts of the body back to the heart. Veins have thin walls and valves that allow blood to flow only towards the heart.

On reaching the tissues, arteries divide further into capillaries, which are extremely thin tubes. Capillaries join to form veins, which empty into the heart.

The heart is an organ that beats continuously to act as a pump for the transport of blood. The heart is located in the chest cavity, slightly towards the left. It is roughly the size of one’s fist. The heart has four chambers: two upper chambers called the atria and two lower chambers called the ventricles. The partition between the chambers prevents mixing of oxygen-rich and carbon dioxide-rich blood.

The walls of the heart chambers are made up of muscles that contract and relax rhythmically, constituting a heartbeat. This rhythmic beating helps maintain circulation and the transport of substances. Each heartbeat generates one pulse in the arteries; hence, the pulse rate per minute indicates the rate of heartbeat.

Some animals, such as sponges and Hydra, do not possess a circulatory system. Water in which they live brings food and oxygen as it enters their bodies and carries away waste materials, so they do not need a circulatory fluid like blood.

7.2 Excretion in Animals
When cells perform their functions, waste products are released, which are toxic and need to be removed. The process of removal of wastes produced in the cells is called excretion. The parts involved form the excretory system.

In humans, the blood contains both useful and harmful substances. The kidneys filter the blood: useful substances are absorbed back, and wastes dissolved in water are removed as urine. From the kidneys, urine goes to the urinary bladder through ureters and is passed out through the urethra. The kidneys, ureters, bladder, and urethra form the excretory system.

An adult human normally passes about 1–1.8 litres of urine in 24 hours. Urine consists of about 95% water, 2.5% urea and 2.5% other waste products. We also sweat, which contains water and salts. Sweat helps to cool the body by evaporation.

The method of excretion in animals depends on the availability of water. Aquatic animals excrete waste as ammonia, which dissolves in water. Some land animals, such as birds, lizards, and snakes, excrete uric acid in semi-solid form. In humans, urea is the main excretory product.

If the kidneys stop working due to illness or injury, wastes accumulate and artificial filtration (dialysis) is required.

7.3 Transport of Substances in Plants
Plants absorb water and minerals from the soil through the roots, which have root hairs to increase the surface area for absorption. Water moves into the root hairs from the soil. Water and minerals are transported by special pipe-like vessels made of cells forming vascular tissue called xylem. The xylem connects roots to leaves through the stem and branches.

Leaves synthesise food, which must be carried to all parts of the plant. This is done by the vascular tissue called phloem. Thus, xylem and phloem transport substances in plants.

Plants release a lot of water by transpiration. Not all absorbed water is used; the rest evaporates through stomata. The evaporation creates a suction pull, which can move water to great heights in tall trees. Transpiration also cools the plant.

Main Points:

In animals, blood circulates to distribute food and oxygen and to remove wastes.

The circulatory system consists of the heart and blood vessels.

Blood is made of plasma, RBC, WBC, and platelets; haemoglobin makes blood red.

The heart pumps blood through arteries and veins.

Excretion in humans is done by kidneys, ureters, urinary bladder, and urethra.

Plants use xylem for water and minerals and phloem for transporting food.

Transpiration pulls water up and cools the plant.",Why is transport of materials necessary in a plant or in an animal? Explain.,"Transport of materials is essential in both plants and animals because every cell requires a continuous supply of nutrients and oxygen for survival and energy production through respiration. Food and oxygen must be delivered to all cells, and waste products like carbon dioxide need to be removed efficiently. In animals, a specialized transport system (blood vessels and heart) handles these functions, while in plants, vascular tissues called xylem and phloem transport water, minerals, and food throughout the plant."
"All organisms need food, water, and oxygen for survival. They need to transport all these to various parts of their body. Animals also need to transport wastes to parts from where they can be removed. The heart and the blood vessels function to transport substances and together form the circulatory system.

7.1 Circulatory System
Blood is the fluid that flows in blood vessels. It transports substances like digested food from the small intestine to other parts of the body, carries oxygen from the lungs to the cells, and transports waste for removal from the body. Blood is composed of plasma, in which different types of cells are suspended.

Red blood cells (RBC) contain a red pigment called haemoglobin. Haemoglobin binds with oxygen and transports it to all the parts of the body. Without haemoglobin, it would be difficult to provide oxygen efficiently to all cells. The presence of haemoglobin makes blood appear red. Blood also contains white blood cells (WBC), which fight against germs that may enter the body. Platelets are another type of cell present in blood; they help in the clotting of blood.

There are two types of blood vessels: arteries and veins. Arteries carry oxygen-rich blood from the heart to all parts of the body; they have thick elastic walls because the blood flow is rapid and at high pressure. The throbbing movement felt at certain points, called pulse, is due to blood flowing in the arteries. The number of beats per minute is called the pulse rate, typically between 72 and 80 per minute in a resting person.

Veins carry carbon dioxide-rich blood from all parts of the body back to the heart. Veins have thin walls and valves that allow blood to flow only towards the heart.

On reaching the tissues, arteries divide further into capillaries, which are extremely thin tubes. Capillaries join to form veins, which empty into the heart.

The heart is an organ that beats continuously to act as a pump for the transport of blood. The heart is located in the chest cavity, slightly towards the left. It is roughly the size of one’s fist. The heart has four chambers: two upper chambers called the atria and two lower chambers called the ventricles. The partition between the chambers prevents mixing of oxygen-rich and carbon dioxide-rich blood.

The walls of the heart chambers are made up of muscles that contract and relax rhythmically, constituting a heartbeat. This rhythmic beating helps maintain circulation and the transport of substances. Each heartbeat generates one pulse in the arteries; hence, the pulse rate per minute indicates the rate of heartbeat.

Some animals, such as sponges and Hydra, do not possess a circulatory system. Water in which they live brings food and oxygen as it enters their bodies and carries away waste materials, so they do not need a circulatory fluid like blood.

7.2 Excretion in Animals
When cells perform their functions, waste products are released, which are toxic and need to be removed. The process of removal of wastes produced in the cells is called excretion. The parts involved form the excretory system.

In humans, the blood contains both useful and harmful substances. The kidneys filter the blood: useful substances are absorbed back, and wastes dissolved in water are removed as urine. From the kidneys, urine goes to the urinary bladder through ureters and is passed out through the urethra. The kidneys, ureters, bladder, and urethra form the excretory system.

An adult human normally passes about 1–1.8 litres of urine in 24 hours. Urine consists of about 95% water, 2.5% urea and 2.5% other waste products. We also sweat, which contains water and salts. Sweat helps to cool the body by evaporation.

The method of excretion in animals depends on the availability of water. Aquatic animals excrete waste as ammonia, which dissolves in water. Some land animals, such as birds, lizards, and snakes, excrete uric acid in semi-solid form. In humans, urea is the main excretory product.

If the kidneys stop working due to illness or injury, wastes accumulate and artificial filtration (dialysis) is required.

7.3 Transport of Substances in Plants
Plants absorb water and minerals from the soil through the roots, which have root hairs to increase the surface area for absorption. Water moves into the root hairs from the soil. Water and minerals are transported by special pipe-like vessels made of cells forming vascular tissue called xylem. The xylem connects roots to leaves through the stem and branches.

Leaves synthesise food, which must be carried to all parts of the plant. This is done by the vascular tissue called phloem. Thus, xylem and phloem transport substances in plants.

Plants release a lot of water by transpiration. Not all absorbed water is used; the rest evaporates through stomata. The evaporation creates a suction pull, which can move water to great heights in tall trees. Transpiration also cools the plant.

Main Points:

In animals, blood circulates to distribute food and oxygen and to remove wastes.

The circulatory system consists of the heart and blood vessels.

Blood is made of plasma, RBC, WBC, and platelets; haemoglobin makes blood red.

The heart pumps blood through arteries and veins.

Excretion in humans is done by kidneys, ureters, urinary bladder, and urethra.

Plants use xylem for water and minerals and phloem for transporting food.

Transpiration pulls water up and cools the plant.",What will happen if there are no platelets in the blood?,"If there are no platelets in the blood, it will not clot after an injury because platelets release blood clotting factors at the site of injury. Without clotting, even minor wounds could lead to excessive bleeding."
"All organisms need food, water, and oxygen for survival. They need to transport all these to various parts of their body. Animals also need to transport wastes to parts from where they can be removed. The heart and the blood vessels function to transport substances and together form the circulatory system.

7.1 Circulatory System
Blood is the fluid that flows in blood vessels. It transports substances like digested food from the small intestine to other parts of the body, carries oxygen from the lungs to the cells, and transports waste for removal from the body. Blood is composed of plasma, in which different types of cells are suspended.

Red blood cells (RBC) contain a red pigment called haemoglobin. Haemoglobin binds with oxygen and transports it to all the parts of the body. Without haemoglobin, it would be difficult to provide oxygen efficiently to all cells. The presence of haemoglobin makes blood appear red. Blood also contains white blood cells (WBC), which fight against germs that may enter the body. Platelets are another type of cell present in blood; they help in the clotting of blood.

There are two types of blood vessels: arteries and veins. Arteries carry oxygen-rich blood from the heart to all parts of the body; they have thick elastic walls because the blood flow is rapid and at high pressure. The throbbing movement felt at certain points, called pulse, is due to blood flowing in the arteries. The number of beats per minute is called the pulse rate, typically between 72 and 80 per minute in a resting person.

Veins carry carbon dioxide-rich blood from all parts of the body back to the heart. Veins have thin walls and valves that allow blood to flow only towards the heart.

On reaching the tissues, arteries divide further into capillaries, which are extremely thin tubes. Capillaries join to form veins, which empty into the heart.

The heart is an organ that beats continuously to act as a pump for the transport of blood. The heart is located in the chest cavity, slightly towards the left. It is roughly the size of one’s fist. The heart has four chambers: two upper chambers called the atria and two lower chambers called the ventricles. The partition between the chambers prevents mixing of oxygen-rich and carbon dioxide-rich blood.

The walls of the heart chambers are made up of muscles that contract and relax rhythmically, constituting a heartbeat. This rhythmic beating helps maintain circulation and the transport of substances. Each heartbeat generates one pulse in the arteries; hence, the pulse rate per minute indicates the rate of heartbeat.

Some animals, such as sponges and Hydra, do not possess a circulatory system. Water in which they live brings food and oxygen as it enters their bodies and carries away waste materials, so they do not need a circulatory fluid like blood.

7.2 Excretion in Animals
When cells perform their functions, waste products are released, which are toxic and need to be removed. The process of removal of wastes produced in the cells is called excretion. The parts involved form the excretory system.

In humans, the blood contains both useful and harmful substances. The kidneys filter the blood: useful substances are absorbed back, and wastes dissolved in water are removed as urine. From the kidneys, urine goes to the urinary bladder through ureters and is passed out through the urethra. The kidneys, ureters, bladder, and urethra form the excretory system.

An adult human normally passes about 1–1.8 litres of urine in 24 hours. Urine consists of about 95% water, 2.5% urea and 2.5% other waste products. We also sweat, which contains water and salts. Sweat helps to cool the body by evaporation.

The method of excretion in animals depends on the availability of water. Aquatic animals excrete waste as ammonia, which dissolves in water. Some land animals, such as birds, lizards, and snakes, excrete uric acid in semi-solid form. In humans, urea is the main excretory product.

If the kidneys stop working due to illness or injury, wastes accumulate and artificial filtration (dialysis) is required.

7.3 Transport of Substances in Plants
Plants absorb water and minerals from the soil through the roots, which have root hairs to increase the surface area for absorption. Water moves into the root hairs from the soil. Water and minerals are transported by special pipe-like vessels made of cells forming vascular tissue called xylem. The xylem connects roots to leaves through the stem and branches.

Leaves synthesise food, which must be carried to all parts of the plant. This is done by the vascular tissue called phloem. Thus, xylem and phloem transport substances in plants.

Plants release a lot of water by transpiration. Not all absorbed water is used; the rest evaporates through stomata. The evaporation creates a suction pull, which can move water to great heights in tall trees. Transpiration also cools the plant.

Main Points:

In animals, blood circulates to distribute food and oxygen and to remove wastes.

The circulatory system consists of the heart and blood vessels.

Blood is made of plasma, RBC, WBC, and platelets; haemoglobin makes blood red.

The heart pumps blood through arteries and veins.

Excretion in humans is done by kidneys, ureters, urinary bladder, and urethra.

Plants use xylem for water and minerals and phloem for transporting food.

Transpiration pulls water up and cools the plant.", What are stomata? Give two functions of stomata.,"Stomata are tiny pores found on the surface of leaves.
Functions of stomata:

Facilitate the exchange of gases (oxygen and carbon dioxide) between the plant and the environment.

Enable evaporation of water from leaves (transpiration)."
"All organisms need food, water, and oxygen for survival. They need to transport all these to various parts of their body. Animals also need to transport wastes to parts from where they can be removed. The heart and the blood vessels function to transport substances and together form the circulatory system.

7.1 Circulatory System
Blood is the fluid that flows in blood vessels. It transports substances like digested food from the small intestine to other parts of the body, carries oxygen from the lungs to the cells, and transports waste for removal from the body. Blood is composed of plasma, in which different types of cells are suspended.

Red blood cells (RBC) contain a red pigment called haemoglobin. Haemoglobin binds with oxygen and transports it to all the parts of the body. Without haemoglobin, it would be difficult to provide oxygen efficiently to all cells. The presence of haemoglobin makes blood appear red. Blood also contains white blood cells (WBC), which fight against germs that may enter the body. Platelets are another type of cell present in blood; they help in the clotting of blood.

There are two types of blood vessels: arteries and veins. Arteries carry oxygen-rich blood from the heart to all parts of the body; they have thick elastic walls because the blood flow is rapid and at high pressure. The throbbing movement felt at certain points, called pulse, is due to blood flowing in the arteries. The number of beats per minute is called the pulse rate, typically between 72 and 80 per minute in a resting person.

Veins carry carbon dioxide-rich blood from all parts of the body back to the heart. Veins have thin walls and valves that allow blood to flow only towards the heart.

On reaching the tissues, arteries divide further into capillaries, which are extremely thin tubes. Capillaries join to form veins, which empty into the heart.

The heart is an organ that beats continuously to act as a pump for the transport of blood. The heart is located in the chest cavity, slightly towards the left. It is roughly the size of one’s fist. The heart has four chambers: two upper chambers called the atria and two lower chambers called the ventricles. The partition between the chambers prevents mixing of oxygen-rich and carbon dioxide-rich blood.

The walls of the heart chambers are made up of muscles that contract and relax rhythmically, constituting a heartbeat. This rhythmic beating helps maintain circulation and the transport of substances. Each heartbeat generates one pulse in the arteries; hence, the pulse rate per minute indicates the rate of heartbeat.

Some animals, such as sponges and Hydra, do not possess a circulatory system. Water in which they live brings food and oxygen as it enters their bodies and carries away waste materials, so they do not need a circulatory fluid like blood.

7.2 Excretion in Animals
When cells perform their functions, waste products are released, which are toxic and need to be removed. The process of removal of wastes produced in the cells is called excretion. The parts involved form the excretory system.

In humans, the blood contains both useful and harmful substances. The kidneys filter the blood: useful substances are absorbed back, and wastes dissolved in water are removed as urine. From the kidneys, urine goes to the urinary bladder through ureters and is passed out through the urethra. The kidneys, ureters, bladder, and urethra form the excretory system.

An adult human normally passes about 1–1.8 litres of urine in 24 hours. Urine consists of about 95% water, 2.5% urea and 2.5% other waste products. We also sweat, which contains water and salts. Sweat helps to cool the body by evaporation.

The method of excretion in animals depends on the availability of water. Aquatic animals excrete waste as ammonia, which dissolves in water. Some land animals, such as birds, lizards, and snakes, excrete uric acid in semi-solid form. In humans, urea is the main excretory product.

If the kidneys stop working due to illness or injury, wastes accumulate and artificial filtration (dialysis) is required.

7.3 Transport of Substances in Plants
Plants absorb water and minerals from the soil through the roots, which have root hairs to increase the surface area for absorption. Water moves into the root hairs from the soil. Water and minerals are transported by special pipe-like vessels made of cells forming vascular tissue called xylem. The xylem connects roots to leaves through the stem and branches.

Leaves synthesise food, which must be carried to all parts of the plant. This is done by the vascular tissue called phloem. Thus, xylem and phloem transport substances in plants.

Plants release a lot of water by transpiration. Not all absorbed water is used; the rest evaporates through stomata. The evaporation creates a suction pull, which can move water to great heights in tall trees. Transpiration also cools the plant.

Main Points:

In animals, blood circulates to distribute food and oxygen and to remove wastes.

The circulatory system consists of the heart and blood vessels.

Blood is made of plasma, RBC, WBC, and platelets; haemoglobin makes blood red.

The heart pumps blood through arteries and veins.

Excretion in humans is done by kidneys, ureters, urinary bladder, and urethra.

Plants use xylem for water and minerals and phloem for transporting food.

Transpiration pulls water up and cools the plant.", Does transpiration serve any useful function in the plants? Explain.,"Yes, transpiration serves several important functions in plants:

It helps lower the temperature of plants, protecting them from heat injuries.

It creates a transpiration pull, which aids in drawing water and minerals from the roots to the upper parts of tall plants.

It results in the loss of excess water absorbed by plants."
"All organisms need food, water, and oxygen for survival. They need to transport all these to various parts of their body. Animals also need to transport wastes to parts from where they can be removed. The heart and the blood vessels function to transport substances and together form the circulatory system.

7.1 Circulatory System
Blood is the fluid that flows in blood vessels. It transports substances like digested food from the small intestine to other parts of the body, carries oxygen from the lungs to the cells, and transports waste for removal from the body. Blood is composed of plasma, in which different types of cells are suspended.

Red blood cells (RBC) contain a red pigment called haemoglobin. Haemoglobin binds with oxygen and transports it to all the parts of the body. Without haemoglobin, it would be difficult to provide oxygen efficiently to all cells. The presence of haemoglobin makes blood appear red. Blood also contains white blood cells (WBC), which fight against germs that may enter the body. Platelets are another type of cell present in blood; they help in the clotting of blood.

There are two types of blood vessels: arteries and veins. Arteries carry oxygen-rich blood from the heart to all parts of the body; they have thick elastic walls because the blood flow is rapid and at high pressure. The throbbing movement felt at certain points, called pulse, is due to blood flowing in the arteries. The number of beats per minute is called the pulse rate, typically between 72 and 80 per minute in a resting person.

Veins carry carbon dioxide-rich blood from all parts of the body back to the heart. Veins have thin walls and valves that allow blood to flow only towards the heart.

On reaching the tissues, arteries divide further into capillaries, which are extremely thin tubes. Capillaries join to form veins, which empty into the heart.

The heart is an organ that beats continuously to act as a pump for the transport of blood. The heart is located in the chest cavity, slightly towards the left. It is roughly the size of one’s fist. The heart has four chambers: two upper chambers called the atria and two lower chambers called the ventricles. The partition between the chambers prevents mixing of oxygen-rich and carbon dioxide-rich blood.

The walls of the heart chambers are made up of muscles that contract and relax rhythmically, constituting a heartbeat. This rhythmic beating helps maintain circulation and the transport of substances. Each heartbeat generates one pulse in the arteries; hence, the pulse rate per minute indicates the rate of heartbeat.

Some animals, such as sponges and Hydra, do not possess a circulatory system. Water in which they live brings food and oxygen as it enters their bodies and carries away waste materials, so they do not need a circulatory fluid like blood.

7.2 Excretion in Animals
When cells perform their functions, waste products are released, which are toxic and need to be removed. The process of removal of wastes produced in the cells is called excretion. The parts involved form the excretory system.

In humans, the blood contains both useful and harmful substances. The kidneys filter the blood: useful substances are absorbed back, and wastes dissolved in water are removed as urine. From the kidneys, urine goes to the urinary bladder through ureters and is passed out through the urethra. The kidneys, ureters, bladder, and urethra form the excretory system.

An adult human normally passes about 1–1.8 litres of urine in 24 hours. Urine consists of about 95% water, 2.5% urea and 2.5% other waste products. We also sweat, which contains water and salts. Sweat helps to cool the body by evaporation.

The method of excretion in animals depends on the availability of water. Aquatic animals excrete waste as ammonia, which dissolves in water. Some land animals, such as birds, lizards, and snakes, excrete uric acid in semi-solid form. In humans, urea is the main excretory product.

If the kidneys stop working due to illness or injury, wastes accumulate and artificial filtration (dialysis) is required.

7.3 Transport of Substances in Plants
Plants absorb water and minerals from the soil through the roots, which have root hairs to increase the surface area for absorption. Water moves into the root hairs from the soil. Water and minerals are transported by special pipe-like vessels made of cells forming vascular tissue called xylem. The xylem connects roots to leaves through the stem and branches.

Leaves synthesise food, which must be carried to all parts of the plant. This is done by the vascular tissue called phloem. Thus, xylem and phloem transport substances in plants.

Plants release a lot of water by transpiration. Not all absorbed water is used; the rest evaporates through stomata. The evaporation creates a suction pull, which can move water to great heights in tall trees. Transpiration also cools the plant.

Main Points:

In animals, blood circulates to distribute food and oxygen and to remove wastes.

The circulatory system consists of the heart and blood vessels.

Blood is made of plasma, RBC, WBC, and platelets; haemoglobin makes blood red.

The heart pumps blood through arteries and veins.

Excretion in humans is done by kidneys, ureters, urinary bladder, and urethra.

Plants use xylem for water and minerals and phloem for transporting food.

Transpiration pulls water up and cools the plant.", What are the components of blood?,"The main components of blood are:

Red blood cells (RBC)

White blood cells (WBC)

Platelets

Plasma"
"All organisms need food, water, and oxygen for survival. They need to transport all these to various parts of their body. Animals also need to transport wastes to parts from where they can be removed. The heart and the blood vessels function to transport substances and together form the circulatory system.

7.1 Circulatory System
Blood is the fluid that flows in blood vessels. It transports substances like digested food from the small intestine to other parts of the body, carries oxygen from the lungs to the cells, and transports waste for removal from the body. Blood is composed of plasma, in which different types of cells are suspended.

Red blood cells (RBC) contain a red pigment called haemoglobin. Haemoglobin binds with oxygen and transports it to all the parts of the body. Without haemoglobin, it would be difficult to provide oxygen efficiently to all cells. The presence of haemoglobin makes blood appear red. Blood also contains white blood cells (WBC), which fight against germs that may enter the body. Platelets are another type of cell present in blood; they help in the clotting of blood.

There are two types of blood vessels: arteries and veins. Arteries carry oxygen-rich blood from the heart to all parts of the body; they have thick elastic walls because the blood flow is rapid and at high pressure. The throbbing movement felt at certain points, called pulse, is due to blood flowing in the arteries. The number of beats per minute is called the pulse rate, typically between 72 and 80 per minute in a resting person.

Veins carry carbon dioxide-rich blood from all parts of the body back to the heart. Veins have thin walls and valves that allow blood to flow only towards the heart.

On reaching the tissues, arteries divide further into capillaries, which are extremely thin tubes. Capillaries join to form veins, which empty into the heart.

The heart is an organ that beats continuously to act as a pump for the transport of blood. The heart is located in the chest cavity, slightly towards the left. It is roughly the size of one’s fist. The heart has four chambers: two upper chambers called the atria and two lower chambers called the ventricles. The partition between the chambers prevents mixing of oxygen-rich and carbon dioxide-rich blood.

The walls of the heart chambers are made up of muscles that contract and relax rhythmically, constituting a heartbeat. This rhythmic beating helps maintain circulation and the transport of substances. Each heartbeat generates one pulse in the arteries; hence, the pulse rate per minute indicates the rate of heartbeat.

Some animals, such as sponges and Hydra, do not possess a circulatory system. Water in which they live brings food and oxygen as it enters their bodies and carries away waste materials, so they do not need a circulatory fluid like blood.

7.2 Excretion in Animals
When cells perform their functions, waste products are released, which are toxic and need to be removed. The process of removal of wastes produced in the cells is called excretion. The parts involved form the excretory system.

In humans, the blood contains both useful and harmful substances. The kidneys filter the blood: useful substances are absorbed back, and wastes dissolved in water are removed as urine. From the kidneys, urine goes to the urinary bladder through ureters and is passed out through the urethra. The kidneys, ureters, bladder, and urethra form the excretory system.

An adult human normally passes about 1–1.8 litres of urine in 24 hours. Urine consists of about 95% water, 2.5% urea and 2.5% other waste products. We also sweat, which contains water and salts. Sweat helps to cool the body by evaporation.

The method of excretion in animals depends on the availability of water. Aquatic animals excrete waste as ammonia, which dissolves in water. Some land animals, such as birds, lizards, and snakes, excrete uric acid in semi-solid form. In humans, urea is the main excretory product.

If the kidneys stop working due to illness or injury, wastes accumulate and artificial filtration (dialysis) is required.

7.3 Transport of Substances in Plants
Plants absorb water and minerals from the soil through the roots, which have root hairs to increase the surface area for absorption. Water moves into the root hairs from the soil. Water and minerals are transported by special pipe-like vessels made of cells forming vascular tissue called xylem. The xylem connects roots to leaves through the stem and branches.

Leaves synthesise food, which must be carried to all parts of the plant. This is done by the vascular tissue called phloem. Thus, xylem and phloem transport substances in plants.

Plants release a lot of water by transpiration. Not all absorbed water is used; the rest evaporates through stomata. The evaporation creates a suction pull, which can move water to great heights in tall trees. Transpiration also cools the plant.

Main Points:

In animals, blood circulates to distribute food and oxygen and to remove wastes.

The circulatory system consists of the heart and blood vessels.

Blood is made of plasma, RBC, WBC, and platelets; haemoglobin makes blood red.

The heart pumps blood through arteries and veins.

Excretion in humans is done by kidneys, ureters, urinary bladder, and urethra.

Plants use xylem for water and minerals and phloem for transporting food.

Transpiration pulls water up and cools the plant.", Why is blood needed by all the parts of a body?,"Blood is essential for:

Transporting oxygen to all tissues of the body

Carrying carbon dioxide and waste products away from tissues

Distributing heat to help regulate body temperature

Defending the body against infections and diseases"
"All organisms need food, water, and oxygen for survival. They need to transport all these to various parts of their body. Animals also need to transport wastes to parts from where they can be removed. The heart and the blood vessels function to transport substances and together form the circulatory system.

7.1 Circulatory System
Blood is the fluid that flows in blood vessels. It transports substances like digested food from the small intestine to other parts of the body, carries oxygen from the lungs to the cells, and transports waste for removal from the body. Blood is composed of plasma, in which different types of cells are suspended.

Red blood cells (RBC) contain a red pigment called haemoglobin. Haemoglobin binds with oxygen and transports it to all the parts of the body. Without haemoglobin, it would be difficult to provide oxygen efficiently to all cells. The presence of haemoglobin makes blood appear red. Blood also contains white blood cells (WBC), which fight against germs that may enter the body. Platelets are another type of cell present in blood; they help in the clotting of blood.

There are two types of blood vessels: arteries and veins. Arteries carry oxygen-rich blood from the heart to all parts of the body; they have thick elastic walls because the blood flow is rapid and at high pressure. The throbbing movement felt at certain points, called pulse, is due to blood flowing in the arteries. The number of beats per minute is called the pulse rate, typically between 72 and 80 per minute in a resting person.

Veins carry carbon dioxide-rich blood from all parts of the body back to the heart. Veins have thin walls and valves that allow blood to flow only towards the heart.

On reaching the tissues, arteries divide further into capillaries, which are extremely thin tubes. Capillaries join to form veins, which empty into the heart.

The heart is an organ that beats continuously to act as a pump for the transport of blood. The heart is located in the chest cavity, slightly towards the left. It is roughly the size of one’s fist. The heart has four chambers: two upper chambers called the atria and two lower chambers called the ventricles. The partition between the chambers prevents mixing of oxygen-rich and carbon dioxide-rich blood.

The walls of the heart chambers are made up of muscles that contract and relax rhythmically, constituting a heartbeat. This rhythmic beating helps maintain circulation and the transport of substances. Each heartbeat generates one pulse in the arteries; hence, the pulse rate per minute indicates the rate of heartbeat.

Some animals, such as sponges and Hydra, do not possess a circulatory system. Water in which they live brings food and oxygen as it enters their bodies and carries away waste materials, so they do not need a circulatory fluid like blood.

7.2 Excretion in Animals
When cells perform their functions, waste products are released, which are toxic and need to be removed. The process of removal of wastes produced in the cells is called excretion. The parts involved form the excretory system.

In humans, the blood contains both useful and harmful substances. The kidneys filter the blood: useful substances are absorbed back, and wastes dissolved in water are removed as urine. From the kidneys, urine goes to the urinary bladder through ureters and is passed out through the urethra. The kidneys, ureters, bladder, and urethra form the excretory system.

An adult human normally passes about 1–1.8 litres of urine in 24 hours. Urine consists of about 95% water, 2.5% urea and 2.5% other waste products. We also sweat, which contains water and salts. Sweat helps to cool the body by evaporation.

The method of excretion in animals depends on the availability of water. Aquatic animals excrete waste as ammonia, which dissolves in water. Some land animals, such as birds, lizards, and snakes, excrete uric acid in semi-solid form. In humans, urea is the main excretory product.

If the kidneys stop working due to illness or injury, wastes accumulate and artificial filtration (dialysis) is required.

7.3 Transport of Substances in Plants
Plants absorb water and minerals from the soil through the roots, which have root hairs to increase the surface area for absorption. Water moves into the root hairs from the soil. Water and minerals are transported by special pipe-like vessels made of cells forming vascular tissue called xylem. The xylem connects roots to leaves through the stem and branches.

Leaves synthesise food, which must be carried to all parts of the plant. This is done by the vascular tissue called phloem. Thus, xylem and phloem transport substances in plants.

Plants release a lot of water by transpiration. Not all absorbed water is used; the rest evaporates through stomata. The evaporation creates a suction pull, which can move water to great heights in tall trees. Transpiration also cools the plant.

Main Points:

In animals, blood circulates to distribute food and oxygen and to remove wastes.

The circulatory system consists of the heart and blood vessels.

Blood is made of plasma, RBC, WBC, and platelets; haemoglobin makes blood red.

The heart pumps blood through arteries and veins.

Excretion in humans is done by kidneys, ureters, urinary bladder, and urethra.

Plants use xylem for water and minerals and phloem for transporting food.

Transpiration pulls water up and cools the plant.",What makes the blood look red?,The presence of a red pigment called haemoglobin in red blood cells gives blood its red color.
"All organisms need food, water, and oxygen for survival. They need to transport all these to various parts of their body. Animals also need to transport wastes to parts from where they can be removed. The heart and the blood vessels function to transport substances and together form the circulatory system.

7.1 Circulatory System
Blood is the fluid that flows in blood vessels. It transports substances like digested food from the small intestine to other parts of the body, carries oxygen from the lungs to the cells, and transports waste for removal from the body. Blood is composed of plasma, in which different types of cells are suspended.

Red blood cells (RBC) contain a red pigment called haemoglobin. Haemoglobin binds with oxygen and transports it to all the parts of the body. Without haemoglobin, it would be difficult to provide oxygen efficiently to all cells. The presence of haemoglobin makes blood appear red. Blood also contains white blood cells (WBC), which fight against germs that may enter the body. Platelets are another type of cell present in blood; they help in the clotting of blood.

There are two types of blood vessels: arteries and veins. Arteries carry oxygen-rich blood from the heart to all parts of the body; they have thick elastic walls because the blood flow is rapid and at high pressure. The throbbing movement felt at certain points, called pulse, is due to blood flowing in the arteries. The number of beats per minute is called the pulse rate, typically between 72 and 80 per minute in a resting person.

Veins carry carbon dioxide-rich blood from all parts of the body back to the heart. Veins have thin walls and valves that allow blood to flow only towards the heart.

On reaching the tissues, arteries divide further into capillaries, which are extremely thin tubes. Capillaries join to form veins, which empty into the heart.

The heart is an organ that beats continuously to act as a pump for the transport of blood. The heart is located in the chest cavity, slightly towards the left. It is roughly the size of one’s fist. The heart has four chambers: two upper chambers called the atria and two lower chambers called the ventricles. The partition between the chambers prevents mixing of oxygen-rich and carbon dioxide-rich blood.

The walls of the heart chambers are made up of muscles that contract and relax rhythmically, constituting a heartbeat. This rhythmic beating helps maintain circulation and the transport of substances. Each heartbeat generates one pulse in the arteries; hence, the pulse rate per minute indicates the rate of heartbeat.

Some animals, such as sponges and Hydra, do not possess a circulatory system. Water in which they live brings food and oxygen as it enters their bodies and carries away waste materials, so they do not need a circulatory fluid like blood.

7.2 Excretion in Animals
When cells perform their functions, waste products are released, which are toxic and need to be removed. The process of removal of wastes produced in the cells is called excretion. The parts involved form the excretory system.

In humans, the blood contains both useful and harmful substances. The kidneys filter the blood: useful substances are absorbed back, and wastes dissolved in water are removed as urine. From the kidneys, urine goes to the urinary bladder through ureters and is passed out through the urethra. The kidneys, ureters, bladder, and urethra form the excretory system.

An adult human normally passes about 1–1.8 litres of urine in 24 hours. Urine consists of about 95% water, 2.5% urea and 2.5% other waste products. We also sweat, which contains water and salts. Sweat helps to cool the body by evaporation.

The method of excretion in animals depends on the availability of water. Aquatic animals excrete waste as ammonia, which dissolves in water. Some land animals, such as birds, lizards, and snakes, excrete uric acid in semi-solid form. In humans, urea is the main excretory product.

If the kidneys stop working due to illness or injury, wastes accumulate and artificial filtration (dialysis) is required.

7.3 Transport of Substances in Plants
Plants absorb water and minerals from the soil through the roots, which have root hairs to increase the surface area for absorption. Water moves into the root hairs from the soil. Water and minerals are transported by special pipe-like vessels made of cells forming vascular tissue called xylem. The xylem connects roots to leaves through the stem and branches.

Leaves synthesise food, which must be carried to all parts of the plant. This is done by the vascular tissue called phloem. Thus, xylem and phloem transport substances in plants.

Plants release a lot of water by transpiration. Not all absorbed water is used; the rest evaporates through stomata. The evaporation creates a suction pull, which can move water to great heights in tall trees. Transpiration also cools the plant.

Main Points:

In animals, blood circulates to distribute food and oxygen and to remove wastes.

The circulatory system consists of the heart and blood vessels.

Blood is made of plasma, RBC, WBC, and platelets; haemoglobin makes blood red.

The heart pumps blood through arteries and veins.

Excretion in humans is done by kidneys, ureters, urinary bladder, and urethra.

Plants use xylem for water and minerals and phloem for transporting food.

Transpiration pulls water up and cools the plant.",Describe the function of the heart.,"The heart is a muscular organ that beats continuously, functioning as a pump to circulate blood throughout the body. It has four chambers: two upper chambers (atria) and two lower chambers (ventricles). The heart pumps oxygen-rich blood to all parts of the body and also ensures that oxygen-poor (carbon dioxide-rich) blood returns for oxygenation, all while preventing mixing of the two types of blood."
"All organisms need food, water, and oxygen for survival. They need to transport all these to various parts of their body. Animals also need to transport wastes to parts from where they can be removed. The heart and the blood vessels function to transport substances and together form the circulatory system.

7.1 Circulatory System
Blood is the fluid that flows in blood vessels. It transports substances like digested food from the small intestine to other parts of the body, carries oxygen from the lungs to the cells, and transports waste for removal from the body. Blood is composed of plasma, in which different types of cells are suspended.

Red blood cells (RBC) contain a red pigment called haemoglobin. Haemoglobin binds with oxygen and transports it to all the parts of the body. Without haemoglobin, it would be difficult to provide oxygen efficiently to all cells. The presence of haemoglobin makes blood appear red. Blood also contains white blood cells (WBC), which fight against germs that may enter the body. Platelets are another type of cell present in blood; they help in the clotting of blood.

There are two types of blood vessels: arteries and veins. Arteries carry oxygen-rich blood from the heart to all parts of the body; they have thick elastic walls because the blood flow is rapid and at high pressure. The throbbing movement felt at certain points, called pulse, is due to blood flowing in the arteries. The number of beats per minute is called the pulse rate, typically between 72 and 80 per minute in a resting person.

Veins carry carbon dioxide-rich blood from all parts of the body back to the heart. Veins have thin walls and valves that allow blood to flow only towards the heart.

On reaching the tissues, arteries divide further into capillaries, which are extremely thin tubes. Capillaries join to form veins, which empty into the heart.

The heart is an organ that beats continuously to act as a pump for the transport of blood. The heart is located in the chest cavity, slightly towards the left. It is roughly the size of one’s fist. The heart has four chambers: two upper chambers called the atria and two lower chambers called the ventricles. The partition between the chambers prevents mixing of oxygen-rich and carbon dioxide-rich blood.

The walls of the heart chambers are made up of muscles that contract and relax rhythmically, constituting a heartbeat. This rhythmic beating helps maintain circulation and the transport of substances. Each heartbeat generates one pulse in the arteries; hence, the pulse rate per minute indicates the rate of heartbeat.

Some animals, such as sponges and Hydra, do not possess a circulatory system. Water in which they live brings food and oxygen as it enters their bodies and carries away waste materials, so they do not need a circulatory fluid like blood.

7.2 Excretion in Animals
When cells perform their functions, waste products are released, which are toxic and need to be removed. The process of removal of wastes produced in the cells is called excretion. The parts involved form the excretory system.

In humans, the blood contains both useful and harmful substances. The kidneys filter the blood: useful substances are absorbed back, and wastes dissolved in water are removed as urine. From the kidneys, urine goes to the urinary bladder through ureters and is passed out through the urethra. The kidneys, ureters, bladder, and urethra form the excretory system.

An adult human normally passes about 1–1.8 litres of urine in 24 hours. Urine consists of about 95% water, 2.5% urea and 2.5% other waste products. We also sweat, which contains water and salts. Sweat helps to cool the body by evaporation.

The method of excretion in animals depends on the availability of water. Aquatic animals excrete waste as ammonia, which dissolves in water. Some land animals, such as birds, lizards, and snakes, excrete uric acid in semi-solid form. In humans, urea is the main excretory product.

If the kidneys stop working due to illness or injury, wastes accumulate and artificial filtration (dialysis) is required.

7.3 Transport of Substances in Plants
Plants absorb water and minerals from the soil through the roots, which have root hairs to increase the surface area for absorption. Water moves into the root hairs from the soil. Water and minerals are transported by special pipe-like vessels made of cells forming vascular tissue called xylem. The xylem connects roots to leaves through the stem and branches.

Leaves synthesise food, which must be carried to all parts of the plant. This is done by the vascular tissue called phloem. Thus, xylem and phloem transport substances in plants.

Plants release a lot of water by transpiration. Not all absorbed water is used; the rest evaporates through stomata. The evaporation creates a suction pull, which can move water to great heights in tall trees. Transpiration also cools the plant.

Main Points:

In animals, blood circulates to distribute food and oxygen and to remove wastes.

The circulatory system consists of the heart and blood vessels.

Blood is made of plasma, RBC, WBC, and platelets; haemoglobin makes blood red.

The heart pumps blood through arteries and veins.

Excretion in humans is done by kidneys, ureters, urinary bladder, and urethra.

Plants use xylem for water and minerals and phloem for transporting food.

Transpiration pulls water up and cools the plant.",Why is it necessary to excrete waste products?,Excreting waste products is necessary because the cells produce certain toxic wastes during their functions. These wastes need to be eliminated from the body to prevent harm and maintain a healthy internal environment.
"There are several ways by which plants produce their offspring. These are categorised into two types: (i) asexual, and (ii) sexual reproduction. In asexual reproduction, plants can give rise to new plants without seeds, whereas in sexual reproduction, new plants are obtained from seeds.

Asexual Reproduction
In asexual reproduction, new plants are obtained without production of seeds.

Vegetative propagation:
It is a type of asexual reproduction in which new plants are produced from roots, stems, leaves and buds. Since reproduction is through the vegetative parts of the plant, it is known as vegetative propagation. You must have seen flower buds developing into flowers. Apart from flower buds, there are buds in the axil (point of attachment of the leaf at the node) of leaves which develop into shoots. These buds are called vegetative buds. A bud consists of a short stem around which immature overlapping leaves are present. Vegetative buds can also give rise to new plants.

Potato, ginger and turmeric can also sprout from special parts of the plant. Buds in the margins of leaves of Bryophyllum can grow into new plants. Roots of some plants can give rise to new plants; examples are sweet potato and dahlia. Some plants such as cacti produce new plants when their parts get detached from the main plant body.

Plants produced by vegetative propagation take less time to grow and bear flowers and fruits earlier than those produced from seeds. The new plants are exact copies of the parent plant, as they are produced from a single parent. Plants produced by sexual reproduction have characters of both the parents.

Budding:
Yeast is a single-celled organism that reproduces by budding. The small bulb-like projection coming out from the yeast cell is called a bud. The bud gradually grows and gets detached from the parent cell and forms a new yeast cell.

Fragmentation:
Algae grow and multiply rapidly by fragmentation. An alga breaks up into two or more fragments. These fragments grow into new individuals. This process continues and they cover a large area in a short period of time.

Spore formation:
Fungi on bread pieces grow from spores present in the air. Spores are asexual reproductive bodies. Each spore is covered by a hard protective coat to withstand unfavourable conditions. Spores are released and float in the air, and germinate and develop into a new individual under favourable conditions. Plants such as moss and ferns also reproduce by means of spores.

8.2 Sexual Reproduction
You have learnt earlier the structure of a flower. You know that the flowers are the reproductive parts of a plant. Stamens are the male reproductive part and pistil is the female reproductive part. Flowers which contain either only pistil or only stamens are called unisexual flowers. Flowers which contain both stamens and pistil are called bisexual flowers. Corn, papaya and cucumber produce unisexual flowers, whereas mustard, rose and petunia have bisexual flowers. Both male and female unisexual flowers may be present in the same plant or in different plants.

Anther contains pollen grains which produce male gametes. A pistil consists of stigma, style and ovary. Ovary contains ovules. The female gamete or the egg is formed in an ovule. In sexual reproduction, a male and a female gamete fuse to form a zygote.

Pollination
Generally, pollen grains have a tough protective coat which prevents them from drying up. Since pollen grains are light, they can be carried by wind or water. Insects visit flowers and carry away pollen on their bodies. Some of the pollen lands on the stigma of a flower of the same kind. The transfer of pollen from the anther to the stigma of a flower is called pollination. If the pollen lands on the stigma of the same flower or another flower of the same plant, it is called self-pollination. When the pollen of a flower lands on the stigma of a flower of a different plant of the same kind, it is called cross-pollination.

Fertilisation
The cell which results after fusion of the gametes is called a zygote. The process of fusion of male and female gametes (to form a zygote) is called fertilisation. The zygote develops into an embryo.

8.3 Fruits and Seed Formation
After fertilisation, the ovary grows into a fruit and other parts of the flower fall off. The fruit is the ripened ovary. The seeds develop from the ovules. The seed contains an embryo enclosed in a protective seed coat. Some fruits are fleshy and juicy such as mango and orange. Some fruits are hard like almonds and walnuts.

8.4 Seed Dispersal
Seeds are dispersed to different places by wind, water and animals. Plants benefit by seed dispersal; it prevents competition between the plant and its own seedlings for sunlight, water and minerals. It also enables the plants to invade new habitats for wider distribution.

Wind: Winged seeds such as those of drumstick and maple, light seeds of grasses or hairy seeds of aak (Madar) and hairy fruit of sunflower, get blown off with the wind.

Water: Some seeds dispersed by water develop floating ability in the form of spongy or fibrous outer coats, as in coconut.

Animals: Spiny seeds with hooks get attached to the bodies of animals and are carried to distant places. Examples are Xanthium and Urena.

Some seeds are dispersed when the fruits burst with sudden jerks, scattering seeds far from the parent plant. This happens in the case of castor and balsam.

Key points:

All organisms multiply or reproduce their own kind.

In plants there are two modes of reproduction, asexual and sexual.

Methods of asexual reproduction include fragmentation, budding, spore formation and vegetative propagation.

Sexual reproduction involves the fusion of male and female gametes.

Flower is the reproductive part of a plant.

Unisexual flowers have either male or female reproductive parts, bisexual flowers have both.

Pollination is the transfer of pollen grains from the anther of one flower to the stigma of the same or another flower.

Pollination occurs via wind, water or insects.

Fusion of gametes (fertilisation) forms a zygote, which develops into an embryo.

Fruit is the mature ovary; ovule develops into a seed.

Seed dispersal is achieved by wind, water, animals or bursting fruits.", Describe the different methods of asexual reproduction. Give examples.,"Vegetative Propagation:
New plants are produced from roots, stems, leaves, or buds.
Examples: Tuber of potato, rhizome of ginger.

Budding:
A small outgrowth, or bud, arises on the parent and detaches to form a new organism.
Example: Yeast.

Fragmentation:
The organism breaks into two or more fragments, each growing into a new individual.
Example: Algae such as Spirogyra.

Spore Formation:
Reproduction by spores, which under suitable conditions grow into new individuals.
Examples: Fungi like Rhizopus, Mucor.

Fission:
Unicellular organisms split into new organisms (binary fission or multiple fission).
Examples: Amoeba, Paramecium (binary fission); Plasmodium (multiple fission)."
"There are several ways by which plants produce their offspring. These are categorised into two types: (i) asexual, and (ii) sexual reproduction. In asexual reproduction, plants can give rise to new plants without seeds, whereas in sexual reproduction, new plants are obtained from seeds.

Asexual Reproduction
In asexual reproduction, new plants are obtained without production of seeds.

Vegetative propagation:
It is a type of asexual reproduction in which new plants are produced from roots, stems, leaves and buds. Since reproduction is through the vegetative parts of the plant, it is known as vegetative propagation. You must have seen flower buds developing into flowers. Apart from flower buds, there are buds in the axil (point of attachment of the leaf at the node) of leaves which develop into shoots. These buds are called vegetative buds. A bud consists of a short stem around which immature overlapping leaves are present. Vegetative buds can also give rise to new plants.

Potato, ginger and turmeric can also sprout from special parts of the plant. Buds in the margins of leaves of Bryophyllum can grow into new plants. Roots of some plants can give rise to new plants; examples are sweet potato and dahlia. Some plants such as cacti produce new plants when their parts get detached from the main plant body.

Plants produced by vegetative propagation take less time to grow and bear flowers and fruits earlier than those produced from seeds. The new plants are exact copies of the parent plant, as they are produced from a single parent. Plants produced by sexual reproduction have characters of both the parents.

Budding:
Yeast is a single-celled organism that reproduces by budding. The small bulb-like projection coming out from the yeast cell is called a bud. The bud gradually grows and gets detached from the parent cell and forms a new yeast cell.

Fragmentation:
Algae grow and multiply rapidly by fragmentation. An alga breaks up into two or more fragments. These fragments grow into new individuals. This process continues and they cover a large area in a short period of time.

Spore formation:
Fungi on bread pieces grow from spores present in the air. Spores are asexual reproductive bodies. Each spore is covered by a hard protective coat to withstand unfavourable conditions. Spores are released and float in the air, and germinate and develop into a new individual under favourable conditions. Plants such as moss and ferns also reproduce by means of spores.

8.2 Sexual Reproduction
You have learnt earlier the structure of a flower. You know that the flowers are the reproductive parts of a plant. Stamens are the male reproductive part and pistil is the female reproductive part. Flowers which contain either only pistil or only stamens are called unisexual flowers. Flowers which contain both stamens and pistil are called bisexual flowers. Corn, papaya and cucumber produce unisexual flowers, whereas mustard, rose and petunia have bisexual flowers. Both male and female unisexual flowers may be present in the same plant or in different plants.

Anther contains pollen grains which produce male gametes. A pistil consists of stigma, style and ovary. Ovary contains ovules. The female gamete or the egg is formed in an ovule. In sexual reproduction, a male and a female gamete fuse to form a zygote.

Pollination
Generally, pollen grains have a tough protective coat which prevents them from drying up. Since pollen grains are light, they can be carried by wind or water. Insects visit flowers and carry away pollen on their bodies. Some of the pollen lands on the stigma of a flower of the same kind. The transfer of pollen from the anther to the stigma of a flower is called pollination. If the pollen lands on the stigma of the same flower or another flower of the same plant, it is called self-pollination. When the pollen of a flower lands on the stigma of a flower of a different plant of the same kind, it is called cross-pollination.

Fertilisation
The cell which results after fusion of the gametes is called a zygote. The process of fusion of male and female gametes (to form a zygote) is called fertilisation. The zygote develops into an embryo.

8.3 Fruits and Seed Formation
After fertilisation, the ovary grows into a fruit and other parts of the flower fall off. The fruit is the ripened ovary. The seeds develop from the ovules. The seed contains an embryo enclosed in a protective seed coat. Some fruits are fleshy and juicy such as mango and orange. Some fruits are hard like almonds and walnuts.

8.4 Seed Dispersal
Seeds are dispersed to different places by wind, water and animals. Plants benefit by seed dispersal; it prevents competition between the plant and its own seedlings for sunlight, water and minerals. It also enables the plants to invade new habitats for wider distribution.

Wind: Winged seeds such as those of drumstick and maple, light seeds of grasses or hairy seeds of aak (Madar) and hairy fruit of sunflower, get blown off with the wind.

Water: Some seeds dispersed by water develop floating ability in the form of spongy or fibrous outer coats, as in coconut.

Animals: Spiny seeds with hooks get attached to the bodies of animals and are carried to distant places. Examples are Xanthium and Urena.

Some seeds are dispersed when the fruits burst with sudden jerks, scattering seeds far from the parent plant. This happens in the case of castor and balsam.

Key points:

All organisms multiply or reproduce their own kind.

In plants there are two modes of reproduction, asexual and sexual.

Methods of asexual reproduction include fragmentation, budding, spore formation and vegetative propagation.

Sexual reproduction involves the fusion of male and female gametes.

Flower is the reproductive part of a plant.

Unisexual flowers have either male or female reproductive parts, bisexual flowers have both.

Pollination is the transfer of pollen grains from the anther of one flower to the stigma of the same or another flower.

Pollination occurs via wind, water or insects.

Fusion of gametes (fertilisation) forms a zygote, which develops into an embryo.

Fruit is the mature ovary; ovule develops into a seed.

Seed dispersal is achieved by wind, water, animals or bursting fruits.",Explain what you understand by sexual reproduction.,"Sexual reproduction is a method where the male and female gametes fuse to form a new individual. In plants, the stamen (male organ) and pistil (female organ) produce the gametes (anther for pollen, ovary for female gamete), and their fusion results in the formation of seeds and the next generation."
"There are several ways by which plants produce their offspring. These are categorised into two types: (i) asexual, and (ii) sexual reproduction. In asexual reproduction, plants can give rise to new plants without seeds, whereas in sexual reproduction, new plants are obtained from seeds.

Asexual Reproduction
In asexual reproduction, new plants are obtained without production of seeds.

Vegetative propagation:
It is a type of asexual reproduction in which new plants are produced from roots, stems, leaves and buds. Since reproduction is through the vegetative parts of the plant, it is known as vegetative propagation. You must have seen flower buds developing into flowers. Apart from flower buds, there are buds in the axil (point of attachment of the leaf at the node) of leaves which develop into shoots. These buds are called vegetative buds. A bud consists of a short stem around which immature overlapping leaves are present. Vegetative buds can also give rise to new plants.

Potato, ginger and turmeric can also sprout from special parts of the plant. Buds in the margins of leaves of Bryophyllum can grow into new plants. Roots of some plants can give rise to new plants; examples are sweet potato and dahlia. Some plants such as cacti produce new plants when their parts get detached from the main plant body.

Plants produced by vegetative propagation take less time to grow and bear flowers and fruits earlier than those produced from seeds. The new plants are exact copies of the parent plant, as they are produced from a single parent. Plants produced by sexual reproduction have characters of both the parents.

Budding:
Yeast is a single-celled organism that reproduces by budding. The small bulb-like projection coming out from the yeast cell is called a bud. The bud gradually grows and gets detached from the parent cell and forms a new yeast cell.

Fragmentation:
Algae grow and multiply rapidly by fragmentation. An alga breaks up into two or more fragments. These fragments grow into new individuals. This process continues and they cover a large area in a short period of time.

Spore formation:
Fungi on bread pieces grow from spores present in the air. Spores are asexual reproductive bodies. Each spore is covered by a hard protective coat to withstand unfavourable conditions. Spores are released and float in the air, and germinate and develop into a new individual under favourable conditions. Plants such as moss and ferns also reproduce by means of spores.

8.2 Sexual Reproduction
You have learnt earlier the structure of a flower. You know that the flowers are the reproductive parts of a plant. Stamens are the male reproductive part and pistil is the female reproductive part. Flowers which contain either only pistil or only stamens are called unisexual flowers. Flowers which contain both stamens and pistil are called bisexual flowers. Corn, papaya and cucumber produce unisexual flowers, whereas mustard, rose and petunia have bisexual flowers. Both male and female unisexual flowers may be present in the same plant or in different plants.

Anther contains pollen grains which produce male gametes. A pistil consists of stigma, style and ovary. Ovary contains ovules. The female gamete or the egg is formed in an ovule. In sexual reproduction, a male and a female gamete fuse to form a zygote.

Pollination
Generally, pollen grains have a tough protective coat which prevents them from drying up. Since pollen grains are light, they can be carried by wind or water. Insects visit flowers and carry away pollen on their bodies. Some of the pollen lands on the stigma of a flower of the same kind. The transfer of pollen from the anther to the stigma of a flower is called pollination. If the pollen lands on the stigma of the same flower or another flower of the same plant, it is called self-pollination. When the pollen of a flower lands on the stigma of a flower of a different plant of the same kind, it is called cross-pollination.

Fertilisation
The cell which results after fusion of the gametes is called a zygote. The process of fusion of male and female gametes (to form a zygote) is called fertilisation. The zygote develops into an embryo.

8.3 Fruits and Seed Formation
After fertilisation, the ovary grows into a fruit and other parts of the flower fall off. The fruit is the ripened ovary. The seeds develop from the ovules. The seed contains an embryo enclosed in a protective seed coat. Some fruits are fleshy and juicy such as mango and orange. Some fruits are hard like almonds and walnuts.

8.4 Seed Dispersal
Seeds are dispersed to different places by wind, water and animals. Plants benefit by seed dispersal; it prevents competition between the plant and its own seedlings for sunlight, water and minerals. It also enables the plants to invade new habitats for wider distribution.

Wind: Winged seeds such as those of drumstick and maple, light seeds of grasses or hairy seeds of aak (Madar) and hairy fruit of sunflower, get blown off with the wind.

Water: Some seeds dispersed by water develop floating ability in the form of spongy or fibrous outer coats, as in coconut.

Animals: Spiny seeds with hooks get attached to the bodies of animals and are carried to distant places. Examples are Xanthium and Urena.

Some seeds are dispersed when the fruits burst with sudden jerks, scattering seeds far from the parent plant. This happens in the case of castor and balsam.

Key points:

All organisms multiply or reproduce their own kind.

In plants there are two modes of reproduction, asexual and sexual.

Methods of asexual reproduction include fragmentation, budding, spore formation and vegetative propagation.

Sexual reproduction involves the fusion of male and female gametes.

Flower is the reproductive part of a plant.

Unisexual flowers have either male or female reproductive parts, bisexual flowers have both.

Pollination is the transfer of pollen grains from the anther of one flower to the stigma of the same or another flower.

Pollination occurs via wind, water or insects.

Fusion of gametes (fertilisation) forms a zygote, which develops into an embryo.

Fruit is the mature ovary; ovule develops into a seed.

Seed dispersal is achieved by wind, water, animals or bursting fruits.", State the main difference between asexual and sexual reproduction.,"Asexual Reproduction	Sexual Reproduction
Requires only one parent	Requires both a male and a female parent
Offspring are identical to parent	Offspring show variation from parents
No special reproductive organs	Special reproductive organs required
Examples: Yeast, rose, jasmine	Examples: Insects, animals"
"There are several ways by which plants produce their offspring. These are categorised into two types: (i) asexual, and (ii) sexual reproduction. In asexual reproduction, plants can give rise to new plants without seeds, whereas in sexual reproduction, new plants are obtained from seeds.

Asexual Reproduction
In asexual reproduction, new plants are obtained without production of seeds.

Vegetative propagation:
It is a type of asexual reproduction in which new plants are produced from roots, stems, leaves and buds. Since reproduction is through the vegetative parts of the plant, it is known as vegetative propagation. You must have seen flower buds developing into flowers. Apart from flower buds, there are buds in the axil (point of attachment of the leaf at the node) of leaves which develop into shoots. These buds are called vegetative buds. A bud consists of a short stem around which immature overlapping leaves are present. Vegetative buds can also give rise to new plants.

Potato, ginger and turmeric can also sprout from special parts of the plant. Buds in the margins of leaves of Bryophyllum can grow into new plants. Roots of some plants can give rise to new plants; examples are sweet potato and dahlia. Some plants such as cacti produce new plants when their parts get detached from the main plant body.

Plants produced by vegetative propagation take less time to grow and bear flowers and fruits earlier than those produced from seeds. The new plants are exact copies of the parent plant, as they are produced from a single parent. Plants produced by sexual reproduction have characters of both the parents.

Budding:
Yeast is a single-celled organism that reproduces by budding. The small bulb-like projection coming out from the yeast cell is called a bud. The bud gradually grows and gets detached from the parent cell and forms a new yeast cell.

Fragmentation:
Algae grow and multiply rapidly by fragmentation. An alga breaks up into two or more fragments. These fragments grow into new individuals. This process continues and they cover a large area in a short period of time.

Spore formation:
Fungi on bread pieces grow from spores present in the air. Spores are asexual reproductive bodies. Each spore is covered by a hard protective coat to withstand unfavourable conditions. Spores are released and float in the air, and germinate and develop into a new individual under favourable conditions. Plants such as moss and ferns also reproduce by means of spores.

8.2 Sexual Reproduction
You have learnt earlier the structure of a flower. You know that the flowers are the reproductive parts of a plant. Stamens are the male reproductive part and pistil is the female reproductive part. Flowers which contain either only pistil or only stamens are called unisexual flowers. Flowers which contain both stamens and pistil are called bisexual flowers. Corn, papaya and cucumber produce unisexual flowers, whereas mustard, rose and petunia have bisexual flowers. Both male and female unisexual flowers may be present in the same plant or in different plants.

Anther contains pollen grains which produce male gametes. A pistil consists of stigma, style and ovary. Ovary contains ovules. The female gamete or the egg is formed in an ovule. In sexual reproduction, a male and a female gamete fuse to form a zygote.

Pollination
Generally, pollen grains have a tough protective coat which prevents them from drying up. Since pollen grains are light, they can be carried by wind or water. Insects visit flowers and carry away pollen on their bodies. Some of the pollen lands on the stigma of a flower of the same kind. The transfer of pollen from the anther to the stigma of a flower is called pollination. If the pollen lands on the stigma of the same flower or another flower of the same plant, it is called self-pollination. When the pollen of a flower lands on the stigma of a flower of a different plant of the same kind, it is called cross-pollination.

Fertilisation
The cell which results after fusion of the gametes is called a zygote. The process of fusion of male and female gametes (to form a zygote) is called fertilisation. The zygote develops into an embryo.

8.3 Fruits and Seed Formation
After fertilisation, the ovary grows into a fruit and other parts of the flower fall off. The fruit is the ripened ovary. The seeds develop from the ovules. The seed contains an embryo enclosed in a protective seed coat. Some fruits are fleshy and juicy such as mango and orange. Some fruits are hard like almonds and walnuts.

8.4 Seed Dispersal
Seeds are dispersed to different places by wind, water and animals. Plants benefit by seed dispersal; it prevents competition between the plant and its own seedlings for sunlight, water and minerals. It also enables the plants to invade new habitats for wider distribution.

Wind: Winged seeds such as those of drumstick and maple, light seeds of grasses or hairy seeds of aak (Madar) and hairy fruit of sunflower, get blown off with the wind.

Water: Some seeds dispersed by water develop floating ability in the form of spongy or fibrous outer coats, as in coconut.

Animals: Spiny seeds with hooks get attached to the bodies of animals and are carried to distant places. Examples are Xanthium and Urena.

Some seeds are dispersed when the fruits burst with sudden jerks, scattering seeds far from the parent plant. This happens in the case of castor and balsam.

Key points:

All organisms multiply or reproduce their own kind.

In plants there are two modes of reproduction, asexual and sexual.

Methods of asexual reproduction include fragmentation, budding, spore formation and vegetative propagation.

Sexual reproduction involves the fusion of male and female gametes.

Flower is the reproductive part of a plant.

Unisexual flowers have either male or female reproductive parts, bisexual flowers have both.

Pollination is the transfer of pollen grains from the anther of one flower to the stigma of the same or another flower.

Pollination occurs via wind, water or insects.

Fusion of gametes (fertilisation) forms a zygote, which develops into an embryo.

Fruit is the mature ovary; ovule develops into a seed.

Seed dispersal is achieved by wind, water, animals or bursting fruits.", Sketch the reproductive parts of a flower.,"The main reproductive parts are:

Stamen (male part): Anther and filament

Pistil (female part): Stigma, style, ovary, ovule"
"There are several ways by which plants produce their offspring. These are categorised into two types: (i) asexual, and (ii) sexual reproduction. In asexual reproduction, plants can give rise to new plants without seeds, whereas in sexual reproduction, new plants are obtained from seeds.

Asexual Reproduction
In asexual reproduction, new plants are obtained without production of seeds.

Vegetative propagation:
It is a type of asexual reproduction in which new plants are produced from roots, stems, leaves and buds. Since reproduction is through the vegetative parts of the plant, it is known as vegetative propagation. You must have seen flower buds developing into flowers. Apart from flower buds, there are buds in the axil (point of attachment of the leaf at the node) of leaves which develop into shoots. These buds are called vegetative buds. A bud consists of a short stem around which immature overlapping leaves are present. Vegetative buds can also give rise to new plants.

Potato, ginger and turmeric can also sprout from special parts of the plant. Buds in the margins of leaves of Bryophyllum can grow into new plants. Roots of some plants can give rise to new plants; examples are sweet potato and dahlia. Some plants such as cacti produce new plants when their parts get detached from the main plant body.

Plants produced by vegetative propagation take less time to grow and bear flowers and fruits earlier than those produced from seeds. The new plants are exact copies of the parent plant, as they are produced from a single parent. Plants produced by sexual reproduction have characters of both the parents.

Budding:
Yeast is a single-celled organism that reproduces by budding. The small bulb-like projection coming out from the yeast cell is called a bud. The bud gradually grows and gets detached from the parent cell and forms a new yeast cell.

Fragmentation:
Algae grow and multiply rapidly by fragmentation. An alga breaks up into two or more fragments. These fragments grow into new individuals. This process continues and they cover a large area in a short period of time.

Spore formation:
Fungi on bread pieces grow from spores present in the air. Spores are asexual reproductive bodies. Each spore is covered by a hard protective coat to withstand unfavourable conditions. Spores are released and float in the air, and germinate and develop into a new individual under favourable conditions. Plants such as moss and ferns also reproduce by means of spores.

8.2 Sexual Reproduction
You have learnt earlier the structure of a flower. You know that the flowers are the reproductive parts of a plant. Stamens are the male reproductive part and pistil is the female reproductive part. Flowers which contain either only pistil or only stamens are called unisexual flowers. Flowers which contain both stamens and pistil are called bisexual flowers. Corn, papaya and cucumber produce unisexual flowers, whereas mustard, rose and petunia have bisexual flowers. Both male and female unisexual flowers may be present in the same plant or in different plants.

Anther contains pollen grains which produce male gametes. A pistil consists of stigma, style and ovary. Ovary contains ovules. The female gamete or the egg is formed in an ovule. In sexual reproduction, a male and a female gamete fuse to form a zygote.

Pollination
Generally, pollen grains have a tough protective coat which prevents them from drying up. Since pollen grains are light, they can be carried by wind or water. Insects visit flowers and carry away pollen on their bodies. Some of the pollen lands on the stigma of a flower of the same kind. The transfer of pollen from the anther to the stigma of a flower is called pollination. If the pollen lands on the stigma of the same flower or another flower of the same plant, it is called self-pollination. When the pollen of a flower lands on the stigma of a flower of a different plant of the same kind, it is called cross-pollination.

Fertilisation
The cell which results after fusion of the gametes is called a zygote. The process of fusion of male and female gametes (to form a zygote) is called fertilisation. The zygote develops into an embryo.

8.3 Fruits and Seed Formation
After fertilisation, the ovary grows into a fruit and other parts of the flower fall off. The fruit is the ripened ovary. The seeds develop from the ovules. The seed contains an embryo enclosed in a protective seed coat. Some fruits are fleshy and juicy such as mango and orange. Some fruits are hard like almonds and walnuts.

8.4 Seed Dispersal
Seeds are dispersed to different places by wind, water and animals. Plants benefit by seed dispersal; it prevents competition between the plant and its own seedlings for sunlight, water and minerals. It also enables the plants to invade new habitats for wider distribution.

Wind: Winged seeds such as those of drumstick and maple, light seeds of grasses or hairy seeds of aak (Madar) and hairy fruit of sunflower, get blown off with the wind.

Water: Some seeds dispersed by water develop floating ability in the form of spongy or fibrous outer coats, as in coconut.

Animals: Spiny seeds with hooks get attached to the bodies of animals and are carried to distant places. Examples are Xanthium and Urena.

Some seeds are dispersed when the fruits burst with sudden jerks, scattering seeds far from the parent plant. This happens in the case of castor and balsam.

Key points:

All organisms multiply or reproduce their own kind.

In plants there are two modes of reproduction, asexual and sexual.

Methods of asexual reproduction include fragmentation, budding, spore formation and vegetative propagation.

Sexual reproduction involves the fusion of male and female gametes.

Flower is the reproductive part of a plant.

Unisexual flowers have either male or female reproductive parts, bisexual flowers have both.

Pollination is the transfer of pollen grains from the anther of one flower to the stigma of the same or another flower.

Pollination occurs via wind, water or insects.

Fusion of gametes (fertilisation) forms a zygote, which develops into an embryo.

Fruit is the mature ovary; ovule develops into a seed.

Seed dispersal is achieved by wind, water, animals or bursting fruits.",Explain the difference between self-pollination and cross-pollination.,"Self-pollination	Cross-pollination
Pollen grains transfer from anther to stigma of the same flower	Pollen grains transfer from anther of one flower to stigma of another flower of the same kind
Occurs only in bisexual flowers	Occurs in both unisexual and bisexual flowers"
"There are several ways by which plants produce their offspring. These are categorised into two types: (i) asexual, and (ii) sexual reproduction. In asexual reproduction, plants can give rise to new plants without seeds, whereas in sexual reproduction, new plants are obtained from seeds.

Asexual Reproduction
In asexual reproduction, new plants are obtained without production of seeds.

Vegetative propagation:
It is a type of asexual reproduction in which new plants are produced from roots, stems, leaves and buds. Since reproduction is through the vegetative parts of the plant, it is known as vegetative propagation. You must have seen flower buds developing into flowers. Apart from flower buds, there are buds in the axil (point of attachment of the leaf at the node) of leaves which develop into shoots. These buds are called vegetative buds. A bud consists of a short stem around which immature overlapping leaves are present. Vegetative buds can also give rise to new plants.

Potato, ginger and turmeric can also sprout from special parts of the plant. Buds in the margins of leaves of Bryophyllum can grow into new plants. Roots of some plants can give rise to new plants; examples are sweet potato and dahlia. Some plants such as cacti produce new plants when their parts get detached from the main plant body.

Plants produced by vegetative propagation take less time to grow and bear flowers and fruits earlier than those produced from seeds. The new plants are exact copies of the parent plant, as they are produced from a single parent. Plants produced by sexual reproduction have characters of both the parents.

Budding:
Yeast is a single-celled organism that reproduces by budding. The small bulb-like projection coming out from the yeast cell is called a bud. The bud gradually grows and gets detached from the parent cell and forms a new yeast cell.

Fragmentation:
Algae grow and multiply rapidly by fragmentation. An alga breaks up into two or more fragments. These fragments grow into new individuals. This process continues and they cover a large area in a short period of time.

Spore formation:
Fungi on bread pieces grow from spores present in the air. Spores are asexual reproductive bodies. Each spore is covered by a hard protective coat to withstand unfavourable conditions. Spores are released and float in the air, and germinate and develop into a new individual under favourable conditions. Plants such as moss and ferns also reproduce by means of spores.

8.2 Sexual Reproduction
You have learnt earlier the structure of a flower. You know that the flowers are the reproductive parts of a plant. Stamens are the male reproductive part and pistil is the female reproductive part. Flowers which contain either only pistil or only stamens are called unisexual flowers. Flowers which contain both stamens and pistil are called bisexual flowers. Corn, papaya and cucumber produce unisexual flowers, whereas mustard, rose and petunia have bisexual flowers. Both male and female unisexual flowers may be present in the same plant or in different plants.

Anther contains pollen grains which produce male gametes. A pistil consists of stigma, style and ovary. Ovary contains ovules. The female gamete or the egg is formed in an ovule. In sexual reproduction, a male and a female gamete fuse to form a zygote.

Pollination
Generally, pollen grains have a tough protective coat which prevents them from drying up. Since pollen grains are light, they can be carried by wind or water. Insects visit flowers and carry away pollen on their bodies. Some of the pollen lands on the stigma of a flower of the same kind. The transfer of pollen from the anther to the stigma of a flower is called pollination. If the pollen lands on the stigma of the same flower or another flower of the same plant, it is called self-pollination. When the pollen of a flower lands on the stigma of a flower of a different plant of the same kind, it is called cross-pollination.

Fertilisation
The cell which results after fusion of the gametes is called a zygote. The process of fusion of male and female gametes (to form a zygote) is called fertilisation. The zygote develops into an embryo.

8.3 Fruits and Seed Formation
After fertilisation, the ovary grows into a fruit and other parts of the flower fall off. The fruit is the ripened ovary. The seeds develop from the ovules. The seed contains an embryo enclosed in a protective seed coat. Some fruits are fleshy and juicy such as mango and orange. Some fruits are hard like almonds and walnuts.

8.4 Seed Dispersal
Seeds are dispersed to different places by wind, water and animals. Plants benefit by seed dispersal; it prevents competition between the plant and its own seedlings for sunlight, water and minerals. It also enables the plants to invade new habitats for wider distribution.

Wind: Winged seeds such as those of drumstick and maple, light seeds of grasses or hairy seeds of aak (Madar) and hairy fruit of sunflower, get blown off with the wind.

Water: Some seeds dispersed by water develop floating ability in the form of spongy or fibrous outer coats, as in coconut.

Animals: Spiny seeds with hooks get attached to the bodies of animals and are carried to distant places. Examples are Xanthium and Urena.

Some seeds are dispersed when the fruits burst with sudden jerks, scattering seeds far from the parent plant. This happens in the case of castor and balsam.

Key points:

All organisms multiply or reproduce their own kind.

In plants there are two modes of reproduction, asexual and sexual.

Methods of asexual reproduction include fragmentation, budding, spore formation and vegetative propagation.

Sexual reproduction involves the fusion of male and female gametes.

Flower is the reproductive part of a plant.

Unisexual flowers have either male or female reproductive parts, bisexual flowers have both.

Pollination is the transfer of pollen grains from the anther of one flower to the stigma of the same or another flower.

Pollination occurs via wind, water or insects.

Fusion of gametes (fertilisation) forms a zygote, which develops into an embryo.

Fruit is the mature ovary; ovule develops into a seed.

Seed dispersal is achieved by wind, water, animals or bursting fruits.",How does the process of fertilisation take place in flowers?,"Fertilisation is the fusion of the male and female gametes to form a zygote. The zygote develops into an embryo, which then forms seeds through cell division (mitosis)."
"There are several ways by which plants produce their offspring. These are categorised into two types: (i) asexual, and (ii) sexual reproduction. In asexual reproduction, plants can give rise to new plants without seeds, whereas in sexual reproduction, new plants are obtained from seeds.

Asexual Reproduction
In asexual reproduction, new plants are obtained without production of seeds.

Vegetative propagation:
It is a type of asexual reproduction in which new plants are produced from roots, stems, leaves and buds. Since reproduction is through the vegetative parts of the plant, it is known as vegetative propagation. You must have seen flower buds developing into flowers. Apart from flower buds, there are buds in the axil (point of attachment of the leaf at the node) of leaves which develop into shoots. These buds are called vegetative buds. A bud consists of a short stem around which immature overlapping leaves are present. Vegetative buds can also give rise to new plants.

Potato, ginger and turmeric can also sprout from special parts of the plant. Buds in the margins of leaves of Bryophyllum can grow into new plants. Roots of some plants can give rise to new plants; examples are sweet potato and dahlia. Some plants such as cacti produce new plants when their parts get detached from the main plant body.

Plants produced by vegetative propagation take less time to grow and bear flowers and fruits earlier than those produced from seeds. The new plants are exact copies of the parent plant, as they are produced from a single parent. Plants produced by sexual reproduction have characters of both the parents.

Budding:
Yeast is a single-celled organism that reproduces by budding. The small bulb-like projection coming out from the yeast cell is called a bud. The bud gradually grows and gets detached from the parent cell and forms a new yeast cell.

Fragmentation:
Algae grow and multiply rapidly by fragmentation. An alga breaks up into two or more fragments. These fragments grow into new individuals. This process continues and they cover a large area in a short period of time.

Spore formation:
Fungi on bread pieces grow from spores present in the air. Spores are asexual reproductive bodies. Each spore is covered by a hard protective coat to withstand unfavourable conditions. Spores are released and float in the air, and germinate and develop into a new individual under favourable conditions. Plants such as moss and ferns also reproduce by means of spores.

8.2 Sexual Reproduction
You have learnt earlier the structure of a flower. You know that the flowers are the reproductive parts of a plant. Stamens are the male reproductive part and pistil is the female reproductive part. Flowers which contain either only pistil or only stamens are called unisexual flowers. Flowers which contain both stamens and pistil are called bisexual flowers. Corn, papaya and cucumber produce unisexual flowers, whereas mustard, rose and petunia have bisexual flowers. Both male and female unisexual flowers may be present in the same plant or in different plants.

Anther contains pollen grains which produce male gametes. A pistil consists of stigma, style and ovary. Ovary contains ovules. The female gamete or the egg is formed in an ovule. In sexual reproduction, a male and a female gamete fuse to form a zygote.

Pollination
Generally, pollen grains have a tough protective coat which prevents them from drying up. Since pollen grains are light, they can be carried by wind or water. Insects visit flowers and carry away pollen on their bodies. Some of the pollen lands on the stigma of a flower of the same kind. The transfer of pollen from the anther to the stigma of a flower is called pollination. If the pollen lands on the stigma of the same flower or another flower of the same plant, it is called self-pollination. When the pollen of a flower lands on the stigma of a flower of a different plant of the same kind, it is called cross-pollination.

Fertilisation
The cell which results after fusion of the gametes is called a zygote. The process of fusion of male and female gametes (to form a zygote) is called fertilisation. The zygote develops into an embryo.

8.3 Fruits and Seed Formation
After fertilisation, the ovary grows into a fruit and other parts of the flower fall off. The fruit is the ripened ovary. The seeds develop from the ovules. The seed contains an embryo enclosed in a protective seed coat. Some fruits are fleshy and juicy such as mango and orange. Some fruits are hard like almonds and walnuts.

8.4 Seed Dispersal
Seeds are dispersed to different places by wind, water and animals. Plants benefit by seed dispersal; it prevents competition between the plant and its own seedlings for sunlight, water and minerals. It also enables the plants to invade new habitats for wider distribution.

Wind: Winged seeds such as those of drumstick and maple, light seeds of grasses or hairy seeds of aak (Madar) and hairy fruit of sunflower, get blown off with the wind.

Water: Some seeds dispersed by water develop floating ability in the form of spongy or fibrous outer coats, as in coconut.

Animals: Spiny seeds with hooks get attached to the bodies of animals and are carried to distant places. Examples are Xanthium and Urena.

Some seeds are dispersed when the fruits burst with sudden jerks, scattering seeds far from the parent plant. This happens in the case of castor and balsam.

Key points:

All organisms multiply or reproduce their own kind.

In plants there are two modes of reproduction, asexual and sexual.

Methods of asexual reproduction include fragmentation, budding, spore formation and vegetative propagation.

Sexual reproduction involves the fusion of male and female gametes.

Flower is the reproductive part of a plant.

Unisexual flowers have either male or female reproductive parts, bisexual flowers have both.

Pollination is the transfer of pollen grains from the anther of one flower to the stigma of the same or another flower.

Pollination occurs via wind, water or insects.

Fusion of gametes (fertilisation) forms a zygote, which develops into an embryo.

Fruit is the mature ovary; ovule develops into a seed.

Seed dispersal is achieved by wind, water, animals or bursting fruits.",Describe the various ways by which seeds are dispersed.,"By Wind:
Winged seeds (drumstick, maple), light or hairy seeds (grass, sunflower)

By Water:
Seeds with floating ability, such as coconut

By Animals:
Spiny seeds with hooks attach to animal bodies (Xanthium, Urena); some seeds are eaten and excreted at distant locations

By Fruit Bursting:
Some fruits burst open and scatter seeds far from the parent plant (castor, balsam)"
"We know that some vehicles move faster than others. Even the same vehicle may move faster or slower at different times. Make a list of ten objects moving along a straight path. Group the motion of these objects as slow and fast. How did you decide which object is moving slow and which one is moving fast?

If vehicles are moving on a road in the same direction, we can easily tell which one of them is moving faster than the other. Let us look at the motion of vehicles moving on a road.

The distance moved by objects in a given interval of time can help us to decide which one is faster or slower. For example, imagine that you have gone to see off your friend at the bus stand. Suppose you start pedalling your bicycle at the same time as the bus begins to move. The distance covered by you after 5 minutes would be much smaller than that covered by the bus. Would you say that the bus is moving faster than the bicycle?

We often say that the faster vehicle has a higher speed. In a 100-metre race it is easy to decide whose speed is the highest. One who takes the shortest time to cover the distance of 100 metres has the highest speed.

You are probably familiar with the word speed. In the examples given above, a higher speed seems to indicate that a given distance has been covered in a shorter time, or a larger distance covered in a given time.

The most convenient way to find out which of the two or more objects is moving faster is to compare the distances moved by them in a unit time. Thus, if we know the distance covered by two buses in one hour, we can tell which one is faster. We call the distance covered by an object in a unit time as the speed of the object.

When we say that a car is moving with a speed of 50 kilometres per hour, it implies that it will cover a distance of 50 kilometres in one hour. However, a car seldom moves with a constant speed for one hour. In fact, it starts moving slowly and then picks up speed. So, when we say that the car has a speed of 50 kilometres per hour, we usually consider only the total distance covered by it in one hour. We do not bother whether the car has been moving with a constant speed or not during that hour. The speed calculated here is actually the average speed of the car. In this book we shall use the term speed for average speed. So, for us the speed is the total distance covered divided by the total time taken.

Speed = Total distance covered / Total time taken

In everyday life we seldom find objects moving with a constant speed over long distances or for long durations of time. If the speed of an object moving along a straight line keeps changing, its motion is said to be non-uniform. On the other hand, an object moving along a straight line with a constant speed is said to be in uniform motion. In this case, the average speed is the same as the actual speed.

We can determine the speed of a given object once we can measure the time taken by it to cover a certain distance. In Class VI you learnt how to measure distances. But, how do we measure time?

If you did not have a clock, how would you decide what time of the day it is? Have you ever wondered how our elders could tell the approximate time of the day by just looking at shadows?

How do we measure time interval of a month? A year? Our ancestors noticed that many events in nature repeat themselves after definite intervals of time. For example, they found that the sun rises everyday in the morning. The time between one sunrise and the next was called a day. Similarly, a month was measured from one new moon to the next. A year was fixed as the time taken by the earth to complete one revolution of the sun.

Often we need to measure intervals of time which are much shorter than a day. Clocks or watches are perhaps the most common time measuring devices. Have you ever wondered how clocks and watches measure time?

The working of clocks is rather complex. But all of them make use of some periodic motion. One of the most well-known periodic motions is that of a simple pendulum.

A simple pendulum consists of a small metallic ball or a piece of stone suspended from a rigid stand by a thread. The metallic ball is called the bob of the pendulum. When the bob of the pendulum is released after taking it slightly to one side, it begins to move to and fro. The to and fro motion of a simple pendulum is an example of a periodic or an oscillatory motion.

The pendulum is said to have completed one oscillation when its bob, starting from its mean position, moves to one side, to the other side and back to the mean position. The time taken by the pendulum to complete one oscillation is called its time period.

To measure the time period of a pendulum we will need a stopwatch, or a table clock or wristwatch. Set the pendulum in motion and measure the time the pendulum takes to complete 20 oscillations. By dividing the total time taken for 20 oscillations by 20, you get the time period of the pendulum.

Is the time period of your pendulum nearly the same in all cases? Note that a slight change in the initial displacement does not affect the time period of your pendulum.

Nowadays most clocks or watches have an electric circuit with one or more cells. These clocks are called quartz clocks. The time measured by quartz clocks is much more accurate than that by the clocks available earlier.

The basic unit of time is a second, symbol s. Larger units of time are minutes (min) and hours (h). Since speed is distance/time, the basic unit of speed is m/s. It can also be expressed in other units such as m/min or km/h. Remember the symbols of all units are written in singular. For example, we write 50 km and not 50 kms.

Different units of time are used depending on the need. For example, it is convenient to express your age in years rather than in days or hours.

Many time measuring devices were used in different parts of the world before the pendulum clocks became popular—sundials, water clocks and sand clocks are some examples.

Once you know the speed of an object, you can find the distance moved by it in a given time:
Distance covered = Speed × Time

You can also find the time an object would take to cover a distance while moving with a given speed:
Time taken = Distance / Speed

You might have seen a meter fitted on top of a scooter or a motorcycle. Similarly, meters can be seen on the dashboards of cars, buses and other vehicles. One meter is called a speedometer. It records the speed directly in km/h. Another meter measures the distance moved by the vehicle, called an odometer.

Information can be presented in various forms of graphs to make it interesting. The distance-time graph is a line graph. In plotting such a graph we show the time along the x-axis and the distance along the y-axis. Choose a suitable scale for both axes, mark the points as per the data, and join the points to get the graph.

If the distance-time graph is a straight line, it indicates that the object is moving with a constant speed. If the speed keeps changing, the graph can be of another shape.

From the distance-time graph, we can find the distance moved at any instant of time, not just at fixed intervals."," Classify the following as motion along a straight line, circular or oscillatory motion: Motion of your hands while running. Motion of a horse pulling a cart on a straight road. Motion of a child in a merry-go-round. Motion of a child on a see-saw. Motion of the hammer of an electric bell. Motion of a train on a straight bridge.","Motion of your hands while running: Oscillatory motion

Motion of a horse pulling a cart on a straight road: Motion along a straight line

Motion of a child in a merry-go-round: Circular motion

Motion of a child on a see-saw: Oscillatory motion

Motion of the hammer of an electric bell: Oscillatory motion

Motion of a train on a straight bridge: Motion along a straight line"
"We know that some vehicles move faster than others. Even the same vehicle may move faster or slower at different times. Make a list of ten objects moving along a straight path. Group the motion of these objects as slow and fast. How did you decide which object is moving slow and which one is moving fast?

If vehicles are moving on a road in the same direction, we can easily tell which one of them is moving faster than the other. Let us look at the motion of vehicles moving on a road.

The distance moved by objects in a given interval of time can help us to decide which one is faster or slower. For example, imagine that you have gone to see off your friend at the bus stand. Suppose you start pedalling your bicycle at the same time as the bus begins to move. The distance covered by you after 5 minutes would be much smaller than that covered by the bus. Would you say that the bus is moving faster than the bicycle?

We often say that the faster vehicle has a higher speed. In a 100-metre race it is easy to decide whose speed is the highest. One who takes the shortest time to cover the distance of 100 metres has the highest speed.

You are probably familiar with the word speed. In the examples given above, a higher speed seems to indicate that a given distance has been covered in a shorter time, or a larger distance covered in a given time.

The most convenient way to find out which of the two or more objects is moving faster is to compare the distances moved by them in a unit time. Thus, if we know the distance covered by two buses in one hour, we can tell which one is faster. We call the distance covered by an object in a unit time as the speed of the object.

When we say that a car is moving with a speed of 50 kilometres per hour, it implies that it will cover a distance of 50 kilometres in one hour. However, a car seldom moves with a constant speed for one hour. In fact, it starts moving slowly and then picks up speed. So, when we say that the car has a speed of 50 kilometres per hour, we usually consider only the total distance covered by it in one hour. We do not bother whether the car has been moving with a constant speed or not during that hour. The speed calculated here is actually the average speed of the car. In this book we shall use the term speed for average speed. So, for us the speed is the total distance covered divided by the total time taken.

Speed = Total distance covered / Total time taken

In everyday life we seldom find objects moving with a constant speed over long distances or for long durations of time. If the speed of an object moving along a straight line keeps changing, its motion is said to be non-uniform. On the other hand, an object moving along a straight line with a constant speed is said to be in uniform motion. In this case, the average speed is the same as the actual speed.

We can determine the speed of a given object once we can measure the time taken by it to cover a certain distance. In Class VI you learnt how to measure distances. But, how do we measure time?

If you did not have a clock, how would you decide what time of the day it is? Have you ever wondered how our elders could tell the approximate time of the day by just looking at shadows?

How do we measure time interval of a month? A year? Our ancestors noticed that many events in nature repeat themselves after definite intervals of time. For example, they found that the sun rises everyday in the morning. The time between one sunrise and the next was called a day. Similarly, a month was measured from one new moon to the next. A year was fixed as the time taken by the earth to complete one revolution of the sun.

Often we need to measure intervals of time which are much shorter than a day. Clocks or watches are perhaps the most common time measuring devices. Have you ever wondered how clocks and watches measure time?

The working of clocks is rather complex. But all of them make use of some periodic motion. One of the most well-known periodic motions is that of a simple pendulum.

A simple pendulum consists of a small metallic ball or a piece of stone suspended from a rigid stand by a thread. The metallic ball is called the bob of the pendulum. When the bob of the pendulum is released after taking it slightly to one side, it begins to move to and fro. The to and fro motion of a simple pendulum is an example of a periodic or an oscillatory motion.

The pendulum is said to have completed one oscillation when its bob, starting from its mean position, moves to one side, to the other side and back to the mean position. The time taken by the pendulum to complete one oscillation is called its time period.

To measure the time period of a pendulum we will need a stopwatch, or a table clock or wristwatch. Set the pendulum in motion and measure the time the pendulum takes to complete 20 oscillations. By dividing the total time taken for 20 oscillations by 20, you get the time period of the pendulum.

Is the time period of your pendulum nearly the same in all cases? Note that a slight change in the initial displacement does not affect the time period of your pendulum.

Nowadays most clocks or watches have an electric circuit with one or more cells. These clocks are called quartz clocks. The time measured by quartz clocks is much more accurate than that by the clocks available earlier.

The basic unit of time is a second, symbol s. Larger units of time are minutes (min) and hours (h). Since speed is distance/time, the basic unit of speed is m/s. It can also be expressed in other units such as m/min or km/h. Remember the symbols of all units are written in singular. For example, we write 50 km and not 50 kms.

Different units of time are used depending on the need. For example, it is convenient to express your age in years rather than in days or hours.

Many time measuring devices were used in different parts of the world before the pendulum clocks became popular—sundials, water clocks and sand clocks are some examples.

Once you know the speed of an object, you can find the distance moved by it in a given time:
Distance covered = Speed × Time

You can also find the time an object would take to cover a distance while moving with a given speed:
Time taken = Distance / Speed

You might have seen a meter fitted on top of a scooter or a motorcycle. Similarly, meters can be seen on the dashboards of cars, buses and other vehicles. One meter is called a speedometer. It records the speed directly in km/h. Another meter measures the distance moved by the vehicle, called an odometer.

Information can be presented in various forms of graphs to make it interesting. The distance-time graph is a line graph. In plotting such a graph we show the time along the x-axis and the distance along the y-axis. Choose a suitable scale for both axes, mark the points as per the data, and join the points to get the graph.

If the distance-time graph is a straight line, it indicates that the object is moving with a constant speed. If the speed keeps changing, the graph can be of another shape.

From the distance-time graph, we can find the distance moved at any instant of time, not just at fixed intervals.", A simple pendulum takes 32 s to complete 20 oscillations. What is the time period of the pendulum?,"A simple pendulum takes 32 seconds to complete 20 oscillations.

Time period = Total time taken / Number of oscillations

Time period = 32 s / 20 = 1.6 seconds"
"We know that some vehicles move faster than others. Even the same vehicle may move faster or slower at different times. Make a list of ten objects moving along a straight path. Group the motion of these objects as slow and fast. How did you decide which object is moving slow and which one is moving fast?

If vehicles are moving on a road in the same direction, we can easily tell which one of them is moving faster than the other. Let us look at the motion of vehicles moving on a road.

The distance moved by objects in a given interval of time can help us to decide which one is faster or slower. For example, imagine that you have gone to see off your friend at the bus stand. Suppose you start pedalling your bicycle at the same time as the bus begins to move. The distance covered by you after 5 minutes would be much smaller than that covered by the bus. Would you say that the bus is moving faster than the bicycle?

We often say that the faster vehicle has a higher speed. In a 100-metre race it is easy to decide whose speed is the highest. One who takes the shortest time to cover the distance of 100 metres has the highest speed.

You are probably familiar with the word speed. In the examples given above, a higher speed seems to indicate that a given distance has been covered in a shorter time, or a larger distance covered in a given time.

The most convenient way to find out which of the two or more objects is moving faster is to compare the distances moved by them in a unit time. Thus, if we know the distance covered by two buses in one hour, we can tell which one is faster. We call the distance covered by an object in a unit time as the speed of the object.

When we say that a car is moving with a speed of 50 kilometres per hour, it implies that it will cover a distance of 50 kilometres in one hour. However, a car seldom moves with a constant speed for one hour. In fact, it starts moving slowly and then picks up speed. So, when we say that the car has a speed of 50 kilometres per hour, we usually consider only the total distance covered by it in one hour. We do not bother whether the car has been moving with a constant speed or not during that hour. The speed calculated here is actually the average speed of the car. In this book we shall use the term speed for average speed. So, for us the speed is the total distance covered divided by the total time taken.

Speed = Total distance covered / Total time taken

In everyday life we seldom find objects moving with a constant speed over long distances or for long durations of time. If the speed of an object moving along a straight line keeps changing, its motion is said to be non-uniform. On the other hand, an object moving along a straight line with a constant speed is said to be in uniform motion. In this case, the average speed is the same as the actual speed.

We can determine the speed of a given object once we can measure the time taken by it to cover a certain distance. In Class VI you learnt how to measure distances. But, how do we measure time?

If you did not have a clock, how would you decide what time of the day it is? Have you ever wondered how our elders could tell the approximate time of the day by just looking at shadows?

How do we measure time interval of a month? A year? Our ancestors noticed that many events in nature repeat themselves after definite intervals of time. For example, they found that the sun rises everyday in the morning. The time between one sunrise and the next was called a day. Similarly, a month was measured from one new moon to the next. A year was fixed as the time taken by the earth to complete one revolution of the sun.

Often we need to measure intervals of time which are much shorter than a day. Clocks or watches are perhaps the most common time measuring devices. Have you ever wondered how clocks and watches measure time?

The working of clocks is rather complex. But all of them make use of some periodic motion. One of the most well-known periodic motions is that of a simple pendulum.

A simple pendulum consists of a small metallic ball or a piece of stone suspended from a rigid stand by a thread. The metallic ball is called the bob of the pendulum. When the bob of the pendulum is released after taking it slightly to one side, it begins to move to and fro. The to and fro motion of a simple pendulum is an example of a periodic or an oscillatory motion.

The pendulum is said to have completed one oscillation when its bob, starting from its mean position, moves to one side, to the other side and back to the mean position. The time taken by the pendulum to complete one oscillation is called its time period.

To measure the time period of a pendulum we will need a stopwatch, or a table clock or wristwatch. Set the pendulum in motion and measure the time the pendulum takes to complete 20 oscillations. By dividing the total time taken for 20 oscillations by 20, you get the time period of the pendulum.

Is the time period of your pendulum nearly the same in all cases? Note that a slight change in the initial displacement does not affect the time period of your pendulum.

Nowadays most clocks or watches have an electric circuit with one or more cells. These clocks are called quartz clocks. The time measured by quartz clocks is much more accurate than that by the clocks available earlier.

The basic unit of time is a second, symbol s. Larger units of time are minutes (min) and hours (h). Since speed is distance/time, the basic unit of speed is m/s. It can also be expressed in other units such as m/min or km/h. Remember the symbols of all units are written in singular. For example, we write 50 km and not 50 kms.

Different units of time are used depending on the need. For example, it is convenient to express your age in years rather than in days or hours.

Many time measuring devices were used in different parts of the world before the pendulum clocks became popular—sundials, water clocks and sand clocks are some examples.

Once you know the speed of an object, you can find the distance moved by it in a given time:
Distance covered = Speed × Time

You can also find the time an object would take to cover a distance while moving with a given speed:
Time taken = Distance / Speed

You might have seen a meter fitted on top of a scooter or a motorcycle. Similarly, meters can be seen on the dashboards of cars, buses and other vehicles. One meter is called a speedometer. It records the speed directly in km/h. Another meter measures the distance moved by the vehicle, called an odometer.

Information can be presented in various forms of graphs to make it interesting. The distance-time graph is a line graph. In plotting such a graph we show the time along the x-axis and the distance along the y-axis. Choose a suitable scale for both axes, mark the points as per the data, and join the points to get the graph.

If the distance-time graph is a straight line, it indicates that the object is moving with a constant speed. If the speed keeps changing, the graph can be of another shape.

From the distance-time graph, we can find the distance moved at any instant of time, not just at fixed intervals.",The distance between two stations is 240 km. A train takes 4 hours to cover this distance. Calculate the speed of the train.,"Distance = 240 km

Time taken = 4 hours

Speed = Distance / Time = 240 km / 4 h = 60 km/h"
"We know that some vehicles move faster than others. Even the same vehicle may move faster or slower at different times. Make a list of ten objects moving along a straight path. Group the motion of these objects as slow and fast. How did you decide which object is moving slow and which one is moving fast?

If vehicles are moving on a road in the same direction, we can easily tell which one of them is moving faster than the other. Let us look at the motion of vehicles moving on a road.

The distance moved by objects in a given interval of time can help us to decide which one is faster or slower. For example, imagine that you have gone to see off your friend at the bus stand. Suppose you start pedalling your bicycle at the same time as the bus begins to move. The distance covered by you after 5 minutes would be much smaller than that covered by the bus. Would you say that the bus is moving faster than the bicycle?

We often say that the faster vehicle has a higher speed. In a 100-metre race it is easy to decide whose speed is the highest. One who takes the shortest time to cover the distance of 100 metres has the highest speed.

You are probably familiar with the word speed. In the examples given above, a higher speed seems to indicate that a given distance has been covered in a shorter time, or a larger distance covered in a given time.

The most convenient way to find out which of the two or more objects is moving faster is to compare the distances moved by them in a unit time. Thus, if we know the distance covered by two buses in one hour, we can tell which one is faster. We call the distance covered by an object in a unit time as the speed of the object.

When we say that a car is moving with a speed of 50 kilometres per hour, it implies that it will cover a distance of 50 kilometres in one hour. However, a car seldom moves with a constant speed for one hour. In fact, it starts moving slowly and then picks up speed. So, when we say that the car has a speed of 50 kilometres per hour, we usually consider only the total distance covered by it in one hour. We do not bother whether the car has been moving with a constant speed or not during that hour. The speed calculated here is actually the average speed of the car. In this book we shall use the term speed for average speed. So, for us the speed is the total distance covered divided by the total time taken.

Speed = Total distance covered / Total time taken

In everyday life we seldom find objects moving with a constant speed over long distances or for long durations of time. If the speed of an object moving along a straight line keeps changing, its motion is said to be non-uniform. On the other hand, an object moving along a straight line with a constant speed is said to be in uniform motion. In this case, the average speed is the same as the actual speed.

We can determine the speed of a given object once we can measure the time taken by it to cover a certain distance. In Class VI you learnt how to measure distances. But, how do we measure time?

If you did not have a clock, how would you decide what time of the day it is? Have you ever wondered how our elders could tell the approximate time of the day by just looking at shadows?

How do we measure time interval of a month? A year? Our ancestors noticed that many events in nature repeat themselves after definite intervals of time. For example, they found that the sun rises everyday in the morning. The time between one sunrise and the next was called a day. Similarly, a month was measured from one new moon to the next. A year was fixed as the time taken by the earth to complete one revolution of the sun.

Often we need to measure intervals of time which are much shorter than a day. Clocks or watches are perhaps the most common time measuring devices. Have you ever wondered how clocks and watches measure time?

The working of clocks is rather complex. But all of them make use of some periodic motion. One of the most well-known periodic motions is that of a simple pendulum.

A simple pendulum consists of a small metallic ball or a piece of stone suspended from a rigid stand by a thread. The metallic ball is called the bob of the pendulum. When the bob of the pendulum is released after taking it slightly to one side, it begins to move to and fro. The to and fro motion of a simple pendulum is an example of a periodic or an oscillatory motion.

The pendulum is said to have completed one oscillation when its bob, starting from its mean position, moves to one side, to the other side and back to the mean position. The time taken by the pendulum to complete one oscillation is called its time period.

To measure the time period of a pendulum we will need a stopwatch, or a table clock or wristwatch. Set the pendulum in motion and measure the time the pendulum takes to complete 20 oscillations. By dividing the total time taken for 20 oscillations by 20, you get the time period of the pendulum.

Is the time period of your pendulum nearly the same in all cases? Note that a slight change in the initial displacement does not affect the time period of your pendulum.

Nowadays most clocks or watches have an electric circuit with one or more cells. These clocks are called quartz clocks. The time measured by quartz clocks is much more accurate than that by the clocks available earlier.

The basic unit of time is a second, symbol s. Larger units of time are minutes (min) and hours (h). Since speed is distance/time, the basic unit of speed is m/s. It can also be expressed in other units such as m/min or km/h. Remember the symbols of all units are written in singular. For example, we write 50 km and not 50 kms.

Different units of time are used depending on the need. For example, it is convenient to express your age in years rather than in days or hours.

Many time measuring devices were used in different parts of the world before the pendulum clocks became popular—sundials, water clocks and sand clocks are some examples.

Once you know the speed of an object, you can find the distance moved by it in a given time:
Distance covered = Speed × Time

You can also find the time an object would take to cover a distance while moving with a given speed:
Time taken = Distance / Speed

You might have seen a meter fitted on top of a scooter or a motorcycle. Similarly, meters can be seen on the dashboards of cars, buses and other vehicles. One meter is called a speedometer. It records the speed directly in km/h. Another meter measures the distance moved by the vehicle, called an odometer.

Information can be presented in various forms of graphs to make it interesting. The distance-time graph is a line graph. In plotting such a graph we show the time along the x-axis and the distance along the y-axis. Choose a suitable scale for both axes, mark the points as per the data, and join the points to get the graph.

If the distance-time graph is a straight line, it indicates that the object is moving with a constant speed. If the speed keeps changing, the graph can be of another shape.

From the distance-time graph, we can find the distance moved at any instant of time, not just at fixed intervals.","The odometer of a car reads 57321.0 km when the clock shows the time 08:30 AM. What is the distance moved by the car, if at 08:50 AM, the odometer reading has changed to 57336.0 km? Calculate the speed of the car in km/min during this time. Express the speed in km/h also.","Initial odometer reading: 57321.0 km (08:30 AM)

Final odometer reading: 57336.0 km (08:50 AM)

Distance moved = 57336.0 km - 57321.0 km = 15 km

Time taken = 20 minutes

Speed in km/min = 15 km / 20 min = 0.75 km/min

To express in km/h:"
"We know that some vehicles move faster than others. Even the same vehicle may move faster or slower at different times. Make a list of ten objects moving along a straight path. Group the motion of these objects as slow and fast. How did you decide which object is moving slow and which one is moving fast?

If vehicles are moving on a road in the same direction, we can easily tell which one of them is moving faster than the other. Let us look at the motion of vehicles moving on a road.

The distance moved by objects in a given interval of time can help us to decide which one is faster or slower. For example, imagine that you have gone to see off your friend at the bus stand. Suppose you start pedalling your bicycle at the same time as the bus begins to move. The distance covered by you after 5 minutes would be much smaller than that covered by the bus. Would you say that the bus is moving faster than the bicycle?

We often say that the faster vehicle has a higher speed. In a 100-metre race it is easy to decide whose speed is the highest. One who takes the shortest time to cover the distance of 100 metres has the highest speed.

You are probably familiar with the word speed. In the examples given above, a higher speed seems to indicate that a given distance has been covered in a shorter time, or a larger distance covered in a given time.

The most convenient way to find out which of the two or more objects is moving faster is to compare the distances moved by them in a unit time. Thus, if we know the distance covered by two buses in one hour, we can tell which one is faster. We call the distance covered by an object in a unit time as the speed of the object.

When we say that a car is moving with a speed of 50 kilometres per hour, it implies that it will cover a distance of 50 kilometres in one hour. However, a car seldom moves with a constant speed for one hour. In fact, it starts moving slowly and then picks up speed. So, when we say that the car has a speed of 50 kilometres per hour, we usually consider only the total distance covered by it in one hour. We do not bother whether the car has been moving with a constant speed or not during that hour. The speed calculated here is actually the average speed of the car. In this book we shall use the term speed for average speed. So, for us the speed is the total distance covered divided by the total time taken.

Speed = Total distance covered / Total time taken

In everyday life we seldom find objects moving with a constant speed over long distances or for long durations of time. If the speed of an object moving along a straight line keeps changing, its motion is said to be non-uniform. On the other hand, an object moving along a straight line with a constant speed is said to be in uniform motion. In this case, the average speed is the same as the actual speed.

We can determine the speed of a given object once we can measure the time taken by it to cover a certain distance. In Class VI you learnt how to measure distances. But, how do we measure time?

If you did not have a clock, how would you decide what time of the day it is? Have you ever wondered how our elders could tell the approximate time of the day by just looking at shadows?

How do we measure time interval of a month? A year? Our ancestors noticed that many events in nature repeat themselves after definite intervals of time. For example, they found that the sun rises everyday in the morning. The time between one sunrise and the next was called a day. Similarly, a month was measured from one new moon to the next. A year was fixed as the time taken by the earth to complete one revolution of the sun.

Often we need to measure intervals of time which are much shorter than a day. Clocks or watches are perhaps the most common time measuring devices. Have you ever wondered how clocks and watches measure time?

The working of clocks is rather complex. But all of them make use of some periodic motion. One of the most well-known periodic motions is that of a simple pendulum.

A simple pendulum consists of a small metallic ball or a piece of stone suspended from a rigid stand by a thread. The metallic ball is called the bob of the pendulum. When the bob of the pendulum is released after taking it slightly to one side, it begins to move to and fro. The to and fro motion of a simple pendulum is an example of a periodic or an oscillatory motion.

The pendulum is said to have completed one oscillation when its bob, starting from its mean position, moves to one side, to the other side and back to the mean position. The time taken by the pendulum to complete one oscillation is called its time period.

To measure the time period of a pendulum we will need a stopwatch, or a table clock or wristwatch. Set the pendulum in motion and measure the time the pendulum takes to complete 20 oscillations. By dividing the total time taken for 20 oscillations by 20, you get the time period of the pendulum.

Is the time period of your pendulum nearly the same in all cases? Note that a slight change in the initial displacement does not affect the time period of your pendulum.

Nowadays most clocks or watches have an electric circuit with one or more cells. These clocks are called quartz clocks. The time measured by quartz clocks is much more accurate than that by the clocks available earlier.

The basic unit of time is a second, symbol s. Larger units of time are minutes (min) and hours (h). Since speed is distance/time, the basic unit of speed is m/s. It can also be expressed in other units such as m/min or km/h. Remember the symbols of all units are written in singular. For example, we write 50 km and not 50 kms.

Different units of time are used depending on the need. For example, it is convenient to express your age in years rather than in days or hours.

Many time measuring devices were used in different parts of the world before the pendulum clocks became popular—sundials, water clocks and sand clocks are some examples.

Once you know the speed of an object, you can find the distance moved by it in a given time:
Distance covered = Speed × Time

You can also find the time an object would take to cover a distance while moving with a given speed:
Time taken = Distance / Speed

You might have seen a meter fitted on top of a scooter or a motorcycle. Similarly, meters can be seen on the dashboards of cars, buses and other vehicles. One meter is called a speedometer. It records the speed directly in km/h. Another meter measures the distance moved by the vehicle, called an odometer.

Information can be presented in various forms of graphs to make it interesting. The distance-time graph is a line graph. In plotting such a graph we show the time along the x-axis and the distance along the y-axis. Choose a suitable scale for both axes, mark the points as per the data, and join the points to get the graph.

If the distance-time graph is a straight line, it indicates that the object is moving with a constant speed. If the speed keeps changing, the graph can be of another shape.

From the distance-time graph, we can find the distance moved at any instant of time, not just at fixed intervals.","Salma takes 15 minutes from her house to reach her school on a bicycle. If the bicycle has a speed of 2 m/s, calculate the distance between her house and the school.","Time taken: 15 minutes = 15 × 60 = 900 seconds

Speed: 2 m/s

Distance = Speed × Time = 2 m/s × 900 s = 1800 m = 1.8 km"
"We know that some vehicles move faster than others. Even the same vehicle may move faster or slower at different times. Make a list of ten objects moving along a straight path. Group the motion of these objects as slow and fast. How did you decide which object is moving slow and which one is moving fast?

If vehicles are moving on a road in the same direction, we can easily tell which one of them is moving faster than the other. Let us look at the motion of vehicles moving on a road.

The distance moved by objects in a given interval of time can help us to decide which one is faster or slower. For example, imagine that you have gone to see off your friend at the bus stand. Suppose you start pedalling your bicycle at the same time as the bus begins to move. The distance covered by you after 5 minutes would be much smaller than that covered by the bus. Would you say that the bus is moving faster than the bicycle?

We often say that the faster vehicle has a higher speed. In a 100-metre race it is easy to decide whose speed is the highest. One who takes the shortest time to cover the distance of 100 metres has the highest speed.

You are probably familiar with the word speed. In the examples given above, a higher speed seems to indicate that a given distance has been covered in a shorter time, or a larger distance covered in a given time.

The most convenient way to find out which of the two or more objects is moving faster is to compare the distances moved by them in a unit time. Thus, if we know the distance covered by two buses in one hour, we can tell which one is faster. We call the distance covered by an object in a unit time as the speed of the object.

When we say that a car is moving with a speed of 50 kilometres per hour, it implies that it will cover a distance of 50 kilometres in one hour. However, a car seldom moves with a constant speed for one hour. In fact, it starts moving slowly and then picks up speed. So, when we say that the car has a speed of 50 kilometres per hour, we usually consider only the total distance covered by it in one hour. We do not bother whether the car has been moving with a constant speed or not during that hour. The speed calculated here is actually the average speed of the car. In this book we shall use the term speed for average speed. So, for us the speed is the total distance covered divided by the total time taken.

Speed = Total distance covered / Total time taken

In everyday life we seldom find objects moving with a constant speed over long distances or for long durations of time. If the speed of an object moving along a straight line keeps changing, its motion is said to be non-uniform. On the other hand, an object moving along a straight line with a constant speed is said to be in uniform motion. In this case, the average speed is the same as the actual speed.

We can determine the speed of a given object once we can measure the time taken by it to cover a certain distance. In Class VI you learnt how to measure distances. But, how do we measure time?

If you did not have a clock, how would you decide what time of the day it is? Have you ever wondered how our elders could tell the approximate time of the day by just looking at shadows?

How do we measure time interval of a month? A year? Our ancestors noticed that many events in nature repeat themselves after definite intervals of time. For example, they found that the sun rises everyday in the morning. The time between one sunrise and the next was called a day. Similarly, a month was measured from one new moon to the next. A year was fixed as the time taken by the earth to complete one revolution of the sun.

Often we need to measure intervals of time which are much shorter than a day. Clocks or watches are perhaps the most common time measuring devices. Have you ever wondered how clocks and watches measure time?

The working of clocks is rather complex. But all of them make use of some periodic motion. One of the most well-known periodic motions is that of a simple pendulum.

A simple pendulum consists of a small metallic ball or a piece of stone suspended from a rigid stand by a thread. The metallic ball is called the bob of the pendulum. When the bob of the pendulum is released after taking it slightly to one side, it begins to move to and fro. The to and fro motion of a simple pendulum is an example of a periodic or an oscillatory motion.

The pendulum is said to have completed one oscillation when its bob, starting from its mean position, moves to one side, to the other side and back to the mean position. The time taken by the pendulum to complete one oscillation is called its time period.

To measure the time period of a pendulum we will need a stopwatch, or a table clock or wristwatch. Set the pendulum in motion and measure the time the pendulum takes to complete 20 oscillations. By dividing the total time taken for 20 oscillations by 20, you get the time period of the pendulum.

Is the time period of your pendulum nearly the same in all cases? Note that a slight change in the initial displacement does not affect the time period of your pendulum.

Nowadays most clocks or watches have an electric circuit with one or more cells. These clocks are called quartz clocks. The time measured by quartz clocks is much more accurate than that by the clocks available earlier.

The basic unit of time is a second, symbol s. Larger units of time are minutes (min) and hours (h). Since speed is distance/time, the basic unit of speed is m/s. It can also be expressed in other units such as m/min or km/h. Remember the symbols of all units are written in singular. For example, we write 50 km and not 50 kms.

Different units of time are used depending on the need. For example, it is convenient to express your age in years rather than in days or hours.

Many time measuring devices were used in different parts of the world before the pendulum clocks became popular—sundials, water clocks and sand clocks are some examples.

Once you know the speed of an object, you can find the distance moved by it in a given time:
Distance covered = Speed × Time

You can also find the time an object would take to cover a distance while moving with a given speed:
Time taken = Distance / Speed

You might have seen a meter fitted on top of a scooter or a motorcycle. Similarly, meters can be seen on the dashboards of cars, buses and other vehicles. One meter is called a speedometer. It records the speed directly in km/h. Another meter measures the distance moved by the vehicle, called an odometer.

Information can be presented in various forms of graphs to make it interesting. The distance-time graph is a line graph. In plotting such a graph we show the time along the x-axis and the distance along the y-axis. Choose a suitable scale for both axes, mark the points as per the data, and join the points to get the graph.

If the distance-time graph is a straight line, it indicates that the object is moving with a constant speed. If the speed keeps changing, the graph can be of another shape.

From the distance-time graph, we can find the distance moved at any instant of time, not just at fixed intervals.", Show the shape of the distance-time graph for the motion in the following cases: A car moving with a constant speed. A car parked on a side road.,"A car moving with a constant speed: The distance-time graph will be a straight, sloped line indicating a uniform increase in distance with time.

A car parked on a side road: The distance-time graph will be a straight, horizontal line, indicating no change in distance as time passes."
"We know that some vehicles move faster than others. Even the same vehicle may move faster or slower at different times. Make a list of ten objects moving along a straight path. Group the motion of these objects as slow and fast. How did you decide which object is moving slow and which one is moving fast?

If vehicles are moving on a road in the same direction, we can easily tell which one of them is moving faster than the other. Let us look at the motion of vehicles moving on a road.

The distance moved by objects in a given interval of time can help us to decide which one is faster or slower. For example, imagine that you have gone to see off your friend at the bus stand. Suppose you start pedalling your bicycle at the same time as the bus begins to move. The distance covered by you after 5 minutes would be much smaller than that covered by the bus. Would you say that the bus is moving faster than the bicycle?

We often say that the faster vehicle has a higher speed. In a 100-metre race it is easy to decide whose speed is the highest. One who takes the shortest time to cover the distance of 100 metres has the highest speed.

You are probably familiar with the word speed. In the examples given above, a higher speed seems to indicate that a given distance has been covered in a shorter time, or a larger distance covered in a given time.

The most convenient way to find out which of the two or more objects is moving faster is to compare the distances moved by them in a unit time. Thus, if we know the distance covered by two buses in one hour, we can tell which one is faster. We call the distance covered by an object in a unit time as the speed of the object.

When we say that a car is moving with a speed of 50 kilometres per hour, it implies that it will cover a distance of 50 kilometres in one hour. However, a car seldom moves with a constant speed for one hour. In fact, it starts moving slowly and then picks up speed. So, when we say that the car has a speed of 50 kilometres per hour, we usually consider only the total distance covered by it in one hour. We do not bother whether the car has been moving with a constant speed or not during that hour. The speed calculated here is actually the average speed of the car. In this book we shall use the term speed for average speed. So, for us the speed is the total distance covered divided by the total time taken.

Speed = Total distance covered / Total time taken

In everyday life we seldom find objects moving with a constant speed over long distances or for long durations of time. If the speed of an object moving along a straight line keeps changing, its motion is said to be non-uniform. On the other hand, an object moving along a straight line with a constant speed is said to be in uniform motion. In this case, the average speed is the same as the actual speed.

We can determine the speed of a given object once we can measure the time taken by it to cover a certain distance. In Class VI you learnt how to measure distances. But, how do we measure time?

If you did not have a clock, how would you decide what time of the day it is? Have you ever wondered how our elders could tell the approximate time of the day by just looking at shadows?

How do we measure time interval of a month? A year? Our ancestors noticed that many events in nature repeat themselves after definite intervals of time. For example, they found that the sun rises everyday in the morning. The time between one sunrise and the next was called a day. Similarly, a month was measured from one new moon to the next. A year was fixed as the time taken by the earth to complete one revolution of the sun.

Often we need to measure intervals of time which are much shorter than a day. Clocks or watches are perhaps the most common time measuring devices. Have you ever wondered how clocks and watches measure time?

The working of clocks is rather complex. But all of them make use of some periodic motion. One of the most well-known periodic motions is that of a simple pendulum.

A simple pendulum consists of a small metallic ball or a piece of stone suspended from a rigid stand by a thread. The metallic ball is called the bob of the pendulum. When the bob of the pendulum is released after taking it slightly to one side, it begins to move to and fro. The to and fro motion of a simple pendulum is an example of a periodic or an oscillatory motion.

The pendulum is said to have completed one oscillation when its bob, starting from its mean position, moves to one side, to the other side and back to the mean position. The time taken by the pendulum to complete one oscillation is called its time period.

To measure the time period of a pendulum we will need a stopwatch, or a table clock or wristwatch. Set the pendulum in motion and measure the time the pendulum takes to complete 20 oscillations. By dividing the total time taken for 20 oscillations by 20, you get the time period of the pendulum.

Is the time period of your pendulum nearly the same in all cases? Note that a slight change in the initial displacement does not affect the time period of your pendulum.

Nowadays most clocks or watches have an electric circuit with one or more cells. These clocks are called quartz clocks. The time measured by quartz clocks is much more accurate than that by the clocks available earlier.

The basic unit of time is a second, symbol s. Larger units of time are minutes (min) and hours (h). Since speed is distance/time, the basic unit of speed is m/s. It can also be expressed in other units such as m/min or km/h. Remember the symbols of all units are written in singular. For example, we write 50 km and not 50 kms.

Different units of time are used depending on the need. For example, it is convenient to express your age in years rather than in days or hours.

Many time measuring devices were used in different parts of the world before the pendulum clocks became popular—sundials, water clocks and sand clocks are some examples.

Once you know the speed of an object, you can find the distance moved by it in a given time:
Distance covered = Speed × Time

You can also find the time an object would take to cover a distance while moving with a given speed:
Time taken = Distance / Speed

You might have seen a meter fitted on top of a scooter or a motorcycle. Similarly, meters can be seen on the dashboards of cars, buses and other vehicles. One meter is called a speedometer. It records the speed directly in km/h. Another meter measures the distance moved by the vehicle, called an odometer.

Information can be presented in various forms of graphs to make it interesting. The distance-time graph is a line graph. In plotting such a graph we show the time along the x-axis and the distance along the y-axis. Choose a suitable scale for both axes, mark the points as per the data, and join the points to get the graph.

If the distance-time graph is a straight line, it indicates that the object is moving with a constant speed. If the speed keeps changing, the graph can be of another shape.

From the distance-time graph, we can find the distance moved at any instant of time, not just at fixed intervals.",A car moves with a speed of 40 km/h for 15 minutes and then with a speed of 60 km/h for the next 15 minutes. The total distance covered by the car is:,"For 15 min at 40 km/h:
Time = 0.25 h
Distance = 40 × 0.25 = 10 km

For next 15 min at 60 km/h:
Time = 0.25 h
Distance = 60 × 0.25 = 15 km

Total distance covered = 10 km + 15 km = 25 km"
"We know that some vehicles move faster than others. Even the same vehicle may move faster or slower at different times. Make a list of ten objects moving along a straight path. Group the motion of these objects as slow and fast. How did you decide which object is moving slow and which one is moving fast?

If vehicles are moving on a road in the same direction, we can easily tell which one of them is moving faster than the other. Let us look at the motion of vehicles moving on a road.

The distance moved by objects in a given interval of time can help us to decide which one is faster or slower. For example, imagine that you have gone to see off your friend at the bus stand. Suppose you start pedalling your bicycle at the same time as the bus begins to move. The distance covered by you after 5 minutes would be much smaller than that covered by the bus. Would you say that the bus is moving faster than the bicycle?

We often say that the faster vehicle has a higher speed. In a 100-metre race it is easy to decide whose speed is the highest. One who takes the shortest time to cover the distance of 100 metres has the highest speed.

You are probably familiar with the word speed. In the examples given above, a higher speed seems to indicate that a given distance has been covered in a shorter time, or a larger distance covered in a given time.

The most convenient way to find out which of the two or more objects is moving faster is to compare the distances moved by them in a unit time. Thus, if we know the distance covered by two buses in one hour, we can tell which one is faster. We call the distance covered by an object in a unit time as the speed of the object.

When we say that a car is moving with a speed of 50 kilometres per hour, it implies that it will cover a distance of 50 kilometres in one hour. However, a car seldom moves with a constant speed for one hour. In fact, it starts moving slowly and then picks up speed. So, when we say that the car has a speed of 50 kilometres per hour, we usually consider only the total distance covered by it in one hour. We do not bother whether the car has been moving with a constant speed or not during that hour. The speed calculated here is actually the average speed of the car. In this book we shall use the term speed for average speed. So, for us the speed is the total distance covered divided by the total time taken.

Speed = Total distance covered / Total time taken

In everyday life we seldom find objects moving with a constant speed over long distances or for long durations of time. If the speed of an object moving along a straight line keeps changing, its motion is said to be non-uniform. On the other hand, an object moving along a straight line with a constant speed is said to be in uniform motion. In this case, the average speed is the same as the actual speed.

We can determine the speed of a given object once we can measure the time taken by it to cover a certain distance. In Class VI you learnt how to measure distances. But, how do we measure time?

If you did not have a clock, how would you decide what time of the day it is? Have you ever wondered how our elders could tell the approximate time of the day by just looking at shadows?

How do we measure time interval of a month? A year? Our ancestors noticed that many events in nature repeat themselves after definite intervals of time. For example, they found that the sun rises everyday in the morning. The time between one sunrise and the next was called a day. Similarly, a month was measured from one new moon to the next. A year was fixed as the time taken by the earth to complete one revolution of the sun.

Often we need to measure intervals of time which are much shorter than a day. Clocks or watches are perhaps the most common time measuring devices. Have you ever wondered how clocks and watches measure time?

The working of clocks is rather complex. But all of them make use of some periodic motion. One of the most well-known periodic motions is that of a simple pendulum.

A simple pendulum consists of a small metallic ball or a piece of stone suspended from a rigid stand by a thread. The metallic ball is called the bob of the pendulum. When the bob of the pendulum is released after taking it slightly to one side, it begins to move to and fro. The to and fro motion of a simple pendulum is an example of a periodic or an oscillatory motion.

The pendulum is said to have completed one oscillation when its bob, starting from its mean position, moves to one side, to the other side and back to the mean position. The time taken by the pendulum to complete one oscillation is called its time period.

To measure the time period of a pendulum we will need a stopwatch, or a table clock or wristwatch. Set the pendulum in motion and measure the time the pendulum takes to complete 20 oscillations. By dividing the total time taken for 20 oscillations by 20, you get the time period of the pendulum.

Is the time period of your pendulum nearly the same in all cases? Note that a slight change in the initial displacement does not affect the time period of your pendulum.

Nowadays most clocks or watches have an electric circuit with one or more cells. These clocks are called quartz clocks. The time measured by quartz clocks is much more accurate than that by the clocks available earlier.

The basic unit of time is a second, symbol s. Larger units of time are minutes (min) and hours (h). Since speed is distance/time, the basic unit of speed is m/s. It can also be expressed in other units such as m/min or km/h. Remember the symbols of all units are written in singular. For example, we write 50 km and not 50 kms.

Different units of time are used depending on the need. For example, it is convenient to express your age in years rather than in days or hours.

Many time measuring devices were used in different parts of the world before the pendulum clocks became popular—sundials, water clocks and sand clocks are some examples.

Once you know the speed of an object, you can find the distance moved by it in a given time:
Distance covered = Speed × Time

You can also find the time an object would take to cover a distance while moving with a given speed:
Time taken = Distance / Speed

You might have seen a meter fitted on top of a scooter or a motorcycle. Similarly, meters can be seen on the dashboards of cars, buses and other vehicles. One meter is called a speedometer. It records the speed directly in km/h. Another meter measures the distance moved by the vehicle, called an odometer.

Information can be presented in various forms of graphs to make it interesting. The distance-time graph is a line graph. In plotting such a graph we show the time along the x-axis and the distance along the y-axis. Choose a suitable scale for both axes, mark the points as per the data, and join the points to get the graph.

If the distance-time graph is a straight line, it indicates that the object is moving with a constant speed. If the speed keeps changing, the graph can be of another shape.

From the distance-time graph, we can find the distance moved at any instant of time, not just at fixed intervals."," Suppose the two photographs, shown in the chapter, had been taken at an interval of 10 seconds. If a distance of 100 metres is shown by 1 cm in these photographs, calculate the speed of the fastest car.","Each 1 cm = 100 m. Distance shown by the fastest car = 1.2 cm = 120 m

Time interval = 10 seconds

Speed = Distance / Time = 120 m / 10 s = 12 m/s"
"Some common electric components can be represented by symbols. You may come across different symbols for these components in different books, but this book uses specific symbols. In the symbol for the electric cell, note that there is a longer line and a shorter but thicker parallel line. The longer line represents the positive terminal and the thicker, shorter line represents the negative terminal.

For a switch, the ‘ON’ and ‘OFF’ positions are represented by different symbols. Wires in a circuit are represented by lines. A battery is a combination of two or more cells, connected such that the positive terminal of one is connected to the negative terminal of the next. You can make a cell holder using a wooden block, iron strips and rubber bands, or buy cell holders from the market. Place cells in them so that the positive terminal of one cell is connected to the negative of the next.

Many devices such as torches, transistors, toys, and TV remote controls use batteries, which are just combinations of cells. Sometimes, cells are placed side by side, but the positive terminal is always connected to the negative of the next cell.

It is much easier to draw a circuit diagram using symbols than a detailed drawing, so circuit diagrams are generally preferred.

When the switch is in the ‘ON’ position, the circuit from the positive terminal of the battery to the negative terminal is complete—this is a closed circuit and current flows instantly. When the switch is in the ‘OFF’ position, the circuit is incomplete—this is an open circuit and no current flows.

In the bulb, there is a thin wire called the filament, which glows when an electric current passes through it. When the bulb gets fused, its filament is broken and the circuit becomes incomplete, so the bulb does not glow.

10.2 Heating Effect of Electric Current
Take an electric cell, a bulb, a switch, and connecting wires. Connect them so as to make a circuit. The bulb glows only when the switch is ‘ON’ and the circuit is complete. When current passes through a wire, it gets heated—this is the heating effect of electric current.

Many electric appliances use the heating effect of current, such as electric room heaters, immersion heaters, hotplates, irons, geysers, electric kettles, and hair dryers. These devices contain a coil of wire called an element, which heats up when current flows through it. The amount of heat produced depends on the material, length, and thickness of the wire. The wires used for making electric circuits do not normally become hot, because they are thick and offer little resistance, while the coil in heating devices is designed to become hot.

Incandescent electric bulbs also use the heating effect; their filaments get hot and glow to give light, but a lot of energy is wasted as heat. Fluorescent tube-lights, CFLs, and LED bulbs are more energy efficient. Fluorescent tubes and CFLs contain toxic mercury vapour and need proper disposal. LED bulbs are highly electricity efficient.

Bureau of Indian Standards assigns the ISI mark to products conforming to specifications, including energy efficiency and safety.

If a large current passes through a wire, it may become so hot that it melts and breaks. Wires made from some special materials, which melt quickly, are used for making electric fuses. Fuses are a safety device: they break the circuit if the current exceeds safe limits. This prevents damage to electrical appliances and possible fires. The reasons for excessive current in circuits can be short-circuits or overloads.

Miniature Circuit Breakers (MCB) are switches that automatically turn off when the current exceeds the safe limit. They can be turned on again to complete the circuit.

Always use proper fuses and MCBs as per specifications, never replace a fuse with ordinary wire.

10.3 Magnetic Effect of Electric Current
When current flows through a wire, it acts as a magnet—this is known as the magnetic effect of electric current. This effect can be observed by bringing a compass needle close to a current-carrying wire; the needle gets deflected.

Hans Christian Oersted, a scientist, first observed the deflection of a compass needle when current passed through a nearby wire, proving the magnetic effect of current. When electric current flows through a wire, it behaves like a magnet.

10.4 Electromagnet
You can make an electromagnet by coiling an insulated wire around an iron nail and passing current through the wire. The coil behaves like a magnet when current flows. When current is stopped, the coil generally loses its magnetism. Electromagnets can be made very strong and are used to lift heavy loads, in cranes, and to separate magnetic materials from junk. Tiny electromagnets are used by doctors to remove small magnetic objects from the eye, and in many toys.

10.5 Electric Bell
An electric bell contains an electromagnet. When the switch is in the ‘ON’ position, the current passes through a coil, making it an electromagnet. This electromagnet pulls an iron strip with a hammer, striking the gong to produce sound. When pulled, the iron strip breaks the circuit, and the electromagnet loses its magnetism; the strip returns to its original position, completing the circuit again. This process repeats rapidly, causing the bell to ring.", Name any two effects of electric current.,"Heating effect of electric current

Magnetic effect of electric current"
"Some common electric components can be represented by symbols. You may come across different symbols for these components in different books, but this book uses specific symbols. In the symbol for the electric cell, note that there is a longer line and a shorter but thicker parallel line. The longer line represents the positive terminal and the thicker, shorter line represents the negative terminal.

For a switch, the ‘ON’ and ‘OFF’ positions are represented by different symbols. Wires in a circuit are represented by lines. A battery is a combination of two or more cells, connected such that the positive terminal of one is connected to the negative terminal of the next. You can make a cell holder using a wooden block, iron strips and rubber bands, or buy cell holders from the market. Place cells in them so that the positive terminal of one cell is connected to the negative of the next.

Many devices such as torches, transistors, toys, and TV remote controls use batteries, which are just combinations of cells. Sometimes, cells are placed side by side, but the positive terminal is always connected to the negative of the next cell.

It is much easier to draw a circuit diagram using symbols than a detailed drawing, so circuit diagrams are generally preferred.

When the switch is in the ‘ON’ position, the circuit from the positive terminal of the battery to the negative terminal is complete—this is a closed circuit and current flows instantly. When the switch is in the ‘OFF’ position, the circuit is incomplete—this is an open circuit and no current flows.

In the bulb, there is a thin wire called the filament, which glows when an electric current passes through it. When the bulb gets fused, its filament is broken and the circuit becomes incomplete, so the bulb does not glow.

10.2 Heating Effect of Electric Current
Take an electric cell, a bulb, a switch, and connecting wires. Connect them so as to make a circuit. The bulb glows only when the switch is ‘ON’ and the circuit is complete. When current passes through a wire, it gets heated—this is the heating effect of electric current.

Many electric appliances use the heating effect of current, such as electric room heaters, immersion heaters, hotplates, irons, geysers, electric kettles, and hair dryers. These devices contain a coil of wire called an element, which heats up when current flows through it. The amount of heat produced depends on the material, length, and thickness of the wire. The wires used for making electric circuits do not normally become hot, because they are thick and offer little resistance, while the coil in heating devices is designed to become hot.

Incandescent electric bulbs also use the heating effect; their filaments get hot and glow to give light, but a lot of energy is wasted as heat. Fluorescent tube-lights, CFLs, and LED bulbs are more energy efficient. Fluorescent tubes and CFLs contain toxic mercury vapour and need proper disposal. LED bulbs are highly electricity efficient.

Bureau of Indian Standards assigns the ISI mark to products conforming to specifications, including energy efficiency and safety.

If a large current passes through a wire, it may become so hot that it melts and breaks. Wires made from some special materials, which melt quickly, are used for making electric fuses. Fuses are a safety device: they break the circuit if the current exceeds safe limits. This prevents damage to electrical appliances and possible fires. The reasons for excessive current in circuits can be short-circuits or overloads.

Miniature Circuit Breakers (MCB) are switches that automatically turn off when the current exceeds the safe limit. They can be turned on again to complete the circuit.

Always use proper fuses and MCBs as per specifications, never replace a fuse with ordinary wire.

10.3 Magnetic Effect of Electric Current
When current flows through a wire, it acts as a magnet—this is known as the magnetic effect of electric current. This effect can be observed by bringing a compass needle close to a current-carrying wire; the needle gets deflected.

Hans Christian Oersted, a scientist, first observed the deflection of a compass needle when current passed through a nearby wire, proving the magnetic effect of current. When electric current flows through a wire, it behaves like a magnet.

10.4 Electromagnet
You can make an electromagnet by coiling an insulated wire around an iron nail and passing current through the wire. The coil behaves like a magnet when current flows. When current is stopped, the coil generally loses its magnetism. Electromagnets can be made very strong and are used to lift heavy loads, in cranes, and to separate magnetic materials from junk. Tiny electromagnets are used by doctors to remove small magnetic objects from the eye, and in many toys.

10.5 Electric Bell
An electric bell contains an electromagnet. When the switch is in the ‘ON’ position, the current passes through a coil, making it an electromagnet. This electromagnet pulls an iron strip with a hammer, striking the gong to produce sound. When pulled, the iron strip breaks the circuit, and the electromagnet loses its magnetism; the strip returns to its original position, completing the circuit again. This process repeats rapidly, causing the bell to ring."," When the current is switched on through a wire, a compass needle kept nearby gets deflected from its north-south position. Explain.","When the current is switched on through a wire, a magnetic field is created around the wire. This magnetic field interacts with the compass needle, causing it to deflect from its north-south position."
"Some common electric components can be represented by symbols. You may come across different symbols for these components in different books, but this book uses specific symbols. In the symbol for the electric cell, note that there is a longer line and a shorter but thicker parallel line. The longer line represents the positive terminal and the thicker, shorter line represents the negative terminal.

For a switch, the ‘ON’ and ‘OFF’ positions are represented by different symbols. Wires in a circuit are represented by lines. A battery is a combination of two or more cells, connected such that the positive terminal of one is connected to the negative terminal of the next. You can make a cell holder using a wooden block, iron strips and rubber bands, or buy cell holders from the market. Place cells in them so that the positive terminal of one cell is connected to the negative of the next.

Many devices such as torches, transistors, toys, and TV remote controls use batteries, which are just combinations of cells. Sometimes, cells are placed side by side, but the positive terminal is always connected to the negative of the next cell.

It is much easier to draw a circuit diagram using symbols than a detailed drawing, so circuit diagrams are generally preferred.

When the switch is in the ‘ON’ position, the circuit from the positive terminal of the battery to the negative terminal is complete—this is a closed circuit and current flows instantly. When the switch is in the ‘OFF’ position, the circuit is incomplete—this is an open circuit and no current flows.

In the bulb, there is a thin wire called the filament, which glows when an electric current passes through it. When the bulb gets fused, its filament is broken and the circuit becomes incomplete, so the bulb does not glow.

10.2 Heating Effect of Electric Current
Take an electric cell, a bulb, a switch, and connecting wires. Connect them so as to make a circuit. The bulb glows only when the switch is ‘ON’ and the circuit is complete. When current passes through a wire, it gets heated—this is the heating effect of electric current.

Many electric appliances use the heating effect of current, such as electric room heaters, immersion heaters, hotplates, irons, geysers, electric kettles, and hair dryers. These devices contain a coil of wire called an element, which heats up when current flows through it. The amount of heat produced depends on the material, length, and thickness of the wire. The wires used for making electric circuits do not normally become hot, because they are thick and offer little resistance, while the coil in heating devices is designed to become hot.

Incandescent electric bulbs also use the heating effect; their filaments get hot and glow to give light, but a lot of energy is wasted as heat. Fluorescent tube-lights, CFLs, and LED bulbs are more energy efficient. Fluorescent tubes and CFLs contain toxic mercury vapour and need proper disposal. LED bulbs are highly electricity efficient.

Bureau of Indian Standards assigns the ISI mark to products conforming to specifications, including energy efficiency and safety.

If a large current passes through a wire, it may become so hot that it melts and breaks. Wires made from some special materials, which melt quickly, are used for making electric fuses. Fuses are a safety device: they break the circuit if the current exceeds safe limits. This prevents damage to electrical appliances and possible fires. The reasons for excessive current in circuits can be short-circuits or overloads.

Miniature Circuit Breakers (MCB) are switches that automatically turn off when the current exceeds the safe limit. They can be turned on again to complete the circuit.

Always use proper fuses and MCBs as per specifications, never replace a fuse with ordinary wire.

10.3 Magnetic Effect of Electric Current
When current flows through a wire, it acts as a magnet—this is known as the magnetic effect of electric current. This effect can be observed by bringing a compass needle close to a current-carrying wire; the needle gets deflected.

Hans Christian Oersted, a scientist, first observed the deflection of a compass needle when current passed through a nearby wire, proving the magnetic effect of current. When electric current flows through a wire, it behaves like a magnet.

10.4 Electromagnet
You can make an electromagnet by coiling an insulated wire around an iron nail and passing current through the wire. The coil behaves like a magnet when current flows. When current is stopped, the coil generally loses its magnetism. Electromagnets can be made very strong and are used to lift heavy loads, in cranes, and to separate magnetic materials from junk. Tiny electromagnets are used by doctors to remove small magnetic objects from the eye, and in many toys.

10.5 Electric Bell
An electric bell contains an electromagnet. When the switch is in the ‘ON’ position, the current passes through a coil, making it an electromagnet. This electromagnet pulls an iron strip with a hammer, striking the gong to produce sound. When pulled, the iron strip breaks the circuit, and the electromagnet loses its magnetism; the strip returns to its original position, completing the circuit again. This process repeats rapidly, causing the bell to ring.",Will the compass needle show deflection when the switch in the circuit shown by Fig. 10.24 is closed?,"No, the compass needle does not show deflection when the switch is closed unless current is actually flowing through the circuit. The magnetic field, and thus deflection, is only present when current flows."
"Some common electric components can be represented by symbols. You may come across different symbols for these components in different books, but this book uses specific symbols. In the symbol for the electric cell, note that there is a longer line and a shorter but thicker parallel line. The longer line represents the positive terminal and the thicker, shorter line represents the negative terminal.

For a switch, the ‘ON’ and ‘OFF’ positions are represented by different symbols. Wires in a circuit are represented by lines. A battery is a combination of two or more cells, connected such that the positive terminal of one is connected to the negative terminal of the next. You can make a cell holder using a wooden block, iron strips and rubber bands, or buy cell holders from the market. Place cells in them so that the positive terminal of one cell is connected to the negative of the next.

Many devices such as torches, transistors, toys, and TV remote controls use batteries, which are just combinations of cells. Sometimes, cells are placed side by side, but the positive terminal is always connected to the negative of the next cell.

It is much easier to draw a circuit diagram using symbols than a detailed drawing, so circuit diagrams are generally preferred.

When the switch is in the ‘ON’ position, the circuit from the positive terminal of the battery to the negative terminal is complete—this is a closed circuit and current flows instantly. When the switch is in the ‘OFF’ position, the circuit is incomplete—this is an open circuit and no current flows.

In the bulb, there is a thin wire called the filament, which glows when an electric current passes through it. When the bulb gets fused, its filament is broken and the circuit becomes incomplete, so the bulb does not glow.

10.2 Heating Effect of Electric Current
Take an electric cell, a bulb, a switch, and connecting wires. Connect them so as to make a circuit. The bulb glows only when the switch is ‘ON’ and the circuit is complete. When current passes through a wire, it gets heated—this is the heating effect of electric current.

Many electric appliances use the heating effect of current, such as electric room heaters, immersion heaters, hotplates, irons, geysers, electric kettles, and hair dryers. These devices contain a coil of wire called an element, which heats up when current flows through it. The amount of heat produced depends on the material, length, and thickness of the wire. The wires used for making electric circuits do not normally become hot, because they are thick and offer little resistance, while the coil in heating devices is designed to become hot.

Incandescent electric bulbs also use the heating effect; their filaments get hot and glow to give light, but a lot of energy is wasted as heat. Fluorescent tube-lights, CFLs, and LED bulbs are more energy efficient. Fluorescent tubes and CFLs contain toxic mercury vapour and need proper disposal. LED bulbs are highly electricity efficient.

Bureau of Indian Standards assigns the ISI mark to products conforming to specifications, including energy efficiency and safety.

If a large current passes through a wire, it may become so hot that it melts and breaks. Wires made from some special materials, which melt quickly, are used for making electric fuses. Fuses are a safety device: they break the circuit if the current exceeds safe limits. This prevents damage to electrical appliances and possible fires. The reasons for excessive current in circuits can be short-circuits or overloads.

Miniature Circuit Breakers (MCB) are switches that automatically turn off when the current exceeds the safe limit. They can be turned on again to complete the circuit.

Always use proper fuses and MCBs as per specifications, never replace a fuse with ordinary wire.

10.3 Magnetic Effect of Electric Current
When current flows through a wire, it acts as a magnet—this is known as the magnetic effect of electric current. This effect can be observed by bringing a compass needle close to a current-carrying wire; the needle gets deflected.

Hans Christian Oersted, a scientist, first observed the deflection of a compass needle when current passed through a nearby wire, proving the magnetic effect of current. When electric current flows through a wire, it behaves like a magnet.

10.4 Electromagnet
You can make an electromagnet by coiling an insulated wire around an iron nail and passing current through the wire. The coil behaves like a magnet when current flows. When current is stopped, the coil generally loses its magnetism. Electromagnets can be made very strong and are used to lift heavy loads, in cranes, and to separate magnetic materials from junk. Tiny electromagnets are used by doctors to remove small magnetic objects from the eye, and in many toys.

10.5 Electric Bell
An electric bell contains an electromagnet. When the switch is in the ‘ON’ position, the current passes through a coil, making it an electromagnet. This electromagnet pulls an iron strip with a hammer, striking the gong to produce sound. When pulled, the iron strip breaks the circuit, and the electromagnet loses its magnetism; the strip returns to its original position, completing the circuit again. This process repeats rapidly, causing the bell to ring.",Do you think an electromagnet can be used for separating plastic bags from a garbage heap? Explain.,"No. Plastic does not have magnetic properties and is not attracted to a magnet, so an electromagnet cannot be used to separate plastic bags from a garbage heap."
"Some common electric components can be represented by symbols. You may come across different symbols for these components in different books, but this book uses specific symbols. In the symbol for the electric cell, note that there is a longer line and a shorter but thicker parallel line. The longer line represents the positive terminal and the thicker, shorter line represents the negative terminal.

For a switch, the ‘ON’ and ‘OFF’ positions are represented by different symbols. Wires in a circuit are represented by lines. A battery is a combination of two or more cells, connected such that the positive terminal of one is connected to the negative terminal of the next. You can make a cell holder using a wooden block, iron strips and rubber bands, or buy cell holders from the market. Place cells in them so that the positive terminal of one cell is connected to the negative of the next.

Many devices such as torches, transistors, toys, and TV remote controls use batteries, which are just combinations of cells. Sometimes, cells are placed side by side, but the positive terminal is always connected to the negative of the next cell.

It is much easier to draw a circuit diagram using symbols than a detailed drawing, so circuit diagrams are generally preferred.

When the switch is in the ‘ON’ position, the circuit from the positive terminal of the battery to the negative terminal is complete—this is a closed circuit and current flows instantly. When the switch is in the ‘OFF’ position, the circuit is incomplete—this is an open circuit and no current flows.

In the bulb, there is a thin wire called the filament, which glows when an electric current passes through it. When the bulb gets fused, its filament is broken and the circuit becomes incomplete, so the bulb does not glow.

10.2 Heating Effect of Electric Current
Take an electric cell, a bulb, a switch, and connecting wires. Connect them so as to make a circuit. The bulb glows only when the switch is ‘ON’ and the circuit is complete. When current passes through a wire, it gets heated—this is the heating effect of electric current.

Many electric appliances use the heating effect of current, such as electric room heaters, immersion heaters, hotplates, irons, geysers, electric kettles, and hair dryers. These devices contain a coil of wire called an element, which heats up when current flows through it. The amount of heat produced depends on the material, length, and thickness of the wire. The wires used for making electric circuits do not normally become hot, because they are thick and offer little resistance, while the coil in heating devices is designed to become hot.

Incandescent electric bulbs also use the heating effect; their filaments get hot and glow to give light, but a lot of energy is wasted as heat. Fluorescent tube-lights, CFLs, and LED bulbs are more energy efficient. Fluorescent tubes and CFLs contain toxic mercury vapour and need proper disposal. LED bulbs are highly electricity efficient.

Bureau of Indian Standards assigns the ISI mark to products conforming to specifications, including energy efficiency and safety.

If a large current passes through a wire, it may become so hot that it melts and breaks. Wires made from some special materials, which melt quickly, are used for making electric fuses. Fuses are a safety device: they break the circuit if the current exceeds safe limits. This prevents damage to electrical appliances and possible fires. The reasons for excessive current in circuits can be short-circuits or overloads.

Miniature Circuit Breakers (MCB) are switches that automatically turn off when the current exceeds the safe limit. They can be turned on again to complete the circuit.

Always use proper fuses and MCBs as per specifications, never replace a fuse with ordinary wire.

10.3 Magnetic Effect of Electric Current
When current flows through a wire, it acts as a magnet—this is known as the magnetic effect of electric current. This effect can be observed by bringing a compass needle close to a current-carrying wire; the needle gets deflected.

Hans Christian Oersted, a scientist, first observed the deflection of a compass needle when current passed through a nearby wire, proving the magnetic effect of current. When electric current flows through a wire, it behaves like a magnet.

10.4 Electromagnet
You can make an electromagnet by coiling an insulated wire around an iron nail and passing current through the wire. The coil behaves like a magnet when current flows. When current is stopped, the coil generally loses its magnetism. Electromagnets can be made very strong and are used to lift heavy loads, in cranes, and to separate magnetic materials from junk. Tiny electromagnets are used by doctors to remove small magnetic objects from the eye, and in many toys.

10.5 Electric Bell
An electric bell contains an electromagnet. When the switch is in the ‘ON’ position, the current passes through a coil, making it an electromagnet. This electromagnet pulls an iron strip with a hammer, striking the gong to produce sound. When pulled, the iron strip breaks the circuit, and the electromagnet loses its magnetism; the strip returns to its original position, completing the circuit again. This process repeats rapidly, causing the bell to ring.",An electrician is carrying out some repairs in your house. He wants to replace a fuse by a piece of wire. Would you agree? Give reasons for your response.,"No, it is not a good idea to replace a fuse with a piece of wire. A fuse is designed to melt and break the circuit if the current exceeds safe limits, protecting appliances from damage. A plain wire may not melt at the correct current and could allow excessive current, causing overheating and possible fire hazards."
"Some common electric components can be represented by symbols. You may come across different symbols for these components in different books, but this book uses specific symbols. In the symbol for the electric cell, note that there is a longer line and a shorter but thicker parallel line. The longer line represents the positive terminal and the thicker, shorter line represents the negative terminal.

For a switch, the ‘ON’ and ‘OFF’ positions are represented by different symbols. Wires in a circuit are represented by lines. A battery is a combination of two or more cells, connected such that the positive terminal of one is connected to the negative terminal of the next. You can make a cell holder using a wooden block, iron strips and rubber bands, or buy cell holders from the market. Place cells in them so that the positive terminal of one cell is connected to the negative of the next.

Many devices such as torches, transistors, toys, and TV remote controls use batteries, which are just combinations of cells. Sometimes, cells are placed side by side, but the positive terminal is always connected to the negative of the next cell.

It is much easier to draw a circuit diagram using symbols than a detailed drawing, so circuit diagrams are generally preferred.

When the switch is in the ‘ON’ position, the circuit from the positive terminal of the battery to the negative terminal is complete—this is a closed circuit and current flows instantly. When the switch is in the ‘OFF’ position, the circuit is incomplete—this is an open circuit and no current flows.

In the bulb, there is a thin wire called the filament, which glows when an electric current passes through it. When the bulb gets fused, its filament is broken and the circuit becomes incomplete, so the bulb does not glow.

10.2 Heating Effect of Electric Current
Take an electric cell, a bulb, a switch, and connecting wires. Connect them so as to make a circuit. The bulb glows only when the switch is ‘ON’ and the circuit is complete. When current passes through a wire, it gets heated—this is the heating effect of electric current.

Many electric appliances use the heating effect of current, such as electric room heaters, immersion heaters, hotplates, irons, geysers, electric kettles, and hair dryers. These devices contain a coil of wire called an element, which heats up when current flows through it. The amount of heat produced depends on the material, length, and thickness of the wire. The wires used for making electric circuits do not normally become hot, because they are thick and offer little resistance, while the coil in heating devices is designed to become hot.

Incandescent electric bulbs also use the heating effect; their filaments get hot and glow to give light, but a lot of energy is wasted as heat. Fluorescent tube-lights, CFLs, and LED bulbs are more energy efficient. Fluorescent tubes and CFLs contain toxic mercury vapour and need proper disposal. LED bulbs are highly electricity efficient.

Bureau of Indian Standards assigns the ISI mark to products conforming to specifications, including energy efficiency and safety.

If a large current passes through a wire, it may become so hot that it melts and breaks. Wires made from some special materials, which melt quickly, are used for making electric fuses. Fuses are a safety device: they break the circuit if the current exceeds safe limits. This prevents damage to electrical appliances and possible fires. The reasons for excessive current in circuits can be short-circuits or overloads.

Miniature Circuit Breakers (MCB) are switches that automatically turn off when the current exceeds the safe limit. They can be turned on again to complete the circuit.

Always use proper fuses and MCBs as per specifications, never replace a fuse with ordinary wire.

10.3 Magnetic Effect of Electric Current
When current flows through a wire, it acts as a magnet—this is known as the magnetic effect of electric current. This effect can be observed by bringing a compass needle close to a current-carrying wire; the needle gets deflected.

Hans Christian Oersted, a scientist, first observed the deflection of a compass needle when current passed through a nearby wire, proving the magnetic effect of current. When electric current flows through a wire, it behaves like a magnet.

10.4 Electromagnet
You can make an electromagnet by coiling an insulated wire around an iron nail and passing current through the wire. The coil behaves like a magnet when current flows. When current is stopped, the coil generally loses its magnetism. Electromagnets can be made very strong and are used to lift heavy loads, in cranes, and to separate magnetic materials from junk. Tiny electromagnets are used by doctors to remove small magnetic objects from the eye, and in many toys.

10.5 Electric Bell
An electric bell contains an electromagnet. When the switch is in the ‘ON’ position, the current passes through a coil, making it an electromagnet. This electromagnet pulls an iron strip with a hammer, striking the gong to produce sound. When pulled, the iron strip breaks the circuit, and the electromagnet loses its magnetism; the strip returns to its original position, completing the circuit again. This process repeats rapidly, causing the bell to ring.","Zubeda made an electric circuit using a cell holder shown in Fig. 10.4, a switch and a bulb. When she put the switch in the 'ON' position, the bulb did not glow. Help Zubeda in identifying the possible defects in the circuit","Possible defects could be:

The connecting wire may be loose.

The electric cell may be used up or exhausted.

The switch may not be functioning well.

The cell holder may not be connected properly."
"You might have seen a beam of sunlight when it enters a room through a narrow opening or a hole. You may have also seen beams of light from the headlamps of scooters, cars and engines of trains. Similarly, a beam of light can be seen from a torch. Some of you may have seen a beam of searchlight from a lighthouse or from an airport tower.

11.1 Light Travels Along a Straight Line
Boojho recalls an activity he performed in Class VI. In that activity he looked at a lighted candle first through a straight pipe and then through a bent pipe. Why was Boojho not able to see the candle flame through a bent pipe? This activity showed that light travels along straight lines.

How can we change the path of light? Do you know what happens when light falls on a polished or a shiny surface?

11.2 Reflection of Light
One way to change the direction of light is to let it fall on a shiny surface. For example, a shining stainless steel plate or a shining steel spoon can change the direction of light. The surface of water can also act like a mirror and change the path of light. Have you ever seen the reflection of trees or buildings in water?

Any polished or a shiny surface can act as a mirror. What happens when light falls on a mirror? You have learnt in Class VI that a mirror changes the direction of light that falls on it. This change of direction by a mirror is called reflection of light.

Let us perform an activity: Take a torch. Cover its glass with a chart paper which has three narrow slits. Spread a sheet of chart paper on a smooth wooden board. Fix a plane mirror strip vertically on the chart paper. Now direct the beam of light on the mirror from the torch with slits. Place the torch so that its light is seen along the chart paper. Adjust its position so the light from the torch strikes the plane mirror at an angle. Does the mirror change the direction of light? Move the torch to either side. Do you find any change in the direction of reflected light? Look into the mirror along the direction of reflected light. Do you see the slits in the mirror? This is the image of the slits. This activity shows how light gets reflected from a plane mirror.

Now, place a lighted candle in front of a plane mirror. Try to see the flame of the candle in the mirror. It appears as if a similar candle is placed behind the mirror. The candle, which appears behind the mirror, is the image of the candle formed by the mirror. The candle itself is the object.

Move the candle to different positions in front of the mirror. Observe the image in each case. Was the image upright in each case? Did the flame appear on top of the candle as in the object? Such an image is called erect. An image formed by a plane mirror is erect and of the same size as the object.

Now place a vertical screen behind the mirror. Try to obtain the image of the candle on this screen. Can you get the image on the screen? Now place the screen in front of the mirror. Can you get the image on the screen now? You will find that the image of the candle cannot be obtained on the screen in either case.

Take a chess board or draw 64 squares on a chart paper, make a thick line in the middle, fix a plane mirror vertically on this line. Place any small object at the boundary of a square, note the position of the image, and move the object to other squares. You will find that the image is at the same distance behind the mirror as the object is in front of it.

11.3 Right or Left!
When you see your image in a plane mirror, is it exactly like you? Stand in front of a plane mirror and look at your image. Raise your left hand. Which hand does your image raise? Now touch your right ear. Which ear does your hand touch in your image? You will find that in the mirror the 'right' appears 'left' and the 'left' appears 'right.' Only sides are interchanged; the image does not appear upside down.

If you write down your name on a piece of paper and hold it in front of a plane mirror, you can see how the letters look in the mirror. Boojho saw an ambulance with the word 'AMBULANCE' written in reverse in the front. This is so that drivers ahead can read 'AMBULANCE' correctly in their rear-view mirrors and give way.

In the side mirror of a scooter or car, the images of all the objects appear smaller than the objects themselves. These mirrors are not plane mirrors.

11.4 Playing with Spherical Mirrors
Boojho lifted a stainless steel plate and saw his image in it. The image was erect and of the same size. Paheli saw her image using the back of a steel spoon and found her image erect but smaller in size. The curved shining surface of a spoon acts as a mirror. The most common example of a curved mirror is a spherical mirror.

If the reflecting surface of a spherical mirror is concave, it is called a concave mirror. If the reflecting surface is convex, it is a convex mirror. The inner surface of a spoon acts like a concave mirror, while its outer surface acts like a convex mirror.

Take a concave mirror, hold it facing the Sun, and try to get the light reflected by the mirror on a sheet of paper. Adjust the distance to get a sharp bright spot. This bright spot is, in fact, the image of the Sun. This image is formed on a screen and is called a real image. The image formed by a plane mirror cannot be obtained on a screen; such an image is called a virtual image.

Try to obtain the image of a candle flame formed by a concave mirror on a screen by moving the candle and the screen. You can see that the image formed by a concave mirror can be smaller or larger in size than the object and may be real or virtual.

Concave mirrors are used by doctors for examining eyes, ears, nose, and throat, by dentists to see enlarged images of teeth, and as reflectors in torches and headlights.

Boojho saw his image in the shiny surface of the bell on his bicycle. The image was erect and smaller in size. The bell's surface is a convex mirror. Repeat the previous activity with a convex mirror instead of a concave one. A convex mirror always forms erect, virtual, and smaller images, no matter where the object is placed.

Convex mirrors are used as side mirrors in automobiles as they form images of objects spread over a large area, helping drivers see traffic behind them.

11.5 Images Formed by Lenses
You might have seen a magnifying glass, which is actually a type of lens. Lenses are widely used in spectacles, telescopes, and microscopes. Lenses which feel thicker in the middle than at the edges are convex lenses; those which feel thinner in the middle than at the edges are concave lenses. Lenses are transparent and allow light to pass through them.

Take a convex lens or magnifying glass, put it in the path of sunrays, and place a sheet of paper to find a bright spot. Hold the lens and paper in this position for a few minutes. The paper may begin to burn at the spot, showing that the convex lens brings light together.

A convex lens converges (bends inward) the light that falls on it and is called a converging lens. A concave lens diverges (bends outward) the light and is called a diverging lens. Study the images formed by a convex lens by placing a candle at different distances. You may get real or virtual images, depending on the position. A convex lens can be used as a magnifying glass.

A concave lens always forms an erect, virtual, and smaller image than the object.

11.6 Sunlight – White or Coloured?
After rain, when the Sun is low in the sky, a rainbow can be seen as a large arc with many colours. There are seven colours in a rainbow: red, orange, yellow, green, blue, indigo, and violet. This means that white light consists of seven colours. Soap bubbles, CDs, and other examples also show similar colours.

Place a glass prism in the path of a narrow beam of sunlight in a dark room. The light emerging from the prism forms bands of different colours on a screen. This shows that sunlight consists of seven colours.

If a disc is painted with these seven colours and spun very fast, it appears to be whitish. This demonstrates that white light is a mixture of seven colours.

Key points:

Light travels along straight lines.

Polished or shining surfaces act as mirrors.

A real image can be obtained on a screen, a virtual image cannot.

Images formed by plane mirrors are erect, virtual, and the same size as the object.

In sphere-shaped mirrors (concave or convex), images can be magnified, diminished, real or virtual, depending on the mirror type and object position.

Convex mirrors give a wider field of view; concave mirrors can focus light.

Convex and concave lenses form real or virtual images; convex lenses can magnify.

White light is composed of seven colours.",State the characteristics of the image formed by a plane mirror.,"The image distance and object distance from the mirror are equal.

The size of the image is equal to the size of the object.

The image formed is erect (upright) and virtual.

The image is laterally inverted (left and right are reversed)."
"You might have seen a beam of sunlight when it enters a room through a narrow opening or a hole. You may have also seen beams of light from the headlamps of scooters, cars and engines of trains. Similarly, a beam of light can be seen from a torch. Some of you may have seen a beam of searchlight from a lighthouse or from an airport tower.

11.1 Light Travels Along a Straight Line
Boojho recalls an activity he performed in Class VI. In that activity he looked at a lighted candle first through a straight pipe and then through a bent pipe. Why was Boojho not able to see the candle flame through a bent pipe? This activity showed that light travels along straight lines.

How can we change the path of light? Do you know what happens when light falls on a polished or a shiny surface?

11.2 Reflection of Light
One way to change the direction of light is to let it fall on a shiny surface. For example, a shining stainless steel plate or a shining steel spoon can change the direction of light. The surface of water can also act like a mirror and change the path of light. Have you ever seen the reflection of trees or buildings in water?

Any polished or a shiny surface can act as a mirror. What happens when light falls on a mirror? You have learnt in Class VI that a mirror changes the direction of light that falls on it. This change of direction by a mirror is called reflection of light.

Let us perform an activity: Take a torch. Cover its glass with a chart paper which has three narrow slits. Spread a sheet of chart paper on a smooth wooden board. Fix a plane mirror strip vertically on the chart paper. Now direct the beam of light on the mirror from the torch with slits. Place the torch so that its light is seen along the chart paper. Adjust its position so the light from the torch strikes the plane mirror at an angle. Does the mirror change the direction of light? Move the torch to either side. Do you find any change in the direction of reflected light? Look into the mirror along the direction of reflected light. Do you see the slits in the mirror? This is the image of the slits. This activity shows how light gets reflected from a plane mirror.

Now, place a lighted candle in front of a plane mirror. Try to see the flame of the candle in the mirror. It appears as if a similar candle is placed behind the mirror. The candle, which appears behind the mirror, is the image of the candle formed by the mirror. The candle itself is the object.

Move the candle to different positions in front of the mirror. Observe the image in each case. Was the image upright in each case? Did the flame appear on top of the candle as in the object? Such an image is called erect. An image formed by a plane mirror is erect and of the same size as the object.

Now place a vertical screen behind the mirror. Try to obtain the image of the candle on this screen. Can you get the image on the screen? Now place the screen in front of the mirror. Can you get the image on the screen now? You will find that the image of the candle cannot be obtained on the screen in either case.

Take a chess board or draw 64 squares on a chart paper, make a thick line in the middle, fix a plane mirror vertically on this line. Place any small object at the boundary of a square, note the position of the image, and move the object to other squares. You will find that the image is at the same distance behind the mirror as the object is in front of it.

11.3 Right or Left!
When you see your image in a plane mirror, is it exactly like you? Stand in front of a plane mirror and look at your image. Raise your left hand. Which hand does your image raise? Now touch your right ear. Which ear does your hand touch in your image? You will find that in the mirror the 'right' appears 'left' and the 'left' appears 'right.' Only sides are interchanged; the image does not appear upside down.

If you write down your name on a piece of paper and hold it in front of a plane mirror, you can see how the letters look in the mirror. Boojho saw an ambulance with the word 'AMBULANCE' written in reverse in the front. This is so that drivers ahead can read 'AMBULANCE' correctly in their rear-view mirrors and give way.

In the side mirror of a scooter or car, the images of all the objects appear smaller than the objects themselves. These mirrors are not plane mirrors.

11.4 Playing with Spherical Mirrors
Boojho lifted a stainless steel plate and saw his image in it. The image was erect and of the same size. Paheli saw her image using the back of a steel spoon and found her image erect but smaller in size. The curved shining surface of a spoon acts as a mirror. The most common example of a curved mirror is a spherical mirror.

If the reflecting surface of a spherical mirror is concave, it is called a concave mirror. If the reflecting surface is convex, it is a convex mirror. The inner surface of a spoon acts like a concave mirror, while its outer surface acts like a convex mirror.

Take a concave mirror, hold it facing the Sun, and try to get the light reflected by the mirror on a sheet of paper. Adjust the distance to get a sharp bright spot. This bright spot is, in fact, the image of the Sun. This image is formed on a screen and is called a real image. The image formed by a plane mirror cannot be obtained on a screen; such an image is called a virtual image.

Try to obtain the image of a candle flame formed by a concave mirror on a screen by moving the candle and the screen. You can see that the image formed by a concave mirror can be smaller or larger in size than the object and may be real or virtual.

Concave mirrors are used by doctors for examining eyes, ears, nose, and throat, by dentists to see enlarged images of teeth, and as reflectors in torches and headlights.

Boojho saw his image in the shiny surface of the bell on his bicycle. The image was erect and smaller in size. The bell's surface is a convex mirror. Repeat the previous activity with a convex mirror instead of a concave one. A convex mirror always forms erect, virtual, and smaller images, no matter where the object is placed.

Convex mirrors are used as side mirrors in automobiles as they form images of objects spread over a large area, helping drivers see traffic behind them.

11.5 Images Formed by Lenses
You might have seen a magnifying glass, which is actually a type of lens. Lenses are widely used in spectacles, telescopes, and microscopes. Lenses which feel thicker in the middle than at the edges are convex lenses; those which feel thinner in the middle than at the edges are concave lenses. Lenses are transparent and allow light to pass through them.

Take a convex lens or magnifying glass, put it in the path of sunrays, and place a sheet of paper to find a bright spot. Hold the lens and paper in this position for a few minutes. The paper may begin to burn at the spot, showing that the convex lens brings light together.

A convex lens converges (bends inward) the light that falls on it and is called a converging lens. A concave lens diverges (bends outward) the light and is called a diverging lens. Study the images formed by a convex lens by placing a candle at different distances. You may get real or virtual images, depending on the position. A convex lens can be used as a magnifying glass.

A concave lens always forms an erect, virtual, and smaller image than the object.

11.6 Sunlight – White or Coloured?
After rain, when the Sun is low in the sky, a rainbow can be seen as a large arc with many colours. There are seven colours in a rainbow: red, orange, yellow, green, blue, indigo, and violet. This means that white light consists of seven colours. Soap bubbles, CDs, and other examples also show similar colours.

Place a glass prism in the path of a narrow beam of sunlight in a dark room. The light emerging from the prism forms bands of different colours on a screen. This shows that sunlight consists of seven colours.

If a disc is painted with these seven colours and spun very fast, it appears to be whitish. This demonstrates that white light is a mixture of seven colours.

Key points:

Light travels along straight lines.

Polished or shining surfaces act as mirrors.

A real image can be obtained on a screen, a virtual image cannot.

Images formed by plane mirrors are erect, virtual, and the same size as the object.

In sphere-shaped mirrors (concave or convex), images can be magnified, diminished, real or virtual, depending on the mirror type and object position.

Convex mirrors give a wider field of view; concave mirrors can focus light.

Convex and concave lenses form real or virtual images; convex lenses can magnify.

White light is composed of seven colours.",Find out the letters of English alphabet or any other language known to you in which the image formed in a plane mirror appears exactly like the letter itself. Discuss your findings.,"The English alphabet letters that form images in a plane mirror exactly like the letter itself are:
A, H, I, M, O, T, U, V, W, X, and Y.
These letters are laterally symmetric, so their mirrored images appear unchanged."
"You might have seen a beam of sunlight when it enters a room through a narrow opening or a hole. You may have also seen beams of light from the headlamps of scooters, cars and engines of trains. Similarly, a beam of light can be seen from a torch. Some of you may have seen a beam of searchlight from a lighthouse or from an airport tower.

11.1 Light Travels Along a Straight Line
Boojho recalls an activity he performed in Class VI. In that activity he looked at a lighted candle first through a straight pipe and then through a bent pipe. Why was Boojho not able to see the candle flame through a bent pipe? This activity showed that light travels along straight lines.

How can we change the path of light? Do you know what happens when light falls on a polished or a shiny surface?

11.2 Reflection of Light
One way to change the direction of light is to let it fall on a shiny surface. For example, a shining stainless steel plate or a shining steel spoon can change the direction of light. The surface of water can also act like a mirror and change the path of light. Have you ever seen the reflection of trees or buildings in water?

Any polished or a shiny surface can act as a mirror. What happens when light falls on a mirror? You have learnt in Class VI that a mirror changes the direction of light that falls on it. This change of direction by a mirror is called reflection of light.

Let us perform an activity: Take a torch. Cover its glass with a chart paper which has three narrow slits. Spread a sheet of chart paper on a smooth wooden board. Fix a plane mirror strip vertically on the chart paper. Now direct the beam of light on the mirror from the torch with slits. Place the torch so that its light is seen along the chart paper. Adjust its position so the light from the torch strikes the plane mirror at an angle. Does the mirror change the direction of light? Move the torch to either side. Do you find any change in the direction of reflected light? Look into the mirror along the direction of reflected light. Do you see the slits in the mirror? This is the image of the slits. This activity shows how light gets reflected from a plane mirror.

Now, place a lighted candle in front of a plane mirror. Try to see the flame of the candle in the mirror. It appears as if a similar candle is placed behind the mirror. The candle, which appears behind the mirror, is the image of the candle formed by the mirror. The candle itself is the object.

Move the candle to different positions in front of the mirror. Observe the image in each case. Was the image upright in each case? Did the flame appear on top of the candle as in the object? Such an image is called erect. An image formed by a plane mirror is erect and of the same size as the object.

Now place a vertical screen behind the mirror. Try to obtain the image of the candle on this screen. Can you get the image on the screen? Now place the screen in front of the mirror. Can you get the image on the screen now? You will find that the image of the candle cannot be obtained on the screen in either case.

Take a chess board or draw 64 squares on a chart paper, make a thick line in the middle, fix a plane mirror vertically on this line. Place any small object at the boundary of a square, note the position of the image, and move the object to other squares. You will find that the image is at the same distance behind the mirror as the object is in front of it.

11.3 Right or Left!
When you see your image in a plane mirror, is it exactly like you? Stand in front of a plane mirror and look at your image. Raise your left hand. Which hand does your image raise? Now touch your right ear. Which ear does your hand touch in your image? You will find that in the mirror the 'right' appears 'left' and the 'left' appears 'right.' Only sides are interchanged; the image does not appear upside down.

If you write down your name on a piece of paper and hold it in front of a plane mirror, you can see how the letters look in the mirror. Boojho saw an ambulance with the word 'AMBULANCE' written in reverse in the front. This is so that drivers ahead can read 'AMBULANCE' correctly in their rear-view mirrors and give way.

In the side mirror of a scooter or car, the images of all the objects appear smaller than the objects themselves. These mirrors are not plane mirrors.

11.4 Playing with Spherical Mirrors
Boojho lifted a stainless steel plate and saw his image in it. The image was erect and of the same size. Paheli saw her image using the back of a steel spoon and found her image erect but smaller in size. The curved shining surface of a spoon acts as a mirror. The most common example of a curved mirror is a spherical mirror.

If the reflecting surface of a spherical mirror is concave, it is called a concave mirror. If the reflecting surface is convex, it is a convex mirror. The inner surface of a spoon acts like a concave mirror, while its outer surface acts like a convex mirror.

Take a concave mirror, hold it facing the Sun, and try to get the light reflected by the mirror on a sheet of paper. Adjust the distance to get a sharp bright spot. This bright spot is, in fact, the image of the Sun. This image is formed on a screen and is called a real image. The image formed by a plane mirror cannot be obtained on a screen; such an image is called a virtual image.

Try to obtain the image of a candle flame formed by a concave mirror on a screen by moving the candle and the screen. You can see that the image formed by a concave mirror can be smaller or larger in size than the object and may be real or virtual.

Concave mirrors are used by doctors for examining eyes, ears, nose, and throat, by dentists to see enlarged images of teeth, and as reflectors in torches and headlights.

Boojho saw his image in the shiny surface of the bell on his bicycle. The image was erect and smaller in size. The bell's surface is a convex mirror. Repeat the previous activity with a convex mirror instead of a concave one. A convex mirror always forms erect, virtual, and smaller images, no matter where the object is placed.

Convex mirrors are used as side mirrors in automobiles as they form images of objects spread over a large area, helping drivers see traffic behind them.

11.5 Images Formed by Lenses
You might have seen a magnifying glass, which is actually a type of lens. Lenses are widely used in spectacles, telescopes, and microscopes. Lenses which feel thicker in the middle than at the edges are convex lenses; those which feel thinner in the middle than at the edges are concave lenses. Lenses are transparent and allow light to pass through them.

Take a convex lens or magnifying glass, put it in the path of sunrays, and place a sheet of paper to find a bright spot. Hold the lens and paper in this position for a few minutes. The paper may begin to burn at the spot, showing that the convex lens brings light together.

A convex lens converges (bends inward) the light that falls on it and is called a converging lens. A concave lens diverges (bends outward) the light and is called a diverging lens. Study the images formed by a convex lens by placing a candle at different distances. You may get real or virtual images, depending on the position. A convex lens can be used as a magnifying glass.

A concave lens always forms an erect, virtual, and smaller image than the object.

11.6 Sunlight – White or Coloured?
After rain, when the Sun is low in the sky, a rainbow can be seen as a large arc with many colours. There are seven colours in a rainbow: red, orange, yellow, green, blue, indigo, and violet. This means that white light consists of seven colours. Soap bubbles, CDs, and other examples also show similar colours.

Place a glass prism in the path of a narrow beam of sunlight in a dark room. The light emerging from the prism forms bands of different colours on a screen. This shows that sunlight consists of seven colours.

If a disc is painted with these seven colours and spun very fast, it appears to be whitish. This demonstrates that white light is a mixture of seven colours.

Key points:

Light travels along straight lines.

Polished or shining surfaces act as mirrors.

A real image can be obtained on a screen, a virtual image cannot.

Images formed by plane mirrors are erect, virtual, and the same size as the object.

In sphere-shaped mirrors (concave or convex), images can be magnified, diminished, real or virtual, depending on the mirror type and object position.

Convex mirrors give a wider field of view; concave mirrors can focus light.

Convex and concave lenses form real or virtual images; convex lenses can magnify.

White light is composed of seven colours.", What is a virtual image? Give one situation where a virtual image is formed.,"A virtual image is an image that cannot be obtained on a screen.
Example: The image formed by a plane mirror is virtual."
"You might have seen a beam of sunlight when it enters a room through a narrow opening or a hole. You may have also seen beams of light from the headlamps of scooters, cars and engines of trains. Similarly, a beam of light can be seen from a torch. Some of you may have seen a beam of searchlight from a lighthouse or from an airport tower.

11.1 Light Travels Along a Straight Line
Boojho recalls an activity he performed in Class VI. In that activity he looked at a lighted candle first through a straight pipe and then through a bent pipe. Why was Boojho not able to see the candle flame through a bent pipe? This activity showed that light travels along straight lines.

How can we change the path of light? Do you know what happens when light falls on a polished or a shiny surface?

11.2 Reflection of Light
One way to change the direction of light is to let it fall on a shiny surface. For example, a shining stainless steel plate or a shining steel spoon can change the direction of light. The surface of water can also act like a mirror and change the path of light. Have you ever seen the reflection of trees or buildings in water?

Any polished or a shiny surface can act as a mirror. What happens when light falls on a mirror? You have learnt in Class VI that a mirror changes the direction of light that falls on it. This change of direction by a mirror is called reflection of light.

Let us perform an activity: Take a torch. Cover its glass with a chart paper which has three narrow slits. Spread a sheet of chart paper on a smooth wooden board. Fix a plane mirror strip vertically on the chart paper. Now direct the beam of light on the mirror from the torch with slits. Place the torch so that its light is seen along the chart paper. Adjust its position so the light from the torch strikes the plane mirror at an angle. Does the mirror change the direction of light? Move the torch to either side. Do you find any change in the direction of reflected light? Look into the mirror along the direction of reflected light. Do you see the slits in the mirror? This is the image of the slits. This activity shows how light gets reflected from a plane mirror.

Now, place a lighted candle in front of a plane mirror. Try to see the flame of the candle in the mirror. It appears as if a similar candle is placed behind the mirror. The candle, which appears behind the mirror, is the image of the candle formed by the mirror. The candle itself is the object.

Move the candle to different positions in front of the mirror. Observe the image in each case. Was the image upright in each case? Did the flame appear on top of the candle as in the object? Such an image is called erect. An image formed by a plane mirror is erect and of the same size as the object.

Now place a vertical screen behind the mirror. Try to obtain the image of the candle on this screen. Can you get the image on the screen? Now place the screen in front of the mirror. Can you get the image on the screen now? You will find that the image of the candle cannot be obtained on the screen in either case.

Take a chess board or draw 64 squares on a chart paper, make a thick line in the middle, fix a plane mirror vertically on this line. Place any small object at the boundary of a square, note the position of the image, and move the object to other squares. You will find that the image is at the same distance behind the mirror as the object is in front of it.

11.3 Right or Left!
When you see your image in a plane mirror, is it exactly like you? Stand in front of a plane mirror and look at your image. Raise your left hand. Which hand does your image raise? Now touch your right ear. Which ear does your hand touch in your image? You will find that in the mirror the 'right' appears 'left' and the 'left' appears 'right.' Only sides are interchanged; the image does not appear upside down.

If you write down your name on a piece of paper and hold it in front of a plane mirror, you can see how the letters look in the mirror. Boojho saw an ambulance with the word 'AMBULANCE' written in reverse in the front. This is so that drivers ahead can read 'AMBULANCE' correctly in their rear-view mirrors and give way.

In the side mirror of a scooter or car, the images of all the objects appear smaller than the objects themselves. These mirrors are not plane mirrors.

11.4 Playing with Spherical Mirrors
Boojho lifted a stainless steel plate and saw his image in it. The image was erect and of the same size. Paheli saw her image using the back of a steel spoon and found her image erect but smaller in size. The curved shining surface of a spoon acts as a mirror. The most common example of a curved mirror is a spherical mirror.

If the reflecting surface of a spherical mirror is concave, it is called a concave mirror. If the reflecting surface is convex, it is a convex mirror. The inner surface of a spoon acts like a concave mirror, while its outer surface acts like a convex mirror.

Take a concave mirror, hold it facing the Sun, and try to get the light reflected by the mirror on a sheet of paper. Adjust the distance to get a sharp bright spot. This bright spot is, in fact, the image of the Sun. This image is formed on a screen and is called a real image. The image formed by a plane mirror cannot be obtained on a screen; such an image is called a virtual image.

Try to obtain the image of a candle flame formed by a concave mirror on a screen by moving the candle and the screen. You can see that the image formed by a concave mirror can be smaller or larger in size than the object and may be real or virtual.

Concave mirrors are used by doctors for examining eyes, ears, nose, and throat, by dentists to see enlarged images of teeth, and as reflectors in torches and headlights.

Boojho saw his image in the shiny surface of the bell on his bicycle. The image was erect and smaller in size. The bell's surface is a convex mirror. Repeat the previous activity with a convex mirror instead of a concave one. A convex mirror always forms erect, virtual, and smaller images, no matter where the object is placed.

Convex mirrors are used as side mirrors in automobiles as they form images of objects spread over a large area, helping drivers see traffic behind them.

11.5 Images Formed by Lenses
You might have seen a magnifying glass, which is actually a type of lens. Lenses are widely used in spectacles, telescopes, and microscopes. Lenses which feel thicker in the middle than at the edges are convex lenses; those which feel thinner in the middle than at the edges are concave lenses. Lenses are transparent and allow light to pass through them.

Take a convex lens or magnifying glass, put it in the path of sunrays, and place a sheet of paper to find a bright spot. Hold the lens and paper in this position for a few minutes. The paper may begin to burn at the spot, showing that the convex lens brings light together.

A convex lens converges (bends inward) the light that falls on it and is called a converging lens. A concave lens diverges (bends outward) the light and is called a diverging lens. Study the images formed by a convex lens by placing a candle at different distances. You may get real or virtual images, depending on the position. A convex lens can be used as a magnifying glass.

A concave lens always forms an erect, virtual, and smaller image than the object.

11.6 Sunlight – White or Coloured?
After rain, when the Sun is low in the sky, a rainbow can be seen as a large arc with many colours. There are seven colours in a rainbow: red, orange, yellow, green, blue, indigo, and violet. This means that white light consists of seven colours. Soap bubbles, CDs, and other examples also show similar colours.

Place a glass prism in the path of a narrow beam of sunlight in a dark room. The light emerging from the prism forms bands of different colours on a screen. This shows that sunlight consists of seven colours.

If a disc is painted with these seven colours and spun very fast, it appears to be whitish. This demonstrates that white light is a mixture of seven colours.

Key points:

Light travels along straight lines.

Polished or shining surfaces act as mirrors.

A real image can be obtained on a screen, a virtual image cannot.

Images formed by plane mirrors are erect, virtual, and the same size as the object.

In sphere-shaped mirrors (concave or convex), images can be magnified, diminished, real or virtual, depending on the mirror type and object position.

Convex mirrors give a wider field of view; concave mirrors can focus light.

Convex and concave lenses form real or virtual images; convex lenses can magnify.

White light is composed of seven colours.", State two differences between a convex and a concave lens.,"Convex Lens	Concave Lens
Thick in the middle, thin at the edge	Thin in the middle, thick at the edge
Can form real or virtual images	Always forms virtual images"
"You might have seen a beam of sunlight when it enters a room through a narrow opening or a hole. You may have also seen beams of light from the headlamps of scooters, cars and engines of trains. Similarly, a beam of light can be seen from a torch. Some of you may have seen a beam of searchlight from a lighthouse or from an airport tower.

11.1 Light Travels Along a Straight Line
Boojho recalls an activity he performed in Class VI. In that activity he looked at a lighted candle first through a straight pipe and then through a bent pipe. Why was Boojho not able to see the candle flame through a bent pipe? This activity showed that light travels along straight lines.

How can we change the path of light? Do you know what happens when light falls on a polished or a shiny surface?

11.2 Reflection of Light
One way to change the direction of light is to let it fall on a shiny surface. For example, a shining stainless steel plate or a shining steel spoon can change the direction of light. The surface of water can also act like a mirror and change the path of light. Have you ever seen the reflection of trees or buildings in water?

Any polished or a shiny surface can act as a mirror. What happens when light falls on a mirror? You have learnt in Class VI that a mirror changes the direction of light that falls on it. This change of direction by a mirror is called reflection of light.

Let us perform an activity: Take a torch. Cover its glass with a chart paper which has three narrow slits. Spread a sheet of chart paper on a smooth wooden board. Fix a plane mirror strip vertically on the chart paper. Now direct the beam of light on the mirror from the torch with slits. Place the torch so that its light is seen along the chart paper. Adjust its position so the light from the torch strikes the plane mirror at an angle. Does the mirror change the direction of light? Move the torch to either side. Do you find any change in the direction of reflected light? Look into the mirror along the direction of reflected light. Do you see the slits in the mirror? This is the image of the slits. This activity shows how light gets reflected from a plane mirror.

Now, place a lighted candle in front of a plane mirror. Try to see the flame of the candle in the mirror. It appears as if a similar candle is placed behind the mirror. The candle, which appears behind the mirror, is the image of the candle formed by the mirror. The candle itself is the object.

Move the candle to different positions in front of the mirror. Observe the image in each case. Was the image upright in each case? Did the flame appear on top of the candle as in the object? Such an image is called erect. An image formed by a plane mirror is erect and of the same size as the object.

Now place a vertical screen behind the mirror. Try to obtain the image of the candle on this screen. Can you get the image on the screen? Now place the screen in front of the mirror. Can you get the image on the screen now? You will find that the image of the candle cannot be obtained on the screen in either case.

Take a chess board or draw 64 squares on a chart paper, make a thick line in the middle, fix a plane mirror vertically on this line. Place any small object at the boundary of a square, note the position of the image, and move the object to other squares. You will find that the image is at the same distance behind the mirror as the object is in front of it.

11.3 Right or Left!
When you see your image in a plane mirror, is it exactly like you? Stand in front of a plane mirror and look at your image. Raise your left hand. Which hand does your image raise? Now touch your right ear. Which ear does your hand touch in your image? You will find that in the mirror the 'right' appears 'left' and the 'left' appears 'right.' Only sides are interchanged; the image does not appear upside down.

If you write down your name on a piece of paper and hold it in front of a plane mirror, you can see how the letters look in the mirror. Boojho saw an ambulance with the word 'AMBULANCE' written in reverse in the front. This is so that drivers ahead can read 'AMBULANCE' correctly in their rear-view mirrors and give way.

In the side mirror of a scooter or car, the images of all the objects appear smaller than the objects themselves. These mirrors are not plane mirrors.

11.4 Playing with Spherical Mirrors
Boojho lifted a stainless steel plate and saw his image in it. The image was erect and of the same size. Paheli saw her image using the back of a steel spoon and found her image erect but smaller in size. The curved shining surface of a spoon acts as a mirror. The most common example of a curved mirror is a spherical mirror.

If the reflecting surface of a spherical mirror is concave, it is called a concave mirror. If the reflecting surface is convex, it is a convex mirror. The inner surface of a spoon acts like a concave mirror, while its outer surface acts like a convex mirror.

Take a concave mirror, hold it facing the Sun, and try to get the light reflected by the mirror on a sheet of paper. Adjust the distance to get a sharp bright spot. This bright spot is, in fact, the image of the Sun. This image is formed on a screen and is called a real image. The image formed by a plane mirror cannot be obtained on a screen; such an image is called a virtual image.

Try to obtain the image of a candle flame formed by a concave mirror on a screen by moving the candle and the screen. You can see that the image formed by a concave mirror can be smaller or larger in size than the object and may be real or virtual.

Concave mirrors are used by doctors for examining eyes, ears, nose, and throat, by dentists to see enlarged images of teeth, and as reflectors in torches and headlights.

Boojho saw his image in the shiny surface of the bell on his bicycle. The image was erect and smaller in size. The bell's surface is a convex mirror. Repeat the previous activity with a convex mirror instead of a concave one. A convex mirror always forms erect, virtual, and smaller images, no matter where the object is placed.

Convex mirrors are used as side mirrors in automobiles as they form images of objects spread over a large area, helping drivers see traffic behind them.

11.5 Images Formed by Lenses
You might have seen a magnifying glass, which is actually a type of lens. Lenses are widely used in spectacles, telescopes, and microscopes. Lenses which feel thicker in the middle than at the edges are convex lenses; those which feel thinner in the middle than at the edges are concave lenses. Lenses are transparent and allow light to pass through them.

Take a convex lens or magnifying glass, put it in the path of sunrays, and place a sheet of paper to find a bright spot. Hold the lens and paper in this position for a few minutes. The paper may begin to burn at the spot, showing that the convex lens brings light together.

A convex lens converges (bends inward) the light that falls on it and is called a converging lens. A concave lens diverges (bends outward) the light and is called a diverging lens. Study the images formed by a convex lens by placing a candle at different distances. You may get real or virtual images, depending on the position. A convex lens can be used as a magnifying glass.

A concave lens always forms an erect, virtual, and smaller image than the object.

11.6 Sunlight – White or Coloured?
After rain, when the Sun is low in the sky, a rainbow can be seen as a large arc with many colours. There are seven colours in a rainbow: red, orange, yellow, green, blue, indigo, and violet. This means that white light consists of seven colours. Soap bubbles, CDs, and other examples also show similar colours.

Place a glass prism in the path of a narrow beam of sunlight in a dark room. The light emerging from the prism forms bands of different colours on a screen. This shows that sunlight consists of seven colours.

If a disc is painted with these seven colours and spun very fast, it appears to be whitish. This demonstrates that white light is a mixture of seven colours.

Key points:

Light travels along straight lines.

Polished or shining surfaces act as mirrors.

A real image can be obtained on a screen, a virtual image cannot.

Images formed by plane mirrors are erect, virtual, and the same size as the object.

In sphere-shaped mirrors (concave or convex), images can be magnified, diminished, real or virtual, depending on the mirror type and object position.

Convex mirrors give a wider field of view; concave mirrors can focus light.

Convex and concave lenses form real or virtual images; convex lenses can magnify.

White light is composed of seven colours.",Give one use each of a concave and a convex mirror.,"Concave mirror: Used in the headlights of cars and scooters.

Convex mirror: Used as side-view mirrors in vehicles."
"You might have seen a beam of sunlight when it enters a room through a narrow opening or a hole. You may have also seen beams of light from the headlamps of scooters, cars and engines of trains. Similarly, a beam of light can be seen from a torch. Some of you may have seen a beam of searchlight from a lighthouse or from an airport tower.

11.1 Light Travels Along a Straight Line
Boojho recalls an activity he performed in Class VI. In that activity he looked at a lighted candle first through a straight pipe and then through a bent pipe. Why was Boojho not able to see the candle flame through a bent pipe? This activity showed that light travels along straight lines.

How can we change the path of light? Do you know what happens when light falls on a polished or a shiny surface?

11.2 Reflection of Light
One way to change the direction of light is to let it fall on a shiny surface. For example, a shining stainless steel plate or a shining steel spoon can change the direction of light. The surface of water can also act like a mirror and change the path of light. Have you ever seen the reflection of trees or buildings in water?

Any polished or a shiny surface can act as a mirror. What happens when light falls on a mirror? You have learnt in Class VI that a mirror changes the direction of light that falls on it. This change of direction by a mirror is called reflection of light.

Let us perform an activity: Take a torch. Cover its glass with a chart paper which has three narrow slits. Spread a sheet of chart paper on a smooth wooden board. Fix a plane mirror strip vertically on the chart paper. Now direct the beam of light on the mirror from the torch with slits. Place the torch so that its light is seen along the chart paper. Adjust its position so the light from the torch strikes the plane mirror at an angle. Does the mirror change the direction of light? Move the torch to either side. Do you find any change in the direction of reflected light? Look into the mirror along the direction of reflected light. Do you see the slits in the mirror? This is the image of the slits. This activity shows how light gets reflected from a plane mirror.

Now, place a lighted candle in front of a plane mirror. Try to see the flame of the candle in the mirror. It appears as if a similar candle is placed behind the mirror. The candle, which appears behind the mirror, is the image of the candle formed by the mirror. The candle itself is the object.

Move the candle to different positions in front of the mirror. Observe the image in each case. Was the image upright in each case? Did the flame appear on top of the candle as in the object? Such an image is called erect. An image formed by a plane mirror is erect and of the same size as the object.

Now place a vertical screen behind the mirror. Try to obtain the image of the candle on this screen. Can you get the image on the screen? Now place the screen in front of the mirror. Can you get the image on the screen now? You will find that the image of the candle cannot be obtained on the screen in either case.

Take a chess board or draw 64 squares on a chart paper, make a thick line in the middle, fix a plane mirror vertically on this line. Place any small object at the boundary of a square, note the position of the image, and move the object to other squares. You will find that the image is at the same distance behind the mirror as the object is in front of it.

11.3 Right or Left!
When you see your image in a plane mirror, is it exactly like you? Stand in front of a plane mirror and look at your image. Raise your left hand. Which hand does your image raise? Now touch your right ear. Which ear does your hand touch in your image? You will find that in the mirror the 'right' appears 'left' and the 'left' appears 'right.' Only sides are interchanged; the image does not appear upside down.

If you write down your name on a piece of paper and hold it in front of a plane mirror, you can see how the letters look in the mirror. Boojho saw an ambulance with the word 'AMBULANCE' written in reverse in the front. This is so that drivers ahead can read 'AMBULANCE' correctly in their rear-view mirrors and give way.

In the side mirror of a scooter or car, the images of all the objects appear smaller than the objects themselves. These mirrors are not plane mirrors.

11.4 Playing with Spherical Mirrors
Boojho lifted a stainless steel plate and saw his image in it. The image was erect and of the same size. Paheli saw her image using the back of a steel spoon and found her image erect but smaller in size. The curved shining surface of a spoon acts as a mirror. The most common example of a curved mirror is a spherical mirror.

If the reflecting surface of a spherical mirror is concave, it is called a concave mirror. If the reflecting surface is convex, it is a convex mirror. The inner surface of a spoon acts like a concave mirror, while its outer surface acts like a convex mirror.

Take a concave mirror, hold it facing the Sun, and try to get the light reflected by the mirror on a sheet of paper. Adjust the distance to get a sharp bright spot. This bright spot is, in fact, the image of the Sun. This image is formed on a screen and is called a real image. The image formed by a plane mirror cannot be obtained on a screen; such an image is called a virtual image.

Try to obtain the image of a candle flame formed by a concave mirror on a screen by moving the candle and the screen. You can see that the image formed by a concave mirror can be smaller or larger in size than the object and may be real or virtual.

Concave mirrors are used by doctors for examining eyes, ears, nose, and throat, by dentists to see enlarged images of teeth, and as reflectors in torches and headlights.

Boojho saw his image in the shiny surface of the bell on his bicycle. The image was erect and smaller in size. The bell's surface is a convex mirror. Repeat the previous activity with a convex mirror instead of a concave one. A convex mirror always forms erect, virtual, and smaller images, no matter where the object is placed.

Convex mirrors are used as side mirrors in automobiles as they form images of objects spread over a large area, helping drivers see traffic behind them.

11.5 Images Formed by Lenses
You might have seen a magnifying glass, which is actually a type of lens. Lenses are widely used in spectacles, telescopes, and microscopes. Lenses which feel thicker in the middle than at the edges are convex lenses; those which feel thinner in the middle than at the edges are concave lenses. Lenses are transparent and allow light to pass through them.

Take a convex lens or magnifying glass, put it in the path of sunrays, and place a sheet of paper to find a bright spot. Hold the lens and paper in this position for a few minutes. The paper may begin to burn at the spot, showing that the convex lens brings light together.

A convex lens converges (bends inward) the light that falls on it and is called a converging lens. A concave lens diverges (bends outward) the light and is called a diverging lens. Study the images formed by a convex lens by placing a candle at different distances. You may get real or virtual images, depending on the position. A convex lens can be used as a magnifying glass.

A concave lens always forms an erect, virtual, and smaller image than the object.

11.6 Sunlight – White or Coloured?
After rain, when the Sun is low in the sky, a rainbow can be seen as a large arc with many colours. There are seven colours in a rainbow: red, orange, yellow, green, blue, indigo, and violet. This means that white light consists of seven colours. Soap bubbles, CDs, and other examples also show similar colours.

Place a glass prism in the path of a narrow beam of sunlight in a dark room. The light emerging from the prism forms bands of different colours on a screen. This shows that sunlight consists of seven colours.

If a disc is painted with these seven colours and spun very fast, it appears to be whitish. This demonstrates that white light is a mixture of seven colours.

Key points:

Light travels along straight lines.

Polished or shining surfaces act as mirrors.

A real image can be obtained on a screen, a virtual image cannot.

Images formed by plane mirrors are erect, virtual, and the same size as the object.

In sphere-shaped mirrors (concave or convex), images can be magnified, diminished, real or virtual, depending on the mirror type and object position.

Convex mirrors give a wider field of view; concave mirrors can focus light.

Convex and concave lenses form real or virtual images; convex lenses can magnify.

White light is composed of seven colours.",Which type of mirror can form a real image?,A concave mirror can form a real image.
"You might have seen a beam of sunlight when it enters a room through a narrow opening or a hole. You may have also seen beams of light from the headlamps of scooters, cars and engines of trains. Similarly, a beam of light can be seen from a torch. Some of you may have seen a beam of searchlight from a lighthouse or from an airport tower.

11.1 Light Travels Along a Straight Line
Boojho recalls an activity he performed in Class VI. In that activity he looked at a lighted candle first through a straight pipe and then through a bent pipe. Why was Boojho not able to see the candle flame through a bent pipe? This activity showed that light travels along straight lines.

How can we change the path of light? Do you know what happens when light falls on a polished or a shiny surface?

11.2 Reflection of Light
One way to change the direction of light is to let it fall on a shiny surface. For example, a shining stainless steel plate or a shining steel spoon can change the direction of light. The surface of water can also act like a mirror and change the path of light. Have you ever seen the reflection of trees or buildings in water?

Any polished or a shiny surface can act as a mirror. What happens when light falls on a mirror? You have learnt in Class VI that a mirror changes the direction of light that falls on it. This change of direction by a mirror is called reflection of light.

Let us perform an activity: Take a torch. Cover its glass with a chart paper which has three narrow slits. Spread a sheet of chart paper on a smooth wooden board. Fix a plane mirror strip vertically on the chart paper. Now direct the beam of light on the mirror from the torch with slits. Place the torch so that its light is seen along the chart paper. Adjust its position so the light from the torch strikes the plane mirror at an angle. Does the mirror change the direction of light? Move the torch to either side. Do you find any change in the direction of reflected light? Look into the mirror along the direction of reflected light. Do you see the slits in the mirror? This is the image of the slits. This activity shows how light gets reflected from a plane mirror.

Now, place a lighted candle in front of a plane mirror. Try to see the flame of the candle in the mirror. It appears as if a similar candle is placed behind the mirror. The candle, which appears behind the mirror, is the image of the candle formed by the mirror. The candle itself is the object.

Move the candle to different positions in front of the mirror. Observe the image in each case. Was the image upright in each case? Did the flame appear on top of the candle as in the object? Such an image is called erect. An image formed by a plane mirror is erect and of the same size as the object.

Now place a vertical screen behind the mirror. Try to obtain the image of the candle on this screen. Can you get the image on the screen? Now place the screen in front of the mirror. Can you get the image on the screen now? You will find that the image of the candle cannot be obtained on the screen in either case.

Take a chess board or draw 64 squares on a chart paper, make a thick line in the middle, fix a plane mirror vertically on this line. Place any small object at the boundary of a square, note the position of the image, and move the object to other squares. You will find that the image is at the same distance behind the mirror as the object is in front of it.

11.3 Right or Left!
When you see your image in a plane mirror, is it exactly like you? Stand in front of a plane mirror and look at your image. Raise your left hand. Which hand does your image raise? Now touch your right ear. Which ear does your hand touch in your image? You will find that in the mirror the 'right' appears 'left' and the 'left' appears 'right.' Only sides are interchanged; the image does not appear upside down.

If you write down your name on a piece of paper and hold it in front of a plane mirror, you can see how the letters look in the mirror. Boojho saw an ambulance with the word 'AMBULANCE' written in reverse in the front. This is so that drivers ahead can read 'AMBULANCE' correctly in their rear-view mirrors and give way.

In the side mirror of a scooter or car, the images of all the objects appear smaller than the objects themselves. These mirrors are not plane mirrors.

11.4 Playing with Spherical Mirrors
Boojho lifted a stainless steel plate and saw his image in it. The image was erect and of the same size. Paheli saw her image using the back of a steel spoon and found her image erect but smaller in size. The curved shining surface of a spoon acts as a mirror. The most common example of a curved mirror is a spherical mirror.

If the reflecting surface of a spherical mirror is concave, it is called a concave mirror. If the reflecting surface is convex, it is a convex mirror. The inner surface of a spoon acts like a concave mirror, while its outer surface acts like a convex mirror.

Take a concave mirror, hold it facing the Sun, and try to get the light reflected by the mirror on a sheet of paper. Adjust the distance to get a sharp bright spot. This bright spot is, in fact, the image of the Sun. This image is formed on a screen and is called a real image. The image formed by a plane mirror cannot be obtained on a screen; such an image is called a virtual image.

Try to obtain the image of a candle flame formed by a concave mirror on a screen by moving the candle and the screen. You can see that the image formed by a concave mirror can be smaller or larger in size than the object and may be real or virtual.

Concave mirrors are used by doctors for examining eyes, ears, nose, and throat, by dentists to see enlarged images of teeth, and as reflectors in torches and headlights.

Boojho saw his image in the shiny surface of the bell on his bicycle. The image was erect and smaller in size. The bell's surface is a convex mirror. Repeat the previous activity with a convex mirror instead of a concave one. A convex mirror always forms erect, virtual, and smaller images, no matter where the object is placed.

Convex mirrors are used as side mirrors in automobiles as they form images of objects spread over a large area, helping drivers see traffic behind them.

11.5 Images Formed by Lenses
You might have seen a magnifying glass, which is actually a type of lens. Lenses are widely used in spectacles, telescopes, and microscopes. Lenses which feel thicker in the middle than at the edges are convex lenses; those which feel thinner in the middle than at the edges are concave lenses. Lenses are transparent and allow light to pass through them.

Take a convex lens or magnifying glass, put it in the path of sunrays, and place a sheet of paper to find a bright spot. Hold the lens and paper in this position for a few minutes. The paper may begin to burn at the spot, showing that the convex lens brings light together.

A convex lens converges (bends inward) the light that falls on it and is called a converging lens. A concave lens diverges (bends outward) the light and is called a diverging lens. Study the images formed by a convex lens by placing a candle at different distances. You may get real or virtual images, depending on the position. A convex lens can be used as a magnifying glass.

A concave lens always forms an erect, virtual, and smaller image than the object.

11.6 Sunlight – White or Coloured?
After rain, when the Sun is low in the sky, a rainbow can be seen as a large arc with many colours. There are seven colours in a rainbow: red, orange, yellow, green, blue, indigo, and violet. This means that white light consists of seven colours. Soap bubbles, CDs, and other examples also show similar colours.

Place a glass prism in the path of a narrow beam of sunlight in a dark room. The light emerging from the prism forms bands of different colours on a screen. This shows that sunlight consists of seven colours.

If a disc is painted with these seven colours and spun very fast, it appears to be whitish. This demonstrates that white light is a mixture of seven colours.

Key points:

Light travels along straight lines.

Polished or shining surfaces act as mirrors.

A real image can be obtained on a screen, a virtual image cannot.

Images formed by plane mirrors are erect, virtual, and the same size as the object.

In sphere-shaped mirrors (concave or convex), images can be magnified, diminished, real or virtual, depending on the mirror type and object position.

Convex mirrors give a wider field of view; concave mirrors can focus light.

Convex and concave lenses form real or virtual images; convex lenses can magnify.

White light is composed of seven colours.", Which type of lens forms always a virtual image?,A concave lens always forms a virtual image.
"You might have seen a beam of sunlight when it enters a room through a narrow opening or a hole. You may have also seen beams of light from the headlamps of scooters, cars and engines of trains. Similarly, a beam of light can be seen from a torch. Some of you may have seen a beam of searchlight from a lighthouse or from an airport tower.

11.1 Light Travels Along a Straight Line
Boojho recalls an activity he performed in Class VI. In that activity he looked at a lighted candle first through a straight pipe and then through a bent pipe. Why was Boojho not able to see the candle flame through a bent pipe? This activity showed that light travels along straight lines.

How can we change the path of light? Do you know what happens when light falls on a polished or a shiny surface?

11.2 Reflection of Light
One way to change the direction of light is to let it fall on a shiny surface. For example, a shining stainless steel plate or a shining steel spoon can change the direction of light. The surface of water can also act like a mirror and change the path of light. Have you ever seen the reflection of trees or buildings in water?

Any polished or a shiny surface can act as a mirror. What happens when light falls on a mirror? You have learnt in Class VI that a mirror changes the direction of light that falls on it. This change of direction by a mirror is called reflection of light.

Let us perform an activity: Take a torch. Cover its glass with a chart paper which has three narrow slits. Spread a sheet of chart paper on a smooth wooden board. Fix a plane mirror strip vertically on the chart paper. Now direct the beam of light on the mirror from the torch with slits. Place the torch so that its light is seen along the chart paper. Adjust its position so the light from the torch strikes the plane mirror at an angle. Does the mirror change the direction of light? Move the torch to either side. Do you find any change in the direction of reflected light? Look into the mirror along the direction of reflected light. Do you see the slits in the mirror? This is the image of the slits. This activity shows how light gets reflected from a plane mirror.

Now, place a lighted candle in front of a plane mirror. Try to see the flame of the candle in the mirror. It appears as if a similar candle is placed behind the mirror. The candle, which appears behind the mirror, is the image of the candle formed by the mirror. The candle itself is the object.

Move the candle to different positions in front of the mirror. Observe the image in each case. Was the image upright in each case? Did the flame appear on top of the candle as in the object? Such an image is called erect. An image formed by a plane mirror is erect and of the same size as the object.

Now place a vertical screen behind the mirror. Try to obtain the image of the candle on this screen. Can you get the image on the screen? Now place the screen in front of the mirror. Can you get the image on the screen now? You will find that the image of the candle cannot be obtained on the screen in either case.

Take a chess board or draw 64 squares on a chart paper, make a thick line in the middle, fix a plane mirror vertically on this line. Place any small object at the boundary of a square, note the position of the image, and move the object to other squares. You will find that the image is at the same distance behind the mirror as the object is in front of it.

11.3 Right or Left!
When you see your image in a plane mirror, is it exactly like you? Stand in front of a plane mirror and look at your image. Raise your left hand. Which hand does your image raise? Now touch your right ear. Which ear does your hand touch in your image? You will find that in the mirror the 'right' appears 'left' and the 'left' appears 'right.' Only sides are interchanged; the image does not appear upside down.

If you write down your name on a piece of paper and hold it in front of a plane mirror, you can see how the letters look in the mirror. Boojho saw an ambulance with the word 'AMBULANCE' written in reverse in the front. This is so that drivers ahead can read 'AMBULANCE' correctly in their rear-view mirrors and give way.

In the side mirror of a scooter or car, the images of all the objects appear smaller than the objects themselves. These mirrors are not plane mirrors.

11.4 Playing with Spherical Mirrors
Boojho lifted a stainless steel plate and saw his image in it. The image was erect and of the same size. Paheli saw her image using the back of a steel spoon and found her image erect but smaller in size. The curved shining surface of a spoon acts as a mirror. The most common example of a curved mirror is a spherical mirror.

If the reflecting surface of a spherical mirror is concave, it is called a concave mirror. If the reflecting surface is convex, it is a convex mirror. The inner surface of a spoon acts like a concave mirror, while its outer surface acts like a convex mirror.

Take a concave mirror, hold it facing the Sun, and try to get the light reflected by the mirror on a sheet of paper. Adjust the distance to get a sharp bright spot. This bright spot is, in fact, the image of the Sun. This image is formed on a screen and is called a real image. The image formed by a plane mirror cannot be obtained on a screen; such an image is called a virtual image.

Try to obtain the image of a candle flame formed by a concave mirror on a screen by moving the candle and the screen. You can see that the image formed by a concave mirror can be smaller or larger in size than the object and may be real or virtual.

Concave mirrors are used by doctors for examining eyes, ears, nose, and throat, by dentists to see enlarged images of teeth, and as reflectors in torches and headlights.

Boojho saw his image in the shiny surface of the bell on his bicycle. The image was erect and smaller in size. The bell's surface is a convex mirror. Repeat the previous activity with a convex mirror instead of a concave one. A convex mirror always forms erect, virtual, and smaller images, no matter where the object is placed.

Convex mirrors are used as side mirrors in automobiles as they form images of objects spread over a large area, helping drivers see traffic behind them.

11.5 Images Formed by Lenses
You might have seen a magnifying glass, which is actually a type of lens. Lenses are widely used in spectacles, telescopes, and microscopes. Lenses which feel thicker in the middle than at the edges are convex lenses; those which feel thinner in the middle than at the edges are concave lenses. Lenses are transparent and allow light to pass through them.

Take a convex lens or magnifying glass, put it in the path of sunrays, and place a sheet of paper to find a bright spot. Hold the lens and paper in this position for a few minutes. The paper may begin to burn at the spot, showing that the convex lens brings light together.

A convex lens converges (bends inward) the light that falls on it and is called a converging lens. A concave lens diverges (bends outward) the light and is called a diverging lens. Study the images formed by a convex lens by placing a candle at different distances. You may get real or virtual images, depending on the position. A convex lens can be used as a magnifying glass.

A concave lens always forms an erect, virtual, and smaller image than the object.

11.6 Sunlight – White or Coloured?
After rain, when the Sun is low in the sky, a rainbow can be seen as a large arc with many colours. There are seven colours in a rainbow: red, orange, yellow, green, blue, indigo, and violet. This means that white light consists of seven colours. Soap bubbles, CDs, and other examples also show similar colours.

Place a glass prism in the path of a narrow beam of sunlight in a dark room. The light emerging from the prism forms bands of different colours on a screen. This shows that sunlight consists of seven colours.

If a disc is painted with these seven colours and spun very fast, it appears to be whitish. This demonstrates that white light is a mixture of seven colours.

Key points:

Light travels along straight lines.

Polished or shining surfaces act as mirrors.

A real image can be obtained on a screen, a virtual image cannot.

Images formed by plane mirrors are erect, virtual, and the same size as the object.

In sphere-shaped mirrors (concave or convex), images can be magnified, diminished, real or virtual, depending on the mirror type and object position.

Convex mirrors give a wider field of view; concave mirrors can focus light.

Convex and concave lenses form real or virtual images; convex lenses can magnify.

White light is composed of seven colours.", A virtual image larger than the object can be produced by which kind of mirror? (You should specify which type and explain.),"A virtual image larger than the object can be produced by a concave mirror, when the object is placed between the focus and the pole of the mirror."
"You might have seen a beam of sunlight when it enters a room through a narrow opening or a hole. You may have also seen beams of light from the headlamps of scooters, cars and engines of trains. Similarly, a beam of light can be seen from a torch. Some of you may have seen a beam of searchlight from a lighthouse or from an airport tower.

11.1 Light Travels Along a Straight Line
Boojho recalls an activity he performed in Class VI. In that activity he looked at a lighted candle first through a straight pipe and then through a bent pipe. Why was Boojho not able to see the candle flame through a bent pipe? This activity showed that light travels along straight lines.

How can we change the path of light? Do you know what happens when light falls on a polished or a shiny surface?

11.2 Reflection of Light
One way to change the direction of light is to let it fall on a shiny surface. For example, a shining stainless steel plate or a shining steel spoon can change the direction of light. The surface of water can also act like a mirror and change the path of light. Have you ever seen the reflection of trees or buildings in water?

Any polished or a shiny surface can act as a mirror. What happens when light falls on a mirror? You have learnt in Class VI that a mirror changes the direction of light that falls on it. This change of direction by a mirror is called reflection of light.

Let us perform an activity: Take a torch. Cover its glass with a chart paper which has three narrow slits. Spread a sheet of chart paper on a smooth wooden board. Fix a plane mirror strip vertically on the chart paper. Now direct the beam of light on the mirror from the torch with slits. Place the torch so that its light is seen along the chart paper. Adjust its position so the light from the torch strikes the plane mirror at an angle. Does the mirror change the direction of light? Move the torch to either side. Do you find any change in the direction of reflected light? Look into the mirror along the direction of reflected light. Do you see the slits in the mirror? This is the image of the slits. This activity shows how light gets reflected from a plane mirror.

Now, place a lighted candle in front of a plane mirror. Try to see the flame of the candle in the mirror. It appears as if a similar candle is placed behind the mirror. The candle, which appears behind the mirror, is the image of the candle formed by the mirror. The candle itself is the object.

Move the candle to different positions in front of the mirror. Observe the image in each case. Was the image upright in each case? Did the flame appear on top of the candle as in the object? Such an image is called erect. An image formed by a plane mirror is erect and of the same size as the object.

Now place a vertical screen behind the mirror. Try to obtain the image of the candle on this screen. Can you get the image on the screen? Now place the screen in front of the mirror. Can you get the image on the screen now? You will find that the image of the candle cannot be obtained on the screen in either case.

Take a chess board or draw 64 squares on a chart paper, make a thick line in the middle, fix a plane mirror vertically on this line. Place any small object at the boundary of a square, note the position of the image, and move the object to other squares. You will find that the image is at the same distance behind the mirror as the object is in front of it.

11.3 Right or Left!
When you see your image in a plane mirror, is it exactly like you? Stand in front of a plane mirror and look at your image. Raise your left hand. Which hand does your image raise? Now touch your right ear. Which ear does your hand touch in your image? You will find that in the mirror the 'right' appears 'left' and the 'left' appears 'right.' Only sides are interchanged; the image does not appear upside down.

If you write down your name on a piece of paper and hold it in front of a plane mirror, you can see how the letters look in the mirror. Boojho saw an ambulance with the word 'AMBULANCE' written in reverse in the front. This is so that drivers ahead can read 'AMBULANCE' correctly in their rear-view mirrors and give way.

In the side mirror of a scooter or car, the images of all the objects appear smaller than the objects themselves. These mirrors are not plane mirrors.

11.4 Playing with Spherical Mirrors
Boojho lifted a stainless steel plate and saw his image in it. The image was erect and of the same size. Paheli saw her image using the back of a steel spoon and found her image erect but smaller in size. The curved shining surface of a spoon acts as a mirror. The most common example of a curved mirror is a spherical mirror.

If the reflecting surface of a spherical mirror is concave, it is called a concave mirror. If the reflecting surface is convex, it is a convex mirror. The inner surface of a spoon acts like a concave mirror, while its outer surface acts like a convex mirror.

Take a concave mirror, hold it facing the Sun, and try to get the light reflected by the mirror on a sheet of paper. Adjust the distance to get a sharp bright spot. This bright spot is, in fact, the image of the Sun. This image is formed on a screen and is called a real image. The image formed by a plane mirror cannot be obtained on a screen; such an image is called a virtual image.

Try to obtain the image of a candle flame formed by a concave mirror on a screen by moving the candle and the screen. You can see that the image formed by a concave mirror can be smaller or larger in size than the object and may be real or virtual.

Concave mirrors are used by doctors for examining eyes, ears, nose, and throat, by dentists to see enlarged images of teeth, and as reflectors in torches and headlights.

Boojho saw his image in the shiny surface of the bell on his bicycle. The image was erect and smaller in size. The bell's surface is a convex mirror. Repeat the previous activity with a convex mirror instead of a concave one. A convex mirror always forms erect, virtual, and smaller images, no matter where the object is placed.

Convex mirrors are used as side mirrors in automobiles as they form images of objects spread over a large area, helping drivers see traffic behind them.

11.5 Images Formed by Lenses
You might have seen a magnifying glass, which is actually a type of lens. Lenses are widely used in spectacles, telescopes, and microscopes. Lenses which feel thicker in the middle than at the edges are convex lenses; those which feel thinner in the middle than at the edges are concave lenses. Lenses are transparent and allow light to pass through them.

Take a convex lens or magnifying glass, put it in the path of sunrays, and place a sheet of paper to find a bright spot. Hold the lens and paper in this position for a few minutes. The paper may begin to burn at the spot, showing that the convex lens brings light together.

A convex lens converges (bends inward) the light that falls on it and is called a converging lens. A concave lens diverges (bends outward) the light and is called a diverging lens. Study the images formed by a convex lens by placing a candle at different distances. You may get real or virtual images, depending on the position. A convex lens can be used as a magnifying glass.

A concave lens always forms an erect, virtual, and smaller image than the object.

11.6 Sunlight – White or Coloured?
After rain, when the Sun is low in the sky, a rainbow can be seen as a large arc with many colours. There are seven colours in a rainbow: red, orange, yellow, green, blue, indigo, and violet. This means that white light consists of seven colours. Soap bubbles, CDs, and other examples also show similar colours.

Place a glass prism in the path of a narrow beam of sunlight in a dark room. The light emerging from the prism forms bands of different colours on a screen. This shows that sunlight consists of seven colours.

If a disc is painted with these seven colours and spun very fast, it appears to be whitish. This demonstrates that white light is a mixture of seven colours.

Key points:

Light travels along straight lines.

Polished or shining surfaces act as mirrors.

A real image can be obtained on a screen, a virtual image cannot.

Images formed by plane mirrors are erect, virtual, and the same size as the object.

In sphere-shaped mirrors (concave or convex), images can be magnified, diminished, real or virtual, depending on the mirror type and object position.

Convex mirrors give a wider field of view; concave mirrors can focus light.

Convex and concave lenses form real or virtual images; convex lenses can magnify.

White light is composed of seven colours.","David is observing his image in a plane mirror. The distance between the mirror and his image is 4 m. If he moves 1 m towards the mirror, then what will be the distance between David and his image? Explain your answer.","The distance between David and his image becomes 2 × 3 m = 6 m (since now object is 3 m from mirror; so image is also 3 m from mirror; total separation = 3 + 3 = 6 m).

Speed of the Image of the Truck Approaching the Driver"
"You might have seen a beam of sunlight when it enters a room through a narrow opening or a hole. You may have also seen beams of light from the headlamps of scooters, cars and engines of trains. Similarly, a beam of light can be seen from a torch. Some of you may have seen a beam of searchlight from a lighthouse or from an airport tower.

11.1 Light Travels Along a Straight Line
Boojho recalls an activity he performed in Class VI. In that activity he looked at a lighted candle first through a straight pipe and then through a bent pipe. Why was Boojho not able to see the candle flame through a bent pipe? This activity showed that light travels along straight lines.

How can we change the path of light? Do you know what happens when light falls on a polished or a shiny surface?

11.2 Reflection of Light
One way to change the direction of light is to let it fall on a shiny surface. For example, a shining stainless steel plate or a shining steel spoon can change the direction of light. The surface of water can also act like a mirror and change the path of light. Have you ever seen the reflection of trees or buildings in water?

Any polished or a shiny surface can act as a mirror. What happens when light falls on a mirror? You have learnt in Class VI that a mirror changes the direction of light that falls on it. This change of direction by a mirror is called reflection of light.

Let us perform an activity: Take a torch. Cover its glass with a chart paper which has three narrow slits. Spread a sheet of chart paper on a smooth wooden board. Fix a plane mirror strip vertically on the chart paper. Now direct the beam of light on the mirror from the torch with slits. Place the torch so that its light is seen along the chart paper. Adjust its position so the light from the torch strikes the plane mirror at an angle. Does the mirror change the direction of light? Move the torch to either side. Do you find any change in the direction of reflected light? Look into the mirror along the direction of reflected light. Do you see the slits in the mirror? This is the image of the slits. This activity shows how light gets reflected from a plane mirror.

Now, place a lighted candle in front of a plane mirror. Try to see the flame of the candle in the mirror. It appears as if a similar candle is placed behind the mirror. The candle, which appears behind the mirror, is the image of the candle formed by the mirror. The candle itself is the object.

Move the candle to different positions in front of the mirror. Observe the image in each case. Was the image upright in each case? Did the flame appear on top of the candle as in the object? Such an image is called erect. An image formed by a plane mirror is erect and of the same size as the object.

Now place a vertical screen behind the mirror. Try to obtain the image of the candle on this screen. Can you get the image on the screen? Now place the screen in front of the mirror. Can you get the image on the screen now? You will find that the image of the candle cannot be obtained on the screen in either case.

Take a chess board or draw 64 squares on a chart paper, make a thick line in the middle, fix a plane mirror vertically on this line. Place any small object at the boundary of a square, note the position of the image, and move the object to other squares. You will find that the image is at the same distance behind the mirror as the object is in front of it.

11.3 Right or Left!
When you see your image in a plane mirror, is it exactly like you? Stand in front of a plane mirror and look at your image. Raise your left hand. Which hand does your image raise? Now touch your right ear. Which ear does your hand touch in your image? You will find that in the mirror the 'right' appears 'left' and the 'left' appears 'right.' Only sides are interchanged; the image does not appear upside down.

If you write down your name on a piece of paper and hold it in front of a plane mirror, you can see how the letters look in the mirror. Boojho saw an ambulance with the word 'AMBULANCE' written in reverse in the front. This is so that drivers ahead can read 'AMBULANCE' correctly in their rear-view mirrors and give way.

In the side mirror of a scooter or car, the images of all the objects appear smaller than the objects themselves. These mirrors are not plane mirrors.

11.4 Playing with Spherical Mirrors
Boojho lifted a stainless steel plate and saw his image in it. The image was erect and of the same size. Paheli saw her image using the back of a steel spoon and found her image erect but smaller in size. The curved shining surface of a spoon acts as a mirror. The most common example of a curved mirror is a spherical mirror.

If the reflecting surface of a spherical mirror is concave, it is called a concave mirror. If the reflecting surface is convex, it is a convex mirror. The inner surface of a spoon acts like a concave mirror, while its outer surface acts like a convex mirror.

Take a concave mirror, hold it facing the Sun, and try to get the light reflected by the mirror on a sheet of paper. Adjust the distance to get a sharp bright spot. This bright spot is, in fact, the image of the Sun. This image is formed on a screen and is called a real image. The image formed by a plane mirror cannot be obtained on a screen; such an image is called a virtual image.

Try to obtain the image of a candle flame formed by a concave mirror on a screen by moving the candle and the screen. You can see that the image formed by a concave mirror can be smaller or larger in size than the object and may be real or virtual.

Concave mirrors are used by doctors for examining eyes, ears, nose, and throat, by dentists to see enlarged images of teeth, and as reflectors in torches and headlights.

Boojho saw his image in the shiny surface of the bell on his bicycle. The image was erect and smaller in size. The bell's surface is a convex mirror. Repeat the previous activity with a convex mirror instead of a concave one. A convex mirror always forms erect, virtual, and smaller images, no matter where the object is placed.

Convex mirrors are used as side mirrors in automobiles as they form images of objects spread over a large area, helping drivers see traffic behind them.

11.5 Images Formed by Lenses
You might have seen a magnifying glass, which is actually a type of lens. Lenses are widely used in spectacles, telescopes, and microscopes. Lenses which feel thicker in the middle than at the edges are convex lenses; those which feel thinner in the middle than at the edges are concave lenses. Lenses are transparent and allow light to pass through them.

Take a convex lens or magnifying glass, put it in the path of sunrays, and place a sheet of paper to find a bright spot. Hold the lens and paper in this position for a few minutes. The paper may begin to burn at the spot, showing that the convex lens brings light together.

A convex lens converges (bends inward) the light that falls on it and is called a converging lens. A concave lens diverges (bends outward) the light and is called a diverging lens. Study the images formed by a convex lens by placing a candle at different distances. You may get real or virtual images, depending on the position. A convex lens can be used as a magnifying glass.

A concave lens always forms an erect, virtual, and smaller image than the object.

11.6 Sunlight – White or Coloured?
After rain, when the Sun is low in the sky, a rainbow can be seen as a large arc with many colours. There are seven colours in a rainbow: red, orange, yellow, green, blue, indigo, and violet. This means that white light consists of seven colours. Soap bubbles, CDs, and other examples also show similar colours.

Place a glass prism in the path of a narrow beam of sunlight in a dark room. The light emerging from the prism forms bands of different colours on a screen. This shows that sunlight consists of seven colours.

If a disc is painted with these seven colours and spun very fast, it appears to be whitish. This demonstrates that white light is a mixture of seven colours.

Key points:

Light travels along straight lines.

Polished or shining surfaces act as mirrors.

A real image can be obtained on a screen, a virtual image cannot.

Images formed by plane mirrors are erect, virtual, and the same size as the object.

In sphere-shaped mirrors (concave or convex), images can be magnified, diminished, real or virtual, depending on the mirror type and object position.

Convex mirrors give a wider field of view; concave mirrors can focus light.

Convex and concave lenses form real or virtual images; convex lenses can magnify.

White light is composed of seven colours.", The rear view mirror of a car is a plane mirror. A driver is reversing his car at a speed of 2 m/s. The driver sees in his rear view mirror the image of a truck parked behind his car. What is the speed at which the image of the truck appears to approach the driver? Explain your reasoning.,"The speed at which the image of the truck appears to approach the driver is 4 m/s.
This is because, as the car (and thus the mirror) moves at 2 m/s towards the truck, the image appears to move at twice that speed relative to the driver."
"One evening Boojho entered the park with an elderly person. He introduced him to his friends. Prof Ahmad was a scientist working in the university. The children started playing while Prof Ahmad sat on a bench in the corner. He was tired as he had participated in the golden jubilee celebrations of the town. After a while, the children also came and sat around him. They wanted to know about the celebrations. Prof Ahmad told them that after the cultural programme, the senior people discussed the town’s unemployment problem. A plan was proposed to put up a factory by clearing an area of the forest just outside the town. This would give the increasing population of the town a chance to get jobs. The children were very surprised when Prof Ahmad told them that many people had objected to this idea.

“This is because the forests serve as green lungs and water purifying systems in nature”, Prof Ahmad explained. The children were confused. Prof Ahmad realised that the children had not visited a forest. The children also wanted to know more about the forest, so they decided to visit it with Prof Ahmad.

One Sunday morning, the children packed a few things like a knife, a hand lens, a stick, a notebook and walked together through a forest trail near a village. On their way, they met Tibu, a young boy of their age group, of a nearby village, who was taking cattle for grazing along with his aunt. He was very agile, running here and there to keep the herd together. When he saw the children, Tibu also started walking along with them, while his aunt went on a different path. As soon as they entered the forest Tibu raised his hand and signalled them to keep quiet because noise could disturb the animals living in the forest. Tibu then took them to a place at a height to show them the broad view of the forest. Children were surprised because they could not see any land. The different treetops had formed green cover over the land. However, the cover was not uniformly green. The environment was peaceful and a cool breeze was blowing. This made children quite fresh and happy.

While coming down, they got excited on hearing a sudden sound of birds and some noise from the top branches of the trees. Tibu told them to relax since it was a normal phenomenon here. Because of the children's presence, some monkeys had climbed higher up on the trees where they disturbed the birds. Animals often give this type of warning call to alert other animals. Tibu also told that many other animals like boar, bison, jackals, porcupine, elephants live in the deeper areas of the forest. Prof Ahmad cautioned children that they should not go deep into the forest.

Boojho and Paheli remembered that they have studied about forests as an example of a habitat in Class VI. They could see now how the forest provides a home for many animals and plants.

The land where the children were walking was uneven and covered with many trees. Tibu helped them to identify sal, teak, semal, sheesham, neem, palash, fig, khair, amla, bamboo, kachnar. Prof Ahmad pointed out that there are several other trees, shrubs, herbs and grasses in the forest. The forest floor and the trees were also covered with different types of creepers and climbers. The sun was barely visible through the leaves of the trees, making it quite dark inside the forest.

You might have many wooden items on your list like plywood, fuel wood, boxes, paper, matchsticks, and furniture. Do you know that gum, oils, spices, fodder for animals and medicinal plants are also some of the products which we get from the forest.

Sheila wondered who would have planted these trees. Prof Ahmad replied that in nature trees produce enough seeds. The forest floor provides favourable conditions for them to germinate and develop into seedlings and saplings. Some grow up into trees. He added that branchy part of a tree above the stem is known as the crown of the tree.

Prof Ahmad asked children to look up and observe how the branches of the tall trees look like a roof over the other plants in the forest. He told them that this is called a canopy. He pointed out that trees had crowns of different types and sizes. These had created different horizontal layers in the forest. These are known as understoreys. Giant and tall trees constituted the top layer followed by shrubs and tall grasses, and herbs formed the lowest layer.

""Would we see similar kind of trees in every forest?"" — asked Boojho. Prof Ahmad said, “No, due to different climatic conditions there are variations in the types of trees and other plants. The types of animals also differ from forest to forest.""

A few children were busy watching beautiful butterflies fluttering here and there on the flowers of shrubs and herbs. They came across numerous insects, spiders, squirrels, ants and various other small animals on the bark of the trees, plant leaves and on decaying leaves on the forest floor. They started making sketches of these creatures. The forest floor seemed dark coloured and was covered with a layer of dead and decaying leaves, fruits, seeds, twigs and small herbs. The decaying matter was moist and warm. Children picked up various seeds and leaves for their collection. Walking over the dead leaf layer on the forest floor was like walking over a spongy carpet. Is the decaying matter always warm?

Paheli asked, “There are so many trees here. Also, there are many forest like this. What difference will it make if we cut some trees for a factory?"" Prof Ahmad said, “You have read about autotrophs, heterotrophs and saprotrophs. You have learnt how green plants produce food. All animals, whether herbivores or carnivores, depend ultimately on plants for food. Organisms which feed on plants often get eaten by other organisms, and so on. For example, grass is eaten by insects, which in turn, is taken by the frog. The frog is consumed by snakes. This is said to form a food chain: Grass → insects → frog → snake → eagle. Many food chains can be found in the forest. All food chains are linked. If any one food chain is disturbed, it affects other food chains. Every part of the forest is dependent on the other parts. If we remove one component, say trees, all other components would be affected.""

Prof Ahmad asked children to pick up leaves from the forest floor and observe them under a hand lens. They found tiny mushrooms over the decaying leaves. They also saw an army of tiny insects, millipedes, ants and beetle on them. They were wondering how these organisms live there. Prof Ahmad explained that apart from these animals which are easily seen, there are several organisms and micro-organisms that live in the soil. Paheli wondered what mushroom and other micro-organisms eat. Prof Ahmad replied that they feed upon the dead plant and animal tissues and convert them into a dark coloured substance called humus.

The micro-organisms which convert the dead plants and animals to humus are known as decomposers. These micro-organisms play an important role in the forest. Soon, Paheli removed some dead leaves and discovered under them a layer of humus on forest floor. The presence of humus ensures that the nutrients of the dead plants and animals are released into the soil. From there, these nutrients are again absorbed by the roots of the living plants.

Plants release oxygen through the process of photosynthesis. The plants help to provide oxygen for animal respiration. They also maintain the balance of oxygen and carbon dioxide in the atmosphere. That is why forests are called lungs.

Trees take in water from their roots and release water vapour into the air through evaporation.

Tibu told them that the forest is not just home to plants and animals. Many people also live in the forest. Some of them may belong to different tribes. Tibu explained that these people depend mostly on the forests. The forest provides them with food, shelter, water and medicines. They have traditional knowledge about many medicinal plants in the forest.

The dense bushes and the tall grass provide animals with the food and shelter. The animals also disperse the seeds of certain plants and help the forest to grow and regenerate. The decaying animal dung also provides nutrients to the seedlings to grow.

The closed canopy and many layers of vegetation slow down the speed of raindrops. The root system helps water to seep down in the ground. Covered ground with decaying material acts like a sponge. Rainwater drips from the trees and seeps into the ground. Forests act as a natural absorber of rainwater and allow it to seep. It helps maintain the water table throughout the year. Forests not only help in controlling floods but also help maintain the flow of water in the streams so that we get a steady supply of water. On the other hand, if trees are not present, rain hits the ground directly and may flood the area around it. Heavy rain may also damages the soil. Roots of trees normally bind the soil together, but in their absence the soil is washed away or eroded.

The children learnt about the history of the village. It surprised them that the villages and the agricultural fields of that area were created after clearing the forest about sixty years ago. Tibu’s grandfather told them that when he was young, the village was not as large as it was now. It was also surrounded by forests. Construction of roads, buildings, industrial development and increasing demand of wood created pressure on the forests and it started vanishing. He was not happy that the forest adjoining their village is not regenerating and is on the verge of disappearing due to overgrazing of animals and indiscriminate felling of trees. Prof Ahmad said that if we did things wisely we could preserve forests and environment as well as have development.

At the end of the visit, Prof Ahmad asked children to sum up the importance of forests. The children wrote: Forests provide us with oxygen. They protect soil and provide habitat to a large number of animals. Forests help in bringing good rainfall in neighbouring areas. They are a source of medicinal plants, timber and many other useful products. We must preserve our forests.

If forests disappear, the amount of carbon dioxide in air will increase, resulting in the increase of earth's temperature. In the absence of trees and plants, the animals will not get food and shelter. In the absence of trees, the soil will not hold water, which will cause floods. Deforestation will endanger our life and environment.", Explain how animals dwelling in the forest help it grow and regenerate.,"Animals help disperse plant seeds, enabling plants to grow in new areas.

Decaying animal dung adds nutrients to the soil, enriching it for plant growth.

Microorganisms, including those from animal remains, convert dead plants and animals into humus, supporting the regeneration of the forest."
"One evening Boojho entered the park with an elderly person. He introduced him to his friends. Prof Ahmad was a scientist working in the university. The children started playing while Prof Ahmad sat on a bench in the corner. He was tired as he had participated in the golden jubilee celebrations of the town. After a while, the children also came and sat around him. They wanted to know about the celebrations. Prof Ahmad told them that after the cultural programme, the senior people discussed the town’s unemployment problem. A plan was proposed to put up a factory by clearing an area of the forest just outside the town. This would give the increasing population of the town a chance to get jobs. The children were very surprised when Prof Ahmad told them that many people had objected to this idea.

“This is because the forests serve as green lungs and water purifying systems in nature”, Prof Ahmad explained. The children were confused. Prof Ahmad realised that the children had not visited a forest. The children also wanted to know more about the forest, so they decided to visit it with Prof Ahmad.

One Sunday morning, the children packed a few things like a knife, a hand lens, a stick, a notebook and walked together through a forest trail near a village. On their way, they met Tibu, a young boy of their age group, of a nearby village, who was taking cattle for grazing along with his aunt. He was very agile, running here and there to keep the herd together. When he saw the children, Tibu also started walking along with them, while his aunt went on a different path. As soon as they entered the forest Tibu raised his hand and signalled them to keep quiet because noise could disturb the animals living in the forest. Tibu then took them to a place at a height to show them the broad view of the forest. Children were surprised because they could not see any land. The different treetops had formed green cover over the land. However, the cover was not uniformly green. The environment was peaceful and a cool breeze was blowing. This made children quite fresh and happy.

While coming down, they got excited on hearing a sudden sound of birds and some noise from the top branches of the trees. Tibu told them to relax since it was a normal phenomenon here. Because of the children's presence, some monkeys had climbed higher up on the trees where they disturbed the birds. Animals often give this type of warning call to alert other animals. Tibu also told that many other animals like boar, bison, jackals, porcupine, elephants live in the deeper areas of the forest. Prof Ahmad cautioned children that they should not go deep into the forest.

Boojho and Paheli remembered that they have studied about forests as an example of a habitat in Class VI. They could see now how the forest provides a home for many animals and plants.

The land where the children were walking was uneven and covered with many trees. Tibu helped them to identify sal, teak, semal, sheesham, neem, palash, fig, khair, amla, bamboo, kachnar. Prof Ahmad pointed out that there are several other trees, shrubs, herbs and grasses in the forest. The forest floor and the trees were also covered with different types of creepers and climbers. The sun was barely visible through the leaves of the trees, making it quite dark inside the forest.

You might have many wooden items on your list like plywood, fuel wood, boxes, paper, matchsticks, and furniture. Do you know that gum, oils, spices, fodder for animals and medicinal plants are also some of the products which we get from the forest.

Sheila wondered who would have planted these trees. Prof Ahmad replied that in nature trees produce enough seeds. The forest floor provides favourable conditions for them to germinate and develop into seedlings and saplings. Some grow up into trees. He added that branchy part of a tree above the stem is known as the crown of the tree.

Prof Ahmad asked children to look up and observe how the branches of the tall trees look like a roof over the other plants in the forest. He told them that this is called a canopy. He pointed out that trees had crowns of different types and sizes. These had created different horizontal layers in the forest. These are known as understoreys. Giant and tall trees constituted the top layer followed by shrubs and tall grasses, and herbs formed the lowest layer.

""Would we see similar kind of trees in every forest?"" — asked Boojho. Prof Ahmad said, “No, due to different climatic conditions there are variations in the types of trees and other plants. The types of animals also differ from forest to forest.""

A few children were busy watching beautiful butterflies fluttering here and there on the flowers of shrubs and herbs. They came across numerous insects, spiders, squirrels, ants and various other small animals on the bark of the trees, plant leaves and on decaying leaves on the forest floor. They started making sketches of these creatures. The forest floor seemed dark coloured and was covered with a layer of dead and decaying leaves, fruits, seeds, twigs and small herbs. The decaying matter was moist and warm. Children picked up various seeds and leaves for their collection. Walking over the dead leaf layer on the forest floor was like walking over a spongy carpet. Is the decaying matter always warm?

Paheli asked, “There are so many trees here. Also, there are many forest like this. What difference will it make if we cut some trees for a factory?"" Prof Ahmad said, “You have read about autotrophs, heterotrophs and saprotrophs. You have learnt how green plants produce food. All animals, whether herbivores or carnivores, depend ultimately on plants for food. Organisms which feed on plants often get eaten by other organisms, and so on. For example, grass is eaten by insects, which in turn, is taken by the frog. The frog is consumed by snakes. This is said to form a food chain: Grass → insects → frog → snake → eagle. Many food chains can be found in the forest. All food chains are linked. If any one food chain is disturbed, it affects other food chains. Every part of the forest is dependent on the other parts. If we remove one component, say trees, all other components would be affected.""

Prof Ahmad asked children to pick up leaves from the forest floor and observe them under a hand lens. They found tiny mushrooms over the decaying leaves. They also saw an army of tiny insects, millipedes, ants and beetle on them. They were wondering how these organisms live there. Prof Ahmad explained that apart from these animals which are easily seen, there are several organisms and micro-organisms that live in the soil. Paheli wondered what mushroom and other micro-organisms eat. Prof Ahmad replied that they feed upon the dead plant and animal tissues and convert them into a dark coloured substance called humus.

The micro-organisms which convert the dead plants and animals to humus are known as decomposers. These micro-organisms play an important role in the forest. Soon, Paheli removed some dead leaves and discovered under them a layer of humus on forest floor. The presence of humus ensures that the nutrients of the dead plants and animals are released into the soil. From there, these nutrients are again absorbed by the roots of the living plants.

Plants release oxygen through the process of photosynthesis. The plants help to provide oxygen for animal respiration. They also maintain the balance of oxygen and carbon dioxide in the atmosphere. That is why forests are called lungs.

Trees take in water from their roots and release water vapour into the air through evaporation.

Tibu told them that the forest is not just home to plants and animals. Many people also live in the forest. Some of them may belong to different tribes. Tibu explained that these people depend mostly on the forests. The forest provides them with food, shelter, water and medicines. They have traditional knowledge about many medicinal plants in the forest.

The dense bushes and the tall grass provide animals with the food and shelter. The animals also disperse the seeds of certain plants and help the forest to grow and regenerate. The decaying animal dung also provides nutrients to the seedlings to grow.

The closed canopy and many layers of vegetation slow down the speed of raindrops. The root system helps water to seep down in the ground. Covered ground with decaying material acts like a sponge. Rainwater drips from the trees and seeps into the ground. Forests act as a natural absorber of rainwater and allow it to seep. It helps maintain the water table throughout the year. Forests not only help in controlling floods but also help maintain the flow of water in the streams so that we get a steady supply of water. On the other hand, if trees are not present, rain hits the ground directly and may flood the area around it. Heavy rain may also damages the soil. Roots of trees normally bind the soil together, but in their absence the soil is washed away or eroded.

The children learnt about the history of the village. It surprised them that the villages and the agricultural fields of that area were created after clearing the forest about sixty years ago. Tibu’s grandfather told them that when he was young, the village was not as large as it was now. It was also surrounded by forests. Construction of roads, buildings, industrial development and increasing demand of wood created pressure on the forests and it started vanishing. He was not happy that the forest adjoining their village is not regenerating and is on the verge of disappearing due to overgrazing of animals and indiscriminate felling of trees. Prof Ahmad said that if we did things wisely we could preserve forests and environment as well as have development.

At the end of the visit, Prof Ahmad asked children to sum up the importance of forests. The children wrote: Forests provide us with oxygen. They protect soil and provide habitat to a large number of animals. Forests help in bringing good rainfall in neighbouring areas. They are a source of medicinal plants, timber and many other useful products. We must preserve our forests.

If forests disappear, the amount of carbon dioxide in air will increase, resulting in the increase of earth's temperature. In the absence of trees and plants, the animals will not get food and shelter. In the absence of trees, the soil will not hold water, which will cause floods. Deforestation will endanger our life and environment.",Explain how forests prevent floods.,"Forest plants and trees intercept rainfall, preventing it from falling directly on the ground.

Plant roots hold water and bind the soil, reducing runoff and increasing water absorption.

These effects are crucial in preventing sudden flooding after heavy rain."
"One evening Boojho entered the park with an elderly person. He introduced him to his friends. Prof Ahmad was a scientist working in the university. The children started playing while Prof Ahmad sat on a bench in the corner. He was tired as he had participated in the golden jubilee celebrations of the town. After a while, the children also came and sat around him. They wanted to know about the celebrations. Prof Ahmad told them that after the cultural programme, the senior people discussed the town’s unemployment problem. A plan was proposed to put up a factory by clearing an area of the forest just outside the town. This would give the increasing population of the town a chance to get jobs. The children were very surprised when Prof Ahmad told them that many people had objected to this idea.

“This is because the forests serve as green lungs and water purifying systems in nature”, Prof Ahmad explained. The children were confused. Prof Ahmad realised that the children had not visited a forest. The children also wanted to know more about the forest, so they decided to visit it with Prof Ahmad.

One Sunday morning, the children packed a few things like a knife, a hand lens, a stick, a notebook and walked together through a forest trail near a village. On their way, they met Tibu, a young boy of their age group, of a nearby village, who was taking cattle for grazing along with his aunt. He was very agile, running here and there to keep the herd together. When he saw the children, Tibu also started walking along with them, while his aunt went on a different path. As soon as they entered the forest Tibu raised his hand and signalled them to keep quiet because noise could disturb the animals living in the forest. Tibu then took them to a place at a height to show them the broad view of the forest. Children were surprised because they could not see any land. The different treetops had formed green cover over the land. However, the cover was not uniformly green. The environment was peaceful and a cool breeze was blowing. This made children quite fresh and happy.

While coming down, they got excited on hearing a sudden sound of birds and some noise from the top branches of the trees. Tibu told them to relax since it was a normal phenomenon here. Because of the children's presence, some monkeys had climbed higher up on the trees where they disturbed the birds. Animals often give this type of warning call to alert other animals. Tibu also told that many other animals like boar, bison, jackals, porcupine, elephants live in the deeper areas of the forest. Prof Ahmad cautioned children that they should not go deep into the forest.

Boojho and Paheli remembered that they have studied about forests as an example of a habitat in Class VI. They could see now how the forest provides a home for many animals and plants.

The land where the children were walking was uneven and covered with many trees. Tibu helped them to identify sal, teak, semal, sheesham, neem, palash, fig, khair, amla, bamboo, kachnar. Prof Ahmad pointed out that there are several other trees, shrubs, herbs and grasses in the forest. The forest floor and the trees were also covered with different types of creepers and climbers. The sun was barely visible through the leaves of the trees, making it quite dark inside the forest.

You might have many wooden items on your list like plywood, fuel wood, boxes, paper, matchsticks, and furniture. Do you know that gum, oils, spices, fodder for animals and medicinal plants are also some of the products which we get from the forest.

Sheila wondered who would have planted these trees. Prof Ahmad replied that in nature trees produce enough seeds. The forest floor provides favourable conditions for them to germinate and develop into seedlings and saplings. Some grow up into trees. He added that branchy part of a tree above the stem is known as the crown of the tree.

Prof Ahmad asked children to look up and observe how the branches of the tall trees look like a roof over the other plants in the forest. He told them that this is called a canopy. He pointed out that trees had crowns of different types and sizes. These had created different horizontal layers in the forest. These are known as understoreys. Giant and tall trees constituted the top layer followed by shrubs and tall grasses, and herbs formed the lowest layer.

""Would we see similar kind of trees in every forest?"" — asked Boojho. Prof Ahmad said, “No, due to different climatic conditions there are variations in the types of trees and other plants. The types of animals also differ from forest to forest.""

A few children were busy watching beautiful butterflies fluttering here and there on the flowers of shrubs and herbs. They came across numerous insects, spiders, squirrels, ants and various other small animals on the bark of the trees, plant leaves and on decaying leaves on the forest floor. They started making sketches of these creatures. The forest floor seemed dark coloured and was covered with a layer of dead and decaying leaves, fruits, seeds, twigs and small herbs. The decaying matter was moist and warm. Children picked up various seeds and leaves for their collection. Walking over the dead leaf layer on the forest floor was like walking over a spongy carpet. Is the decaying matter always warm?

Paheli asked, “There are so many trees here. Also, there are many forest like this. What difference will it make if we cut some trees for a factory?"" Prof Ahmad said, “You have read about autotrophs, heterotrophs and saprotrophs. You have learnt how green plants produce food. All animals, whether herbivores or carnivores, depend ultimately on plants for food. Organisms which feed on plants often get eaten by other organisms, and so on. For example, grass is eaten by insects, which in turn, is taken by the frog. The frog is consumed by snakes. This is said to form a food chain: Grass → insects → frog → snake → eagle. Many food chains can be found in the forest. All food chains are linked. If any one food chain is disturbed, it affects other food chains. Every part of the forest is dependent on the other parts. If we remove one component, say trees, all other components would be affected.""

Prof Ahmad asked children to pick up leaves from the forest floor and observe them under a hand lens. They found tiny mushrooms over the decaying leaves. They also saw an army of tiny insects, millipedes, ants and beetle on them. They were wondering how these organisms live there. Prof Ahmad explained that apart from these animals which are easily seen, there are several organisms and micro-organisms that live in the soil. Paheli wondered what mushroom and other micro-organisms eat. Prof Ahmad replied that they feed upon the dead plant and animal tissues and convert them into a dark coloured substance called humus.

The micro-organisms which convert the dead plants and animals to humus are known as decomposers. These micro-organisms play an important role in the forest. Soon, Paheli removed some dead leaves and discovered under them a layer of humus on forest floor. The presence of humus ensures that the nutrients of the dead plants and animals are released into the soil. From there, these nutrients are again absorbed by the roots of the living plants.

Plants release oxygen through the process of photosynthesis. The plants help to provide oxygen for animal respiration. They also maintain the balance of oxygen and carbon dioxide in the atmosphere. That is why forests are called lungs.

Trees take in water from their roots and release water vapour into the air through evaporation.

Tibu told them that the forest is not just home to plants and animals. Many people also live in the forest. Some of them may belong to different tribes. Tibu explained that these people depend mostly on the forests. The forest provides them with food, shelter, water and medicines. They have traditional knowledge about many medicinal plants in the forest.

The dense bushes and the tall grass provide animals with the food and shelter. The animals also disperse the seeds of certain plants and help the forest to grow and regenerate. The decaying animal dung also provides nutrients to the seedlings to grow.

The closed canopy and many layers of vegetation slow down the speed of raindrops. The root system helps water to seep down in the ground. Covered ground with decaying material acts like a sponge. Rainwater drips from the trees and seeps into the ground. Forests act as a natural absorber of rainwater and allow it to seep. It helps maintain the water table throughout the year. Forests not only help in controlling floods but also help maintain the flow of water in the streams so that we get a steady supply of water. On the other hand, if trees are not present, rain hits the ground directly and may flood the area around it. Heavy rain may also damages the soil. Roots of trees normally bind the soil together, but in their absence the soil is washed away or eroded.

The children learnt about the history of the village. It surprised them that the villages and the agricultural fields of that area were created after clearing the forest about sixty years ago. Tibu’s grandfather told them that when he was young, the village was not as large as it was now. It was also surrounded by forests. Construction of roads, buildings, industrial development and increasing demand of wood created pressure on the forests and it started vanishing. He was not happy that the forest adjoining their village is not regenerating and is on the verge of disappearing due to overgrazing of animals and indiscriminate felling of trees. Prof Ahmad said that if we did things wisely we could preserve forests and environment as well as have development.

At the end of the visit, Prof Ahmad asked children to sum up the importance of forests. The children wrote: Forests provide us with oxygen. They protect soil and provide habitat to a large number of animals. Forests help in bringing good rainfall in neighbouring areas. They are a source of medicinal plants, timber and many other useful products. We must preserve our forests.

If forests disappear, the amount of carbon dioxide in air will increase, resulting in the increase of earth's temperature. In the absence of trees and plants, the animals will not get food and shelter. In the absence of trees, the soil will not hold water, which will cause floods. Deforestation will endanger our life and environment.", What are decomposers? Name any two of them. What do they do in the forest?,"Decomposers are microorganisms that break down dead plants and animals into simpler substances.

Examples: bacteria and fungi.

In the forest, decomposers recycle nutrients by converting dead matter into humus, enriching the soil and supporting new plant growth."
"One evening Boojho entered the park with an elderly person. He introduced him to his friends. Prof Ahmad was a scientist working in the university. The children started playing while Prof Ahmad sat on a bench in the corner. He was tired as he had participated in the golden jubilee celebrations of the town. After a while, the children also came and sat around him. They wanted to know about the celebrations. Prof Ahmad told them that after the cultural programme, the senior people discussed the town’s unemployment problem. A plan was proposed to put up a factory by clearing an area of the forest just outside the town. This would give the increasing population of the town a chance to get jobs. The children were very surprised when Prof Ahmad told them that many people had objected to this idea.

“This is because the forests serve as green lungs and water purifying systems in nature”, Prof Ahmad explained. The children were confused. Prof Ahmad realised that the children had not visited a forest. The children also wanted to know more about the forest, so they decided to visit it with Prof Ahmad.

One Sunday morning, the children packed a few things like a knife, a hand lens, a stick, a notebook and walked together through a forest trail near a village. On their way, they met Tibu, a young boy of their age group, of a nearby village, who was taking cattle for grazing along with his aunt. He was very agile, running here and there to keep the herd together. When he saw the children, Tibu also started walking along with them, while his aunt went on a different path. As soon as they entered the forest Tibu raised his hand and signalled them to keep quiet because noise could disturb the animals living in the forest. Tibu then took them to a place at a height to show them the broad view of the forest. Children were surprised because they could not see any land. The different treetops had formed green cover over the land. However, the cover was not uniformly green. The environment was peaceful and a cool breeze was blowing. This made children quite fresh and happy.

While coming down, they got excited on hearing a sudden sound of birds and some noise from the top branches of the trees. Tibu told them to relax since it was a normal phenomenon here. Because of the children's presence, some monkeys had climbed higher up on the trees where they disturbed the birds. Animals often give this type of warning call to alert other animals. Tibu also told that many other animals like boar, bison, jackals, porcupine, elephants live in the deeper areas of the forest. Prof Ahmad cautioned children that they should not go deep into the forest.

Boojho and Paheli remembered that they have studied about forests as an example of a habitat in Class VI. They could see now how the forest provides a home for many animals and plants.

The land where the children were walking was uneven and covered with many trees. Tibu helped them to identify sal, teak, semal, sheesham, neem, palash, fig, khair, amla, bamboo, kachnar. Prof Ahmad pointed out that there are several other trees, shrubs, herbs and grasses in the forest. The forest floor and the trees were also covered with different types of creepers and climbers. The sun was barely visible through the leaves of the trees, making it quite dark inside the forest.

You might have many wooden items on your list like plywood, fuel wood, boxes, paper, matchsticks, and furniture. Do you know that gum, oils, spices, fodder for animals and medicinal plants are also some of the products which we get from the forest.

Sheila wondered who would have planted these trees. Prof Ahmad replied that in nature trees produce enough seeds. The forest floor provides favourable conditions for them to germinate and develop into seedlings and saplings. Some grow up into trees. He added that branchy part of a tree above the stem is known as the crown of the tree.

Prof Ahmad asked children to look up and observe how the branches of the tall trees look like a roof over the other plants in the forest. He told them that this is called a canopy. He pointed out that trees had crowns of different types and sizes. These had created different horizontal layers in the forest. These are known as understoreys. Giant and tall trees constituted the top layer followed by shrubs and tall grasses, and herbs formed the lowest layer.

""Would we see similar kind of trees in every forest?"" — asked Boojho. Prof Ahmad said, “No, due to different climatic conditions there are variations in the types of trees and other plants. The types of animals also differ from forest to forest.""

A few children were busy watching beautiful butterflies fluttering here and there on the flowers of shrubs and herbs. They came across numerous insects, spiders, squirrels, ants and various other small animals on the bark of the trees, plant leaves and on decaying leaves on the forest floor. They started making sketches of these creatures. The forest floor seemed dark coloured and was covered with a layer of dead and decaying leaves, fruits, seeds, twigs and small herbs. The decaying matter was moist and warm. Children picked up various seeds and leaves for their collection. Walking over the dead leaf layer on the forest floor was like walking over a spongy carpet. Is the decaying matter always warm?

Paheli asked, “There are so many trees here. Also, there are many forest like this. What difference will it make if we cut some trees for a factory?"" Prof Ahmad said, “You have read about autotrophs, heterotrophs and saprotrophs. You have learnt how green plants produce food. All animals, whether herbivores or carnivores, depend ultimately on plants for food. Organisms which feed on plants often get eaten by other organisms, and so on. For example, grass is eaten by insects, which in turn, is taken by the frog. The frog is consumed by snakes. This is said to form a food chain: Grass → insects → frog → snake → eagle. Many food chains can be found in the forest. All food chains are linked. If any one food chain is disturbed, it affects other food chains. Every part of the forest is dependent on the other parts. If we remove one component, say trees, all other components would be affected.""

Prof Ahmad asked children to pick up leaves from the forest floor and observe them under a hand lens. They found tiny mushrooms over the decaying leaves. They also saw an army of tiny insects, millipedes, ants and beetle on them. They were wondering how these organisms live there. Prof Ahmad explained that apart from these animals which are easily seen, there are several organisms and micro-organisms that live in the soil. Paheli wondered what mushroom and other micro-organisms eat. Prof Ahmad replied that they feed upon the dead plant and animal tissues and convert them into a dark coloured substance called humus.

The micro-organisms which convert the dead plants and animals to humus are known as decomposers. These micro-organisms play an important role in the forest. Soon, Paheli removed some dead leaves and discovered under them a layer of humus on forest floor. The presence of humus ensures that the nutrients of the dead plants and animals are released into the soil. From there, these nutrients are again absorbed by the roots of the living plants.

Plants release oxygen through the process of photosynthesis. The plants help to provide oxygen for animal respiration. They also maintain the balance of oxygen and carbon dioxide in the atmosphere. That is why forests are called lungs.

Trees take in water from their roots and release water vapour into the air through evaporation.

Tibu told them that the forest is not just home to plants and animals. Many people also live in the forest. Some of them may belong to different tribes. Tibu explained that these people depend mostly on the forests. The forest provides them with food, shelter, water and medicines. They have traditional knowledge about many medicinal plants in the forest.

The dense bushes and the tall grass provide animals with the food and shelter. The animals also disperse the seeds of certain plants and help the forest to grow and regenerate. The decaying animal dung also provides nutrients to the seedlings to grow.

The closed canopy and many layers of vegetation slow down the speed of raindrops. The root system helps water to seep down in the ground. Covered ground with decaying material acts like a sponge. Rainwater drips from the trees and seeps into the ground. Forests act as a natural absorber of rainwater and allow it to seep. It helps maintain the water table throughout the year. Forests not only help in controlling floods but also help maintain the flow of water in the streams so that we get a steady supply of water. On the other hand, if trees are not present, rain hits the ground directly and may flood the area around it. Heavy rain may also damages the soil. Roots of trees normally bind the soil together, but in their absence the soil is washed away or eroded.

The children learnt about the history of the village. It surprised them that the villages and the agricultural fields of that area were created after clearing the forest about sixty years ago. Tibu’s grandfather told them that when he was young, the village was not as large as it was now. It was also surrounded by forests. Construction of roads, buildings, industrial development and increasing demand of wood created pressure on the forests and it started vanishing. He was not happy that the forest adjoining their village is not regenerating and is on the verge of disappearing due to overgrazing of animals and indiscriminate felling of trees. Prof Ahmad said that if we did things wisely we could preserve forests and environment as well as have development.

At the end of the visit, Prof Ahmad asked children to sum up the importance of forests. The children wrote: Forests provide us with oxygen. They protect soil and provide habitat to a large number of animals. Forests help in bringing good rainfall in neighbouring areas. They are a source of medicinal plants, timber and many other useful products. We must preserve our forests.

If forests disappear, the amount of carbon dioxide in air will increase, resulting in the increase of earth's temperature. In the absence of trees and plants, the animals will not get food and shelter. In the absence of trees, the soil will not hold water, which will cause floods. Deforestation will endanger our life and environment.",Explain the role of forest in maintaining the balance between oxygen and carbon dioxide in the atmosphere.,"Forest plants consume carbon dioxide and release oxygen through photosynthesis.

This exchange helps to keep atmospheric levels of oxygen and carbon dioxide balanced, supporting life on Earth."
"One evening Boojho entered the park with an elderly person. He introduced him to his friends. Prof Ahmad was a scientist working in the university. The children started playing while Prof Ahmad sat on a bench in the corner. He was tired as he had participated in the golden jubilee celebrations of the town. After a while, the children also came and sat around him. They wanted to know about the celebrations. Prof Ahmad told them that after the cultural programme, the senior people discussed the town’s unemployment problem. A plan was proposed to put up a factory by clearing an area of the forest just outside the town. This would give the increasing population of the town a chance to get jobs. The children were very surprised when Prof Ahmad told them that many people had objected to this idea.

“This is because the forests serve as green lungs and water purifying systems in nature”, Prof Ahmad explained. The children were confused. Prof Ahmad realised that the children had not visited a forest. The children also wanted to know more about the forest, so they decided to visit it with Prof Ahmad.

One Sunday morning, the children packed a few things like a knife, a hand lens, a stick, a notebook and walked together through a forest trail near a village. On their way, they met Tibu, a young boy of their age group, of a nearby village, who was taking cattle for grazing along with his aunt. He was very agile, running here and there to keep the herd together. When he saw the children, Tibu also started walking along with them, while his aunt went on a different path. As soon as they entered the forest Tibu raised his hand and signalled them to keep quiet because noise could disturb the animals living in the forest. Tibu then took them to a place at a height to show them the broad view of the forest. Children were surprised because they could not see any land. The different treetops had formed green cover over the land. However, the cover was not uniformly green. The environment was peaceful and a cool breeze was blowing. This made children quite fresh and happy.

While coming down, they got excited on hearing a sudden sound of birds and some noise from the top branches of the trees. Tibu told them to relax since it was a normal phenomenon here. Because of the children's presence, some monkeys had climbed higher up on the trees where they disturbed the birds. Animals often give this type of warning call to alert other animals. Tibu also told that many other animals like boar, bison, jackals, porcupine, elephants live in the deeper areas of the forest. Prof Ahmad cautioned children that they should not go deep into the forest.

Boojho and Paheli remembered that they have studied about forests as an example of a habitat in Class VI. They could see now how the forest provides a home for many animals and plants.

The land where the children were walking was uneven and covered with many trees. Tibu helped them to identify sal, teak, semal, sheesham, neem, palash, fig, khair, amla, bamboo, kachnar. Prof Ahmad pointed out that there are several other trees, shrubs, herbs and grasses in the forest. The forest floor and the trees were also covered with different types of creepers and climbers. The sun was barely visible through the leaves of the trees, making it quite dark inside the forest.

You might have many wooden items on your list like plywood, fuel wood, boxes, paper, matchsticks, and furniture. Do you know that gum, oils, spices, fodder for animals and medicinal plants are also some of the products which we get from the forest.

Sheila wondered who would have planted these trees. Prof Ahmad replied that in nature trees produce enough seeds. The forest floor provides favourable conditions for them to germinate and develop into seedlings and saplings. Some grow up into trees. He added that branchy part of a tree above the stem is known as the crown of the tree.

Prof Ahmad asked children to look up and observe how the branches of the tall trees look like a roof over the other plants in the forest. He told them that this is called a canopy. He pointed out that trees had crowns of different types and sizes. These had created different horizontal layers in the forest. These are known as understoreys. Giant and tall trees constituted the top layer followed by shrubs and tall grasses, and herbs formed the lowest layer.

""Would we see similar kind of trees in every forest?"" — asked Boojho. Prof Ahmad said, “No, due to different climatic conditions there are variations in the types of trees and other plants. The types of animals also differ from forest to forest.""

A few children were busy watching beautiful butterflies fluttering here and there on the flowers of shrubs and herbs. They came across numerous insects, spiders, squirrels, ants and various other small animals on the bark of the trees, plant leaves and on decaying leaves on the forest floor. They started making sketches of these creatures. The forest floor seemed dark coloured and was covered with a layer of dead and decaying leaves, fruits, seeds, twigs and small herbs. The decaying matter was moist and warm. Children picked up various seeds and leaves for their collection. Walking over the dead leaf layer on the forest floor was like walking over a spongy carpet. Is the decaying matter always warm?

Paheli asked, “There are so many trees here. Also, there are many forest like this. What difference will it make if we cut some trees for a factory?"" Prof Ahmad said, “You have read about autotrophs, heterotrophs and saprotrophs. You have learnt how green plants produce food. All animals, whether herbivores or carnivores, depend ultimately on plants for food. Organisms which feed on plants often get eaten by other organisms, and so on. For example, grass is eaten by insects, which in turn, is taken by the frog. The frog is consumed by snakes. This is said to form a food chain: Grass → insects → frog → snake → eagle. Many food chains can be found in the forest. All food chains are linked. If any one food chain is disturbed, it affects other food chains. Every part of the forest is dependent on the other parts. If we remove one component, say trees, all other components would be affected.""

Prof Ahmad asked children to pick up leaves from the forest floor and observe them under a hand lens. They found tiny mushrooms over the decaying leaves. They also saw an army of tiny insects, millipedes, ants and beetle on them. They were wondering how these organisms live there. Prof Ahmad explained that apart from these animals which are easily seen, there are several organisms and micro-organisms that live in the soil. Paheli wondered what mushroom and other micro-organisms eat. Prof Ahmad replied that they feed upon the dead plant and animal tissues and convert them into a dark coloured substance called humus.

The micro-organisms which convert the dead plants and animals to humus are known as decomposers. These micro-organisms play an important role in the forest. Soon, Paheli removed some dead leaves and discovered under them a layer of humus on forest floor. The presence of humus ensures that the nutrients of the dead plants and animals are released into the soil. From there, these nutrients are again absorbed by the roots of the living plants.

Plants release oxygen through the process of photosynthesis. The plants help to provide oxygen for animal respiration. They also maintain the balance of oxygen and carbon dioxide in the atmosphere. That is why forests are called lungs.

Trees take in water from their roots and release water vapour into the air through evaporation.

Tibu told them that the forest is not just home to plants and animals. Many people also live in the forest. Some of them may belong to different tribes. Tibu explained that these people depend mostly on the forests. The forest provides them with food, shelter, water and medicines. They have traditional knowledge about many medicinal plants in the forest.

The dense bushes and the tall grass provide animals with the food and shelter. The animals also disperse the seeds of certain plants and help the forest to grow and regenerate. The decaying animal dung also provides nutrients to the seedlings to grow.

The closed canopy and many layers of vegetation slow down the speed of raindrops. The root system helps water to seep down in the ground. Covered ground with decaying material acts like a sponge. Rainwater drips from the trees and seeps into the ground. Forests act as a natural absorber of rainwater and allow it to seep. It helps maintain the water table throughout the year. Forests not only help in controlling floods but also help maintain the flow of water in the streams so that we get a steady supply of water. On the other hand, if trees are not present, rain hits the ground directly and may flood the area around it. Heavy rain may also damages the soil. Roots of trees normally bind the soil together, but in their absence the soil is washed away or eroded.

The children learnt about the history of the village. It surprised them that the villages and the agricultural fields of that area were created after clearing the forest about sixty years ago. Tibu’s grandfather told them that when he was young, the village was not as large as it was now. It was also surrounded by forests. Construction of roads, buildings, industrial development and increasing demand of wood created pressure on the forests and it started vanishing. He was not happy that the forest adjoining their village is not regenerating and is on the verge of disappearing due to overgrazing of animals and indiscriminate felling of trees. Prof Ahmad said that if we did things wisely we could preserve forests and environment as well as have development.

At the end of the visit, Prof Ahmad asked children to sum up the importance of forests. The children wrote: Forests provide us with oxygen. They protect soil and provide habitat to a large number of animals. Forests help in bringing good rainfall in neighbouring areas. They are a source of medicinal plants, timber and many other useful products. We must preserve our forests.

If forests disappear, the amount of carbon dioxide in air will increase, resulting in the increase of earth's temperature. In the absence of trees and plants, the animals will not get food and shelter. In the absence of trees, the soil will not hold water, which will cause floods. Deforestation will endanger our life and environment.",Explain why there is no waste in a forest.,"All waste in a forest is biodegradable.

Microorganisms decompose plant and animal remains, converting them into humus.

This natural recycling means that waste is constantly transformed back into useful nutrients for new growth."
"One evening Boojho entered the park with an elderly person. He introduced him to his friends. Prof Ahmad was a scientist working in the university. The children started playing while Prof Ahmad sat on a bench in the corner. He was tired as he had participated in the golden jubilee celebrations of the town. After a while, the children also came and sat around him. They wanted to know about the celebrations. Prof Ahmad told them that after the cultural programme, the senior people discussed the town’s unemployment problem. A plan was proposed to put up a factory by clearing an area of the forest just outside the town. This would give the increasing population of the town a chance to get jobs. The children were very surprised when Prof Ahmad told them that many people had objected to this idea.

“This is because the forests serve as green lungs and water purifying systems in nature”, Prof Ahmad explained. The children were confused. Prof Ahmad realised that the children had not visited a forest. The children also wanted to know more about the forest, so they decided to visit it with Prof Ahmad.

One Sunday morning, the children packed a few things like a knife, a hand lens, a stick, a notebook and walked together through a forest trail near a village. On their way, they met Tibu, a young boy of their age group, of a nearby village, who was taking cattle for grazing along with his aunt. He was very agile, running here and there to keep the herd together. When he saw the children, Tibu also started walking along with them, while his aunt went on a different path. As soon as they entered the forest Tibu raised his hand and signalled them to keep quiet because noise could disturb the animals living in the forest. Tibu then took them to a place at a height to show them the broad view of the forest. Children were surprised because they could not see any land. The different treetops had formed green cover over the land. However, the cover was not uniformly green. The environment was peaceful and a cool breeze was blowing. This made children quite fresh and happy.

While coming down, they got excited on hearing a sudden sound of birds and some noise from the top branches of the trees. Tibu told them to relax since it was a normal phenomenon here. Because of the children's presence, some monkeys had climbed higher up on the trees where they disturbed the birds. Animals often give this type of warning call to alert other animals. Tibu also told that many other animals like boar, bison, jackals, porcupine, elephants live in the deeper areas of the forest. Prof Ahmad cautioned children that they should not go deep into the forest.

Boojho and Paheli remembered that they have studied about forests as an example of a habitat in Class VI. They could see now how the forest provides a home for many animals and plants.

The land where the children were walking was uneven and covered with many trees. Tibu helped them to identify sal, teak, semal, sheesham, neem, palash, fig, khair, amla, bamboo, kachnar. Prof Ahmad pointed out that there are several other trees, shrubs, herbs and grasses in the forest. The forest floor and the trees were also covered with different types of creepers and climbers. The sun was barely visible through the leaves of the trees, making it quite dark inside the forest.

You might have many wooden items on your list like plywood, fuel wood, boxes, paper, matchsticks, and furniture. Do you know that gum, oils, spices, fodder for animals and medicinal plants are also some of the products which we get from the forest.

Sheila wondered who would have planted these trees. Prof Ahmad replied that in nature trees produce enough seeds. The forest floor provides favourable conditions for them to germinate and develop into seedlings and saplings. Some grow up into trees. He added that branchy part of a tree above the stem is known as the crown of the tree.

Prof Ahmad asked children to look up and observe how the branches of the tall trees look like a roof over the other plants in the forest. He told them that this is called a canopy. He pointed out that trees had crowns of different types and sizes. These had created different horizontal layers in the forest. These are known as understoreys. Giant and tall trees constituted the top layer followed by shrubs and tall grasses, and herbs formed the lowest layer.

""Would we see similar kind of trees in every forest?"" — asked Boojho. Prof Ahmad said, “No, due to different climatic conditions there are variations in the types of trees and other plants. The types of animals also differ from forest to forest.""

A few children were busy watching beautiful butterflies fluttering here and there on the flowers of shrubs and herbs. They came across numerous insects, spiders, squirrels, ants and various other small animals on the bark of the trees, plant leaves and on decaying leaves on the forest floor. They started making sketches of these creatures. The forest floor seemed dark coloured and was covered with a layer of dead and decaying leaves, fruits, seeds, twigs and small herbs. The decaying matter was moist and warm. Children picked up various seeds and leaves for their collection. Walking over the dead leaf layer on the forest floor was like walking over a spongy carpet. Is the decaying matter always warm?

Paheli asked, “There are so many trees here. Also, there are many forest like this. What difference will it make if we cut some trees for a factory?"" Prof Ahmad said, “You have read about autotrophs, heterotrophs and saprotrophs. You have learnt how green plants produce food. All animals, whether herbivores or carnivores, depend ultimately on plants for food. Organisms which feed on plants often get eaten by other organisms, and so on. For example, grass is eaten by insects, which in turn, is taken by the frog. The frog is consumed by snakes. This is said to form a food chain: Grass → insects → frog → snake → eagle. Many food chains can be found in the forest. All food chains are linked. If any one food chain is disturbed, it affects other food chains. Every part of the forest is dependent on the other parts. If we remove one component, say trees, all other components would be affected.""

Prof Ahmad asked children to pick up leaves from the forest floor and observe them under a hand lens. They found tiny mushrooms over the decaying leaves. They also saw an army of tiny insects, millipedes, ants and beetle on them. They were wondering how these organisms live there. Prof Ahmad explained that apart from these animals which are easily seen, there are several organisms and micro-organisms that live in the soil. Paheli wondered what mushroom and other micro-organisms eat. Prof Ahmad replied that they feed upon the dead plant and animal tissues and convert them into a dark coloured substance called humus.

The micro-organisms which convert the dead plants and animals to humus are known as decomposers. These micro-organisms play an important role in the forest. Soon, Paheli removed some dead leaves and discovered under them a layer of humus on forest floor. The presence of humus ensures that the nutrients of the dead plants and animals are released into the soil. From there, these nutrients are again absorbed by the roots of the living plants.

Plants release oxygen through the process of photosynthesis. The plants help to provide oxygen for animal respiration. They also maintain the balance of oxygen and carbon dioxide in the atmosphere. That is why forests are called lungs.

Trees take in water from their roots and release water vapour into the air through evaporation.

Tibu told them that the forest is not just home to plants and animals. Many people also live in the forest. Some of them may belong to different tribes. Tibu explained that these people depend mostly on the forests. The forest provides them with food, shelter, water and medicines. They have traditional knowledge about many medicinal plants in the forest.

The dense bushes and the tall grass provide animals with the food and shelter. The animals also disperse the seeds of certain plants and help the forest to grow and regenerate. The decaying animal dung also provides nutrients to the seedlings to grow.

The closed canopy and many layers of vegetation slow down the speed of raindrops. The root system helps water to seep down in the ground. Covered ground with decaying material acts like a sponge. Rainwater drips from the trees and seeps into the ground. Forests act as a natural absorber of rainwater and allow it to seep. It helps maintain the water table throughout the year. Forests not only help in controlling floods but also help maintain the flow of water in the streams so that we get a steady supply of water. On the other hand, if trees are not present, rain hits the ground directly and may flood the area around it. Heavy rain may also damages the soil. Roots of trees normally bind the soil together, but in their absence the soil is washed away or eroded.

The children learnt about the history of the village. It surprised them that the villages and the agricultural fields of that area were created after clearing the forest about sixty years ago. Tibu’s grandfather told them that when he was young, the village was not as large as it was now. It was also surrounded by forests. Construction of roads, buildings, industrial development and increasing demand of wood created pressure on the forests and it started vanishing. He was not happy that the forest adjoining their village is not regenerating and is on the verge of disappearing due to overgrazing of animals and indiscriminate felling of trees. Prof Ahmad said that if we did things wisely we could preserve forests and environment as well as have development.

At the end of the visit, Prof Ahmad asked children to sum up the importance of forests. The children wrote: Forests provide us with oxygen. They protect soil and provide habitat to a large number of animals. Forests help in bringing good rainfall in neighbouring areas. They are a source of medicinal plants, timber and many other useful products. We must preserve our forests.

If forests disappear, the amount of carbon dioxide in air will increase, resulting in the increase of earth's temperature. In the absence of trees and plants, the animals will not get food and shelter. In the absence of trees, the soil will not hold water, which will cause floods. Deforestation will endanger our life and environment.",List five products we get from forests.,"Medicines

Spices

Wood

Paper

Gum"
"One evening Boojho entered the park with an elderly person. He introduced him to his friends. Prof Ahmad was a scientist working in the university. The children started playing while Prof Ahmad sat on a bench in the corner. He was tired as he had participated in the golden jubilee celebrations of the town. After a while, the children also came and sat around him. They wanted to know about the celebrations. Prof Ahmad told them that after the cultural programme, the senior people discussed the town’s unemployment problem. A plan was proposed to put up a factory by clearing an area of the forest just outside the town. This would give the increasing population of the town a chance to get jobs. The children were very surprised when Prof Ahmad told them that many people had objected to this idea.

“This is because the forests serve as green lungs and water purifying systems in nature”, Prof Ahmad explained. The children were confused. Prof Ahmad realised that the children had not visited a forest. The children also wanted to know more about the forest, so they decided to visit it with Prof Ahmad.

One Sunday morning, the children packed a few things like a knife, a hand lens, a stick, a notebook and walked together through a forest trail near a village. On their way, they met Tibu, a young boy of their age group, of a nearby village, who was taking cattle for grazing along with his aunt. He was very agile, running here and there to keep the herd together. When he saw the children, Tibu also started walking along with them, while his aunt went on a different path. As soon as they entered the forest Tibu raised his hand and signalled them to keep quiet because noise could disturb the animals living in the forest. Tibu then took them to a place at a height to show them the broad view of the forest. Children were surprised because they could not see any land. The different treetops had formed green cover over the land. However, the cover was not uniformly green. The environment was peaceful and a cool breeze was blowing. This made children quite fresh and happy.

While coming down, they got excited on hearing a sudden sound of birds and some noise from the top branches of the trees. Tibu told them to relax since it was a normal phenomenon here. Because of the children's presence, some monkeys had climbed higher up on the trees where they disturbed the birds. Animals often give this type of warning call to alert other animals. Tibu also told that many other animals like boar, bison, jackals, porcupine, elephants live in the deeper areas of the forest. Prof Ahmad cautioned children that they should not go deep into the forest.

Boojho and Paheli remembered that they have studied about forests as an example of a habitat in Class VI. They could see now how the forest provides a home for many animals and plants.

The land where the children were walking was uneven and covered with many trees. Tibu helped them to identify sal, teak, semal, sheesham, neem, palash, fig, khair, amla, bamboo, kachnar. Prof Ahmad pointed out that there are several other trees, shrubs, herbs and grasses in the forest. The forest floor and the trees were also covered with different types of creepers and climbers. The sun was barely visible through the leaves of the trees, making it quite dark inside the forest.

You might have many wooden items on your list like plywood, fuel wood, boxes, paper, matchsticks, and furniture. Do you know that gum, oils, spices, fodder for animals and medicinal plants are also some of the products which we get from the forest.

Sheila wondered who would have planted these trees. Prof Ahmad replied that in nature trees produce enough seeds. The forest floor provides favourable conditions for them to germinate and develop into seedlings and saplings. Some grow up into trees. He added that branchy part of a tree above the stem is known as the crown of the tree.

Prof Ahmad asked children to look up and observe how the branches of the tall trees look like a roof over the other plants in the forest. He told them that this is called a canopy. He pointed out that trees had crowns of different types and sizes. These had created different horizontal layers in the forest. These are known as understoreys. Giant and tall trees constituted the top layer followed by shrubs and tall grasses, and herbs formed the lowest layer.

""Would we see similar kind of trees in every forest?"" — asked Boojho. Prof Ahmad said, “No, due to different climatic conditions there are variations in the types of trees and other plants. The types of animals also differ from forest to forest.""

A few children were busy watching beautiful butterflies fluttering here and there on the flowers of shrubs and herbs. They came across numerous insects, spiders, squirrels, ants and various other small animals on the bark of the trees, plant leaves and on decaying leaves on the forest floor. They started making sketches of these creatures. The forest floor seemed dark coloured and was covered with a layer of dead and decaying leaves, fruits, seeds, twigs and small herbs. The decaying matter was moist and warm. Children picked up various seeds and leaves for their collection. Walking over the dead leaf layer on the forest floor was like walking over a spongy carpet. Is the decaying matter always warm?

Paheli asked, “There are so many trees here. Also, there are many forest like this. What difference will it make if we cut some trees for a factory?"" Prof Ahmad said, “You have read about autotrophs, heterotrophs and saprotrophs. You have learnt how green plants produce food. All animals, whether herbivores or carnivores, depend ultimately on plants for food. Organisms which feed on plants often get eaten by other organisms, and so on. For example, grass is eaten by insects, which in turn, is taken by the frog. The frog is consumed by snakes. This is said to form a food chain: Grass → insects → frog → snake → eagle. Many food chains can be found in the forest. All food chains are linked. If any one food chain is disturbed, it affects other food chains. Every part of the forest is dependent on the other parts. If we remove one component, say trees, all other components would be affected.""

Prof Ahmad asked children to pick up leaves from the forest floor and observe them under a hand lens. They found tiny mushrooms over the decaying leaves. They also saw an army of tiny insects, millipedes, ants and beetle on them. They were wondering how these organisms live there. Prof Ahmad explained that apart from these animals which are easily seen, there are several organisms and micro-organisms that live in the soil. Paheli wondered what mushroom and other micro-organisms eat. Prof Ahmad replied that they feed upon the dead plant and animal tissues and convert them into a dark coloured substance called humus.

The micro-organisms which convert the dead plants and animals to humus are known as decomposers. These micro-organisms play an important role in the forest. Soon, Paheli removed some dead leaves and discovered under them a layer of humus on forest floor. The presence of humus ensures that the nutrients of the dead plants and animals are released into the soil. From there, these nutrients are again absorbed by the roots of the living plants.

Plants release oxygen through the process of photosynthesis. The plants help to provide oxygen for animal respiration. They also maintain the balance of oxygen and carbon dioxide in the atmosphere. That is why forests are called lungs.

Trees take in water from their roots and release water vapour into the air through evaporation.

Tibu told them that the forest is not just home to plants and animals. Many people also live in the forest. Some of them may belong to different tribes. Tibu explained that these people depend mostly on the forests. The forest provides them with food, shelter, water and medicines. They have traditional knowledge about many medicinal plants in the forest.

The dense bushes and the tall grass provide animals with the food and shelter. The animals also disperse the seeds of certain plants and help the forest to grow and regenerate. The decaying animal dung also provides nutrients to the seedlings to grow.

The closed canopy and many layers of vegetation slow down the speed of raindrops. The root system helps water to seep down in the ground. Covered ground with decaying material acts like a sponge. Rainwater drips from the trees and seeps into the ground. Forests act as a natural absorber of rainwater and allow it to seep. It helps maintain the water table throughout the year. Forests not only help in controlling floods but also help maintain the flow of water in the streams so that we get a steady supply of water. On the other hand, if trees are not present, rain hits the ground directly and may flood the area around it. Heavy rain may also damages the soil. Roots of trees normally bind the soil together, but in their absence the soil is washed away or eroded.

The children learnt about the history of the village. It surprised them that the villages and the agricultural fields of that area were created after clearing the forest about sixty years ago. Tibu’s grandfather told them that when he was young, the village was not as large as it was now. It was also surrounded by forests. Construction of roads, buildings, industrial development and increasing demand of wood created pressure on the forests and it started vanishing. He was not happy that the forest adjoining their village is not regenerating and is on the verge of disappearing due to overgrazing of animals and indiscriminate felling of trees. Prof Ahmad said that if we did things wisely we could preserve forests and environment as well as have development.

At the end of the visit, Prof Ahmad asked children to sum up the importance of forests. The children wrote: Forests provide us with oxygen. They protect soil and provide habitat to a large number of animals. Forests help in bringing good rainfall in neighbouring areas. They are a source of medicinal plants, timber and many other useful products. We must preserve our forests.

If forests disappear, the amount of carbon dioxide in air will increase, resulting in the increase of earth's temperature. In the absence of trees and plants, the animals will not get food and shelter. In the absence of trees, the soil will not hold water, which will cause floods. Deforestation will endanger our life and environment.",Why should we worry about the conditions and issues related to forests far from us?,"Decreasing forests increase global carbon dioxide, contributing to global warming.

Deforestation leads to soil erosion and more frequent flooding.

Loss of forests negatively affects biodiversity and ecosystem stability.

Reduction of forest land can result in barren, desert-like areas (desertification).

These changes impact not just local areas but the planet as a whole."
"One evening Boojho entered the park with an elderly person. He introduced him to his friends. Prof Ahmad was a scientist working in the university. The children started playing while Prof Ahmad sat on a bench in the corner. He was tired as he had participated in the golden jubilee celebrations of the town. After a while, the children also came and sat around him. They wanted to know about the celebrations. Prof Ahmad told them that after the cultural programme, the senior people discussed the town’s unemployment problem. A plan was proposed to put up a factory by clearing an area of the forest just outside the town. This would give the increasing population of the town a chance to get jobs. The children were very surprised when Prof Ahmad told them that many people had objected to this idea.

“This is because the forests serve as green lungs and water purifying systems in nature”, Prof Ahmad explained. The children were confused. Prof Ahmad realised that the children had not visited a forest. The children also wanted to know more about the forest, so they decided to visit it with Prof Ahmad.

One Sunday morning, the children packed a few things like a knife, a hand lens, a stick, a notebook and walked together through a forest trail near a village. On their way, they met Tibu, a young boy of their age group, of a nearby village, who was taking cattle for grazing along with his aunt. He was very agile, running here and there to keep the herd together. When he saw the children, Tibu also started walking along with them, while his aunt went on a different path. As soon as they entered the forest Tibu raised his hand and signalled them to keep quiet because noise could disturb the animals living in the forest. Tibu then took them to a place at a height to show them the broad view of the forest. Children were surprised because they could not see any land. The different treetops had formed green cover over the land. However, the cover was not uniformly green. The environment was peaceful and a cool breeze was blowing. This made children quite fresh and happy.

While coming down, they got excited on hearing a sudden sound of birds and some noise from the top branches of the trees. Tibu told them to relax since it was a normal phenomenon here. Because of the children's presence, some monkeys had climbed higher up on the trees where they disturbed the birds. Animals often give this type of warning call to alert other animals. Tibu also told that many other animals like boar, bison, jackals, porcupine, elephants live in the deeper areas of the forest. Prof Ahmad cautioned children that they should not go deep into the forest.

Boojho and Paheli remembered that they have studied about forests as an example of a habitat in Class VI. They could see now how the forest provides a home for many animals and plants.

The land where the children were walking was uneven and covered with many trees. Tibu helped them to identify sal, teak, semal, sheesham, neem, palash, fig, khair, amla, bamboo, kachnar. Prof Ahmad pointed out that there are several other trees, shrubs, herbs and grasses in the forest. The forest floor and the trees were also covered with different types of creepers and climbers. The sun was barely visible through the leaves of the trees, making it quite dark inside the forest.

You might have many wooden items on your list like plywood, fuel wood, boxes, paper, matchsticks, and furniture. Do you know that gum, oils, spices, fodder for animals and medicinal plants are also some of the products which we get from the forest.

Sheila wondered who would have planted these trees. Prof Ahmad replied that in nature trees produce enough seeds. The forest floor provides favourable conditions for them to germinate and develop into seedlings and saplings. Some grow up into trees. He added that branchy part of a tree above the stem is known as the crown of the tree.

Prof Ahmad asked children to look up and observe how the branches of the tall trees look like a roof over the other plants in the forest. He told them that this is called a canopy. He pointed out that trees had crowns of different types and sizes. These had created different horizontal layers in the forest. These are known as understoreys. Giant and tall trees constituted the top layer followed by shrubs and tall grasses, and herbs formed the lowest layer.

""Would we see similar kind of trees in every forest?"" — asked Boojho. Prof Ahmad said, “No, due to different climatic conditions there are variations in the types of trees and other plants. The types of animals also differ from forest to forest.""

A few children were busy watching beautiful butterflies fluttering here and there on the flowers of shrubs and herbs. They came across numerous insects, spiders, squirrels, ants and various other small animals on the bark of the trees, plant leaves and on decaying leaves on the forest floor. They started making sketches of these creatures. The forest floor seemed dark coloured and was covered with a layer of dead and decaying leaves, fruits, seeds, twigs and small herbs. The decaying matter was moist and warm. Children picked up various seeds and leaves for their collection. Walking over the dead leaf layer on the forest floor was like walking over a spongy carpet. Is the decaying matter always warm?

Paheli asked, “There are so many trees here. Also, there are many forest like this. What difference will it make if we cut some trees for a factory?"" Prof Ahmad said, “You have read about autotrophs, heterotrophs and saprotrophs. You have learnt how green plants produce food. All animals, whether herbivores or carnivores, depend ultimately on plants for food. Organisms which feed on plants often get eaten by other organisms, and so on. For example, grass is eaten by insects, which in turn, is taken by the frog. The frog is consumed by snakes. This is said to form a food chain: Grass → insects → frog → snake → eagle. Many food chains can be found in the forest. All food chains are linked. If any one food chain is disturbed, it affects other food chains. Every part of the forest is dependent on the other parts. If we remove one component, say trees, all other components would be affected.""

Prof Ahmad asked children to pick up leaves from the forest floor and observe them under a hand lens. They found tiny mushrooms over the decaying leaves. They also saw an army of tiny insects, millipedes, ants and beetle on them. They were wondering how these organisms live there. Prof Ahmad explained that apart from these animals which are easily seen, there are several organisms and micro-organisms that live in the soil. Paheli wondered what mushroom and other micro-organisms eat. Prof Ahmad replied that they feed upon the dead plant and animal tissues and convert them into a dark coloured substance called humus.

The micro-organisms which convert the dead plants and animals to humus are known as decomposers. These micro-organisms play an important role in the forest. Soon, Paheli removed some dead leaves and discovered under them a layer of humus on forest floor. The presence of humus ensures that the nutrients of the dead plants and animals are released into the soil. From there, these nutrients are again absorbed by the roots of the living plants.

Plants release oxygen through the process of photosynthesis. The plants help to provide oxygen for animal respiration. They also maintain the balance of oxygen and carbon dioxide in the atmosphere. That is why forests are called lungs.

Trees take in water from their roots and release water vapour into the air through evaporation.

Tibu told them that the forest is not just home to plants and animals. Many people also live in the forest. Some of them may belong to different tribes. Tibu explained that these people depend mostly on the forests. The forest provides them with food, shelter, water and medicines. They have traditional knowledge about many medicinal plants in the forest.

The dense bushes and the tall grass provide animals with the food and shelter. The animals also disperse the seeds of certain plants and help the forest to grow and regenerate. The decaying animal dung also provides nutrients to the seedlings to grow.

The closed canopy and many layers of vegetation slow down the speed of raindrops. The root system helps water to seep down in the ground. Covered ground with decaying material acts like a sponge. Rainwater drips from the trees and seeps into the ground. Forests act as a natural absorber of rainwater and allow it to seep. It helps maintain the water table throughout the year. Forests not only help in controlling floods but also help maintain the flow of water in the streams so that we get a steady supply of water. On the other hand, if trees are not present, rain hits the ground directly and may flood the area around it. Heavy rain may also damages the soil. Roots of trees normally bind the soil together, but in their absence the soil is washed away or eroded.

The children learnt about the history of the village. It surprised them that the villages and the agricultural fields of that area were created after clearing the forest about sixty years ago. Tibu’s grandfather told them that when he was young, the village was not as large as it was now. It was also surrounded by forests. Construction of roads, buildings, industrial development and increasing demand of wood created pressure on the forests and it started vanishing. He was not happy that the forest adjoining their village is not regenerating and is on the verge of disappearing due to overgrazing of animals and indiscriminate felling of trees. Prof Ahmad said that if we did things wisely we could preserve forests and environment as well as have development.

At the end of the visit, Prof Ahmad asked children to sum up the importance of forests. The children wrote: Forests provide us with oxygen. They protect soil and provide habitat to a large number of animals. Forests help in bringing good rainfall in neighbouring areas. They are a source of medicinal plants, timber and many other useful products. We must preserve our forests.

If forests disappear, the amount of carbon dioxide in air will increase, resulting in the increase of earth's temperature. In the absence of trees and plants, the animals will not get food and shelter. In the absence of trees, the soil will not hold water, which will cause floods. Deforestation will endanger our life and environment.", Explain why there is a need of variety of animals and plants in a forest.,"A wide variety of plants ensures a stable food supply for herbivores, which in turn are food for carnivores.

Different species support various ecological roles, maintaining balance within the ecosystem.

Decomposers convert dead matter into nutrients, ensuring ongoing fertility of the soil.

Biodiversity makes forests dynamic and resilient living entities, able to recover from disturbance and maintain ecological functions."
"All of us use water in our homes and make it dirty. Rich in lather, mixed with oil, black-brown water that goes down the drains from sinks, showers, toilets, laundries is dirty. It is called wastewater. This used water should not be wasted. We must clean it up by removing pollutants. Have you ever thought where the wastewater goes and what happens to it?

13.1 Water, Our Lifeline
Clean water is a basic need of human beings. Clean water that is fit for use is unfortunately not available to all. It has been reported that more than one billion people have no access to safe drinking water. This accounts for a large number of water-related diseases and even deaths. People, even children, walk for several kilometres to collect clean water. Is it not a serious matter for human dignity?

The increasing scarcity of fresh water is due to population growth, pollution, industrial development, mismanagement, and other factors. The United Nations declared 2005-2015 as the International Decade for action on “Water for Life”, aiming to reduce by half the number of people who do not have access to safe drinking water.

Cleaning of water is a process of removing pollutants before it enters a water body or is reused. This process of wastewater treatment is commonly known as “Sewage Treatment”. It takes place in several stages.

13.2 What is Sewage?
Sewage is wastewater released by homes, industries, hospitals, offices, and other users. It also includes rainwater that has run down the street during a storm or heavy rain. The water that washes off roads and rooftops carries harmful substances with it. Sewage is a liquid waste. Most of it is water, which has dissolved and suspended impurities. Sewage is a complex mixture containing suspended solids, organic and inorganic impurities, nutrients, saprophytes, and disease causing bacteria and other microbes.

13.3 Water Freshens Up — An Eventful Journey
In a home or a public building, generally one set of pipes brings clean water and another set of pipes takes away wastewater. Underground, we would see a network of big and small pipes, called sewers, forming the sewerage. Manholes are located at intervals, at the junction of two or more sewers and at points where there is a change in direction.

If there is no sewerage system in your locality, sewage has to be disposed of in other ways.

13.4 Wastewater Treatment Plant (WWTP)
Treatment of wastewater involves physical, chemical, and biological processes, which remove physical, chemical and biological matter that contaminates the wastewater.

Wastewater is passed through bar screens. Large objects like rags, sticks, cans, plastic packets, napkins are removed.

Water then goes to a grit and sand removal tank. The speed of the incoming wastewater is decreased to allow sand, grit and pebbles to settle down.

The water is then allowed to settle in a large tank. Solids like faeces settle at the bottom and are removed as sludge. A skimmer removes floatable solids like oil and grease. Water so cleared is called clarified water.

The sludge is transferred to a separate tank where it is decomposed by anaerobic bacteria. The biogas produced in the process can be used as fuel or to produce electricity.

Air is pumped into the clarified water to help aerobic bacteria to grow. Bacteria consume human waste, food waste, soaps and other unwanted matter still remaining. After several hours, the suspended microbes settle at the bottom as activated sludge. The water is then removed from the top.

The activated sludge is about 97% water. The water is removed by sand drying beds or machines. Dried sludge is used as manure, returning organic matter and nutrients to the soil.

The treated water has a very low level of organic material and suspended matter. It is discharged into a sea, a river or into the ground. Nature cleans it up further. Sometimes it may be necessary to disinfect water with chemicals like chlorine and ozone before releasing it into the distribution system.

13.5 Better Housekeeping Practices
One way to minimise waste and pollutants at their source is to see what you are releasing down the drain. Cooking oil and fats should not be thrown down the drain. Used tea leaves, solid food remains, sanitary towels etc. should be thrown in the dustbin, not in the drain. Chemicals like paints, insecticides, medicines may kill microbes that help purify water.

13.6 Sanitation and Disease
Poor sanitation and contaminated drinking water is the cause of a large number of diseases. A vast number of our people still live without sewerage facilities. Untreated human excreta is a health hazard. It may cause water pollution and soil pollution. Both the surface water and groundwater get polluted, and it becomes the most common route for waterborne diseases such as cholera, typhoid, polio, meningitis, hepatitis and dysentery.

13.7 Alternative Arrangement for Sewage Disposal
To improve sanitation, low-cost on-site sewage disposal systems are being encouraged. Examples are septic tanks, chemical toilets, composting pits. Some organisations offer hygienic on-site human waste disposal technology using biogas plants.

Vermi-processing toilets use earthworms to treat human excreta. The operation is simple and hygienic; excreta is turned into a resource needed for soil.

13.8 Sanitation at Public Places
Large public places generate large amounts of waste. It must be disposed of properly, otherwise epidemics could break out. The government has laid down certain standards of sanitation, but they are not strictly enforced. Everyone can help maintain sanitation at public places. Do not scatter litter; if no dustbin is available, carry the litter home.

Conclusion
Everyone has a role to play in keeping our environment clean and healthy. Good sanitation practices should be a way of life. Collective action can make a great difference in maintaining clean water sources and a clean environment.", What is sewage? Explain why it is harmful to discharge untreated sewage into rivers or seas.,"Sewage is the wastewater released by houses. Discharging untreated sewage into rivers or seas is harmful because sewage contains pollutants and harmful microorganisms. These can contaminate water sources, leading to the spread of diseases among people who use this contaminated water."
"All of us use water in our homes and make it dirty. Rich in lather, mixed with oil, black-brown water that goes down the drains from sinks, showers, toilets, laundries is dirty. It is called wastewater. This used water should not be wasted. We must clean it up by removing pollutants. Have you ever thought where the wastewater goes and what happens to it?

13.1 Water, Our Lifeline
Clean water is a basic need of human beings. Clean water that is fit for use is unfortunately not available to all. It has been reported that more than one billion people have no access to safe drinking water. This accounts for a large number of water-related diseases and even deaths. People, even children, walk for several kilometres to collect clean water. Is it not a serious matter for human dignity?

The increasing scarcity of fresh water is due to population growth, pollution, industrial development, mismanagement, and other factors. The United Nations declared 2005-2015 as the International Decade for action on “Water for Life”, aiming to reduce by half the number of people who do not have access to safe drinking water.

Cleaning of water is a process of removing pollutants before it enters a water body or is reused. This process of wastewater treatment is commonly known as “Sewage Treatment”. It takes place in several stages.

13.2 What is Sewage?
Sewage is wastewater released by homes, industries, hospitals, offices, and other users. It also includes rainwater that has run down the street during a storm or heavy rain. The water that washes off roads and rooftops carries harmful substances with it. Sewage is a liquid waste. Most of it is water, which has dissolved and suspended impurities. Sewage is a complex mixture containing suspended solids, organic and inorganic impurities, nutrients, saprophytes, and disease causing bacteria and other microbes.

13.3 Water Freshens Up — An Eventful Journey
In a home or a public building, generally one set of pipes brings clean water and another set of pipes takes away wastewater. Underground, we would see a network of big and small pipes, called sewers, forming the sewerage. Manholes are located at intervals, at the junction of two or more sewers and at points where there is a change in direction.

If there is no sewerage system in your locality, sewage has to be disposed of in other ways.

13.4 Wastewater Treatment Plant (WWTP)
Treatment of wastewater involves physical, chemical, and biological processes, which remove physical, chemical and biological matter that contaminates the wastewater.

Wastewater is passed through bar screens. Large objects like rags, sticks, cans, plastic packets, napkins are removed.

Water then goes to a grit and sand removal tank. The speed of the incoming wastewater is decreased to allow sand, grit and pebbles to settle down.

The water is then allowed to settle in a large tank. Solids like faeces settle at the bottom and are removed as sludge. A skimmer removes floatable solids like oil and grease. Water so cleared is called clarified water.

The sludge is transferred to a separate tank where it is decomposed by anaerobic bacteria. The biogas produced in the process can be used as fuel or to produce electricity.

Air is pumped into the clarified water to help aerobic bacteria to grow. Bacteria consume human waste, food waste, soaps and other unwanted matter still remaining. After several hours, the suspended microbes settle at the bottom as activated sludge. The water is then removed from the top.

The activated sludge is about 97% water. The water is removed by sand drying beds or machines. Dried sludge is used as manure, returning organic matter and nutrients to the soil.

The treated water has a very low level of organic material and suspended matter. It is discharged into a sea, a river or into the ground. Nature cleans it up further. Sometimes it may be necessary to disinfect water with chemicals like chlorine and ozone before releasing it into the distribution system.

13.5 Better Housekeeping Practices
One way to minimise waste and pollutants at their source is to see what you are releasing down the drain. Cooking oil and fats should not be thrown down the drain. Used tea leaves, solid food remains, sanitary towels etc. should be thrown in the dustbin, not in the drain. Chemicals like paints, insecticides, medicines may kill microbes that help purify water.

13.6 Sanitation and Disease
Poor sanitation and contaminated drinking water is the cause of a large number of diseases. A vast number of our people still live without sewerage facilities. Untreated human excreta is a health hazard. It may cause water pollution and soil pollution. Both the surface water and groundwater get polluted, and it becomes the most common route for waterborne diseases such as cholera, typhoid, polio, meningitis, hepatitis and dysentery.

13.7 Alternative Arrangement for Sewage Disposal
To improve sanitation, low-cost on-site sewage disposal systems are being encouraged. Examples are septic tanks, chemical toilets, composting pits. Some organisations offer hygienic on-site human waste disposal technology using biogas plants.

Vermi-processing toilets use earthworms to treat human excreta. The operation is simple and hygienic; excreta is turned into a resource needed for soil.

13.8 Sanitation at Public Places
Large public places generate large amounts of waste. It must be disposed of properly, otherwise epidemics could break out. The government has laid down certain standards of sanitation, but they are not strictly enforced. Everyone can help maintain sanitation at public places. Do not scatter litter; if no dustbin is available, carry the litter home.

Conclusion
Everyone has a role to play in keeping our environment clean and healthy. Good sanitation practices should be a way of life. Collective action can make a great difference in maintaining clean water sources and a clean environment.", Why should oils and fats be not released in the drain? Explain.,"Oils and fats should not be released into the drain because they can cause blockages. Drains get clogged by cooking oil and fats, leading to problems in the sewage system and potentially causing overflows and environmental damage."
"All of us use water in our homes and make it dirty. Rich in lather, mixed with oil, black-brown water that goes down the drains from sinks, showers, toilets, laundries is dirty. It is called wastewater. This used water should not be wasted. We must clean it up by removing pollutants. Have you ever thought where the wastewater goes and what happens to it?

13.1 Water, Our Lifeline
Clean water is a basic need of human beings. Clean water that is fit for use is unfortunately not available to all. It has been reported that more than one billion people have no access to safe drinking water. This accounts for a large number of water-related diseases and even deaths. People, even children, walk for several kilometres to collect clean water. Is it not a serious matter for human dignity?

The increasing scarcity of fresh water is due to population growth, pollution, industrial development, mismanagement, and other factors. The United Nations declared 2005-2015 as the International Decade for action on “Water for Life”, aiming to reduce by half the number of people who do not have access to safe drinking water.

Cleaning of water is a process of removing pollutants before it enters a water body or is reused. This process of wastewater treatment is commonly known as “Sewage Treatment”. It takes place in several stages.

13.2 What is Sewage?
Sewage is wastewater released by homes, industries, hospitals, offices, and other users. It also includes rainwater that has run down the street during a storm or heavy rain. The water that washes off roads and rooftops carries harmful substances with it. Sewage is a liquid waste. Most of it is water, which has dissolved and suspended impurities. Sewage is a complex mixture containing suspended solids, organic and inorganic impurities, nutrients, saprophytes, and disease causing bacteria and other microbes.

13.3 Water Freshens Up — An Eventful Journey
In a home or a public building, generally one set of pipes brings clean water and another set of pipes takes away wastewater. Underground, we would see a network of big and small pipes, called sewers, forming the sewerage. Manholes are located at intervals, at the junction of two or more sewers and at points where there is a change in direction.

If there is no sewerage system in your locality, sewage has to be disposed of in other ways.

13.4 Wastewater Treatment Plant (WWTP)
Treatment of wastewater involves physical, chemical, and biological processes, which remove physical, chemical and biological matter that contaminates the wastewater.

Wastewater is passed through bar screens. Large objects like rags, sticks, cans, plastic packets, napkins are removed.

Water then goes to a grit and sand removal tank. The speed of the incoming wastewater is decreased to allow sand, grit and pebbles to settle down.

The water is then allowed to settle in a large tank. Solids like faeces settle at the bottom and are removed as sludge. A skimmer removes floatable solids like oil and grease. Water so cleared is called clarified water.

The sludge is transferred to a separate tank where it is decomposed by anaerobic bacteria. The biogas produced in the process can be used as fuel or to produce electricity.

Air is pumped into the clarified water to help aerobic bacteria to grow. Bacteria consume human waste, food waste, soaps and other unwanted matter still remaining. After several hours, the suspended microbes settle at the bottom as activated sludge. The water is then removed from the top.

The activated sludge is about 97% water. The water is removed by sand drying beds or machines. Dried sludge is used as manure, returning organic matter and nutrients to the soil.

The treated water has a very low level of organic material and suspended matter. It is discharged into a sea, a river or into the ground. Nature cleans it up further. Sometimes it may be necessary to disinfect water with chemicals like chlorine and ozone before releasing it into the distribution system.

13.5 Better Housekeeping Practices
One way to minimise waste and pollutants at their source is to see what you are releasing down the drain. Cooking oil and fats should not be thrown down the drain. Used tea leaves, solid food remains, sanitary towels etc. should be thrown in the dustbin, not in the drain. Chemicals like paints, insecticides, medicines may kill microbes that help purify water.

13.6 Sanitation and Disease
Poor sanitation and contaminated drinking water is the cause of a large number of diseases. A vast number of our people still live without sewerage facilities. Untreated human excreta is a health hazard. It may cause water pollution and soil pollution. Both the surface water and groundwater get polluted, and it becomes the most common route for waterborne diseases such as cholera, typhoid, polio, meningitis, hepatitis and dysentery.

13.7 Alternative Arrangement for Sewage Disposal
To improve sanitation, low-cost on-site sewage disposal systems are being encouraged. Examples are septic tanks, chemical toilets, composting pits. Some organisations offer hygienic on-site human waste disposal technology using biogas plants.

Vermi-processing toilets use earthworms to treat human excreta. The operation is simple and hygienic; excreta is turned into a resource needed for soil.

13.8 Sanitation at Public Places
Large public places generate large amounts of waste. It must be disposed of properly, otherwise epidemics could break out. The government has laid down certain standards of sanitation, but they are not strictly enforced. Everyone can help maintain sanitation at public places. Do not scatter litter; if no dustbin is available, carry the litter home.

Conclusion
Everyone has a role to play in keeping our environment clean and healthy. Good sanitation practices should be a way of life. Collective action can make a great difference in maintaining clean water sources and a clean environment.",Describe the steps involved in getting clarified water from wastewater.,"Use an aerator to bubble air through the wastewater sample in a jar for several hours or overnight, which helps reduce foul smell.

Filter the aerated water through layers of sand, fine gravel, and medium gravel to remove various pollutants.

Continue filtering the water until it becomes clear.

Disinfect the filtered water with a chlorine tablet to make it safe."
"All of us use water in our homes and make it dirty. Rich in lather, mixed with oil, black-brown water that goes down the drains from sinks, showers, toilets, laundries is dirty. It is called wastewater. This used water should not be wasted. We must clean it up by removing pollutants. Have you ever thought where the wastewater goes and what happens to it?

13.1 Water, Our Lifeline
Clean water is a basic need of human beings. Clean water that is fit for use is unfortunately not available to all. It has been reported that more than one billion people have no access to safe drinking water. This accounts for a large number of water-related diseases and even deaths. People, even children, walk for several kilometres to collect clean water. Is it not a serious matter for human dignity?

The increasing scarcity of fresh water is due to population growth, pollution, industrial development, mismanagement, and other factors. The United Nations declared 2005-2015 as the International Decade for action on “Water for Life”, aiming to reduce by half the number of people who do not have access to safe drinking water.

Cleaning of water is a process of removing pollutants before it enters a water body or is reused. This process of wastewater treatment is commonly known as “Sewage Treatment”. It takes place in several stages.

13.2 What is Sewage?
Sewage is wastewater released by homes, industries, hospitals, offices, and other users. It also includes rainwater that has run down the street during a storm or heavy rain. The water that washes off roads and rooftops carries harmful substances with it. Sewage is a liquid waste. Most of it is water, which has dissolved and suspended impurities. Sewage is a complex mixture containing suspended solids, organic and inorganic impurities, nutrients, saprophytes, and disease causing bacteria and other microbes.

13.3 Water Freshens Up — An Eventful Journey
In a home or a public building, generally one set of pipes brings clean water and another set of pipes takes away wastewater. Underground, we would see a network of big and small pipes, called sewers, forming the sewerage. Manholes are located at intervals, at the junction of two or more sewers and at points where there is a change in direction.

If there is no sewerage system in your locality, sewage has to be disposed of in other ways.

13.4 Wastewater Treatment Plant (WWTP)
Treatment of wastewater involves physical, chemical, and biological processes, which remove physical, chemical and biological matter that contaminates the wastewater.

Wastewater is passed through bar screens. Large objects like rags, sticks, cans, plastic packets, napkins are removed.

Water then goes to a grit and sand removal tank. The speed of the incoming wastewater is decreased to allow sand, grit and pebbles to settle down.

The water is then allowed to settle in a large tank. Solids like faeces settle at the bottom and are removed as sludge. A skimmer removes floatable solids like oil and grease. Water so cleared is called clarified water.

The sludge is transferred to a separate tank where it is decomposed by anaerobic bacteria. The biogas produced in the process can be used as fuel or to produce electricity.

Air is pumped into the clarified water to help aerobic bacteria to grow. Bacteria consume human waste, food waste, soaps and other unwanted matter still remaining. After several hours, the suspended microbes settle at the bottom as activated sludge. The water is then removed from the top.

The activated sludge is about 97% water. The water is removed by sand drying beds or machines. Dried sludge is used as manure, returning organic matter and nutrients to the soil.

The treated water has a very low level of organic material and suspended matter. It is discharged into a sea, a river or into the ground. Nature cleans it up further. Sometimes it may be necessary to disinfect water with chemicals like chlorine and ozone before releasing it into the distribution system.

13.5 Better Housekeeping Practices
One way to minimise waste and pollutants at their source is to see what you are releasing down the drain. Cooking oil and fats should not be thrown down the drain. Used tea leaves, solid food remains, sanitary towels etc. should be thrown in the dustbin, not in the drain. Chemicals like paints, insecticides, medicines may kill microbes that help purify water.

13.6 Sanitation and Disease
Poor sanitation and contaminated drinking water is the cause of a large number of diseases. A vast number of our people still live without sewerage facilities. Untreated human excreta is a health hazard. It may cause water pollution and soil pollution. Both the surface water and groundwater get polluted, and it becomes the most common route for waterborne diseases such as cholera, typhoid, polio, meningitis, hepatitis and dysentery.

13.7 Alternative Arrangement for Sewage Disposal
To improve sanitation, low-cost on-site sewage disposal systems are being encouraged. Examples are septic tanks, chemical toilets, composting pits. Some organisations offer hygienic on-site human waste disposal technology using biogas plants.

Vermi-processing toilets use earthworms to treat human excreta. The operation is simple and hygienic; excreta is turned into a resource needed for soil.

13.8 Sanitation at Public Places
Large public places generate large amounts of waste. It must be disposed of properly, otherwise epidemics could break out. The government has laid down certain standards of sanitation, but they are not strictly enforced. Everyone can help maintain sanitation at public places. Do not scatter litter; if no dustbin is available, carry the litter home.

Conclusion
Everyone has a role to play in keeping our environment clean and healthy. Good sanitation practices should be a way of life. Collective action can make a great difference in maintaining clean water sources and a clean environment.",What is sludge? Explain how it is treated.,"Sludge refers to the solids like faeces that settle at the bottom during sewage treatment. Sludge is removed using a skimmer and then transferred to a tank where anaerobic bacteria decompose it, producing biogas as a byproduct."
"All of us use water in our homes and make it dirty. Rich in lather, mixed with oil, black-brown water that goes down the drains from sinks, showers, toilets, laundries is dirty. It is called wastewater. This used water should not be wasted. We must clean it up by removing pollutants. Have you ever thought where the wastewater goes and what happens to it?

13.1 Water, Our Lifeline
Clean water is a basic need of human beings. Clean water that is fit for use is unfortunately not available to all. It has been reported that more than one billion people have no access to safe drinking water. This accounts for a large number of water-related diseases and even deaths. People, even children, walk for several kilometres to collect clean water. Is it not a serious matter for human dignity?

The increasing scarcity of fresh water is due to population growth, pollution, industrial development, mismanagement, and other factors. The United Nations declared 2005-2015 as the International Decade for action on “Water for Life”, aiming to reduce by half the number of people who do not have access to safe drinking water.

Cleaning of water is a process of removing pollutants before it enters a water body or is reused. This process of wastewater treatment is commonly known as “Sewage Treatment”. It takes place in several stages.

13.2 What is Sewage?
Sewage is wastewater released by homes, industries, hospitals, offices, and other users. It also includes rainwater that has run down the street during a storm or heavy rain. The water that washes off roads and rooftops carries harmful substances with it. Sewage is a liquid waste. Most of it is water, which has dissolved and suspended impurities. Sewage is a complex mixture containing suspended solids, organic and inorganic impurities, nutrients, saprophytes, and disease causing bacteria and other microbes.

13.3 Water Freshens Up — An Eventful Journey
In a home or a public building, generally one set of pipes brings clean water and another set of pipes takes away wastewater. Underground, we would see a network of big and small pipes, called sewers, forming the sewerage. Manholes are located at intervals, at the junction of two or more sewers and at points where there is a change in direction.

If there is no sewerage system in your locality, sewage has to be disposed of in other ways.

13.4 Wastewater Treatment Plant (WWTP)
Treatment of wastewater involves physical, chemical, and biological processes, which remove physical, chemical and biological matter that contaminates the wastewater.

Wastewater is passed through bar screens. Large objects like rags, sticks, cans, plastic packets, napkins are removed.

Water then goes to a grit and sand removal tank. The speed of the incoming wastewater is decreased to allow sand, grit and pebbles to settle down.

The water is then allowed to settle in a large tank. Solids like faeces settle at the bottom and are removed as sludge. A skimmer removes floatable solids like oil and grease. Water so cleared is called clarified water.

The sludge is transferred to a separate tank where it is decomposed by anaerobic bacteria. The biogas produced in the process can be used as fuel or to produce electricity.

Air is pumped into the clarified water to help aerobic bacteria to grow. Bacteria consume human waste, food waste, soaps and other unwanted matter still remaining. After several hours, the suspended microbes settle at the bottom as activated sludge. The water is then removed from the top.

The activated sludge is about 97% water. The water is removed by sand drying beds or machines. Dried sludge is used as manure, returning organic matter and nutrients to the soil.

The treated water has a very low level of organic material and suspended matter. It is discharged into a sea, a river or into the ground. Nature cleans it up further. Sometimes it may be necessary to disinfect water with chemicals like chlorine and ozone before releasing it into the distribution system.

13.5 Better Housekeeping Practices
One way to minimise waste and pollutants at their source is to see what you are releasing down the drain. Cooking oil and fats should not be thrown down the drain. Used tea leaves, solid food remains, sanitary towels etc. should be thrown in the dustbin, not in the drain. Chemicals like paints, insecticides, medicines may kill microbes that help purify water.

13.6 Sanitation and Disease
Poor sanitation and contaminated drinking water is the cause of a large number of diseases. A vast number of our people still live without sewerage facilities. Untreated human excreta is a health hazard. It may cause water pollution and soil pollution. Both the surface water and groundwater get polluted, and it becomes the most common route for waterborne diseases such as cholera, typhoid, polio, meningitis, hepatitis and dysentery.

13.7 Alternative Arrangement for Sewage Disposal
To improve sanitation, low-cost on-site sewage disposal systems are being encouraged. Examples are septic tanks, chemical toilets, composting pits. Some organisations offer hygienic on-site human waste disposal technology using biogas plants.

Vermi-processing toilets use earthworms to treat human excreta. The operation is simple and hygienic; excreta is turned into a resource needed for soil.

13.8 Sanitation at Public Places
Large public places generate large amounts of waste. It must be disposed of properly, otherwise epidemics could break out. The government has laid down certain standards of sanitation, but they are not strictly enforced. Everyone can help maintain sanitation at public places. Do not scatter litter; if no dustbin is available, carry the litter home.

Conclusion
Everyone has a role to play in keeping our environment clean and healthy. Good sanitation practices should be a way of life. Collective action can make a great difference in maintaining clean water sources and a clean environment.", Untreated human excreta is a health hazard. Explain.,"Untreated human excreta contains a variety of disease-causing microorganisms and pollutants. If released into the soil or water sources used for drinking and household purposes, it can contaminate them, leading to diseases such as cholera, typhoid, dysentery, and hepatitis."
"All of us use water in our homes and make it dirty. Rich in lather, mixed with oil, black-brown water that goes down the drains from sinks, showers, toilets, laundries is dirty. It is called wastewater. This used water should not be wasted. We must clean it up by removing pollutants. Have you ever thought where the wastewater goes and what happens to it?

13.1 Water, Our Lifeline
Clean water is a basic need of human beings. Clean water that is fit for use is unfortunately not available to all. It has been reported that more than one billion people have no access to safe drinking water. This accounts for a large number of water-related diseases and even deaths. People, even children, walk for several kilometres to collect clean water. Is it not a serious matter for human dignity?

The increasing scarcity of fresh water is due to population growth, pollution, industrial development, mismanagement, and other factors. The United Nations declared 2005-2015 as the International Decade for action on “Water for Life”, aiming to reduce by half the number of people who do not have access to safe drinking water.

Cleaning of water is a process of removing pollutants before it enters a water body or is reused. This process of wastewater treatment is commonly known as “Sewage Treatment”. It takes place in several stages.

13.2 What is Sewage?
Sewage is wastewater released by homes, industries, hospitals, offices, and other users. It also includes rainwater that has run down the street during a storm or heavy rain. The water that washes off roads and rooftops carries harmful substances with it. Sewage is a liquid waste. Most of it is water, which has dissolved and suspended impurities. Sewage is a complex mixture containing suspended solids, organic and inorganic impurities, nutrients, saprophytes, and disease causing bacteria and other microbes.

13.3 Water Freshens Up — An Eventful Journey
In a home or a public building, generally one set of pipes brings clean water and another set of pipes takes away wastewater. Underground, we would see a network of big and small pipes, called sewers, forming the sewerage. Manholes are located at intervals, at the junction of two or more sewers and at points where there is a change in direction.

If there is no sewerage system in your locality, sewage has to be disposed of in other ways.

13.4 Wastewater Treatment Plant (WWTP)
Treatment of wastewater involves physical, chemical, and biological processes, which remove physical, chemical and biological matter that contaminates the wastewater.

Wastewater is passed through bar screens. Large objects like rags, sticks, cans, plastic packets, napkins are removed.

Water then goes to a grit and sand removal tank. The speed of the incoming wastewater is decreased to allow sand, grit and pebbles to settle down.

The water is then allowed to settle in a large tank. Solids like faeces settle at the bottom and are removed as sludge. A skimmer removes floatable solids like oil and grease. Water so cleared is called clarified water.

The sludge is transferred to a separate tank where it is decomposed by anaerobic bacteria. The biogas produced in the process can be used as fuel or to produce electricity.

Air is pumped into the clarified water to help aerobic bacteria to grow. Bacteria consume human waste, food waste, soaps and other unwanted matter still remaining. After several hours, the suspended microbes settle at the bottom as activated sludge. The water is then removed from the top.

The activated sludge is about 97% water. The water is removed by sand drying beds or machines. Dried sludge is used as manure, returning organic matter and nutrients to the soil.

The treated water has a very low level of organic material and suspended matter. It is discharged into a sea, a river or into the ground. Nature cleans it up further. Sometimes it may be necessary to disinfect water with chemicals like chlorine and ozone before releasing it into the distribution system.

13.5 Better Housekeeping Practices
One way to minimise waste and pollutants at their source is to see what you are releasing down the drain. Cooking oil and fats should not be thrown down the drain. Used tea leaves, solid food remains, sanitary towels etc. should be thrown in the dustbin, not in the drain. Chemicals like paints, insecticides, medicines may kill microbes that help purify water.

13.6 Sanitation and Disease
Poor sanitation and contaminated drinking water is the cause of a large number of diseases. A vast number of our people still live without sewerage facilities. Untreated human excreta is a health hazard. It may cause water pollution and soil pollution. Both the surface water and groundwater get polluted, and it becomes the most common route for waterborne diseases such as cholera, typhoid, polio, meningitis, hepatitis and dysentery.

13.7 Alternative Arrangement for Sewage Disposal
To improve sanitation, low-cost on-site sewage disposal systems are being encouraged. Examples are septic tanks, chemical toilets, composting pits. Some organisations offer hygienic on-site human waste disposal technology using biogas plants.

Vermi-processing toilets use earthworms to treat human excreta. The operation is simple and hygienic; excreta is turned into a resource needed for soil.

13.8 Sanitation at Public Places
Large public places generate large amounts of waste. It must be disposed of properly, otherwise epidemics could break out. The government has laid down certain standards of sanitation, but they are not strictly enforced. Everyone can help maintain sanitation at public places. Do not scatter litter; if no dustbin is available, carry the litter home.

Conclusion
Everyone has a role to play in keeping our environment clean and healthy. Good sanitation practices should be a way of life. Collective action can make a great difference in maintaining clean water sources and a clean environment.", Name two chemicals used to disinfect water.,"Chlorine

Ozone"
"All of us use water in our homes and make it dirty. Rich in lather, mixed with oil, black-brown water that goes down the drains from sinks, showers, toilets, laundries is dirty. It is called wastewater. This used water should not be wasted. We must clean it up by removing pollutants. Have you ever thought where the wastewater goes and what happens to it?

13.1 Water, Our Lifeline
Clean water is a basic need of human beings. Clean water that is fit for use is unfortunately not available to all. It has been reported that more than one billion people have no access to safe drinking water. This accounts for a large number of water-related diseases and even deaths. People, even children, walk for several kilometres to collect clean water. Is it not a serious matter for human dignity?

The increasing scarcity of fresh water is due to population growth, pollution, industrial development, mismanagement, and other factors. The United Nations declared 2005-2015 as the International Decade for action on “Water for Life”, aiming to reduce by half the number of people who do not have access to safe drinking water.

Cleaning of water is a process of removing pollutants before it enters a water body or is reused. This process of wastewater treatment is commonly known as “Sewage Treatment”. It takes place in several stages.

13.2 What is Sewage?
Sewage is wastewater released by homes, industries, hospitals, offices, and other users. It also includes rainwater that has run down the street during a storm or heavy rain. The water that washes off roads and rooftops carries harmful substances with it. Sewage is a liquid waste. Most of it is water, which has dissolved and suspended impurities. Sewage is a complex mixture containing suspended solids, organic and inorganic impurities, nutrients, saprophytes, and disease causing bacteria and other microbes.

13.3 Water Freshens Up — An Eventful Journey
In a home or a public building, generally one set of pipes brings clean water and another set of pipes takes away wastewater. Underground, we would see a network of big and small pipes, called sewers, forming the sewerage. Manholes are located at intervals, at the junction of two or more sewers and at points where there is a change in direction.

If there is no sewerage system in your locality, sewage has to be disposed of in other ways.

13.4 Wastewater Treatment Plant (WWTP)
Treatment of wastewater involves physical, chemical, and biological processes, which remove physical, chemical and biological matter that contaminates the wastewater.

Wastewater is passed through bar screens. Large objects like rags, sticks, cans, plastic packets, napkins are removed.

Water then goes to a grit and sand removal tank. The speed of the incoming wastewater is decreased to allow sand, grit and pebbles to settle down.

The water is then allowed to settle in a large tank. Solids like faeces settle at the bottom and are removed as sludge. A skimmer removes floatable solids like oil and grease. Water so cleared is called clarified water.

The sludge is transferred to a separate tank where it is decomposed by anaerobic bacteria. The biogas produced in the process can be used as fuel or to produce electricity.

Air is pumped into the clarified water to help aerobic bacteria to grow. Bacteria consume human waste, food waste, soaps and other unwanted matter still remaining. After several hours, the suspended microbes settle at the bottom as activated sludge. The water is then removed from the top.

The activated sludge is about 97% water. The water is removed by sand drying beds or machines. Dried sludge is used as manure, returning organic matter and nutrients to the soil.

The treated water has a very low level of organic material and suspended matter. It is discharged into a sea, a river or into the ground. Nature cleans it up further. Sometimes it may be necessary to disinfect water with chemicals like chlorine and ozone before releasing it into the distribution system.

13.5 Better Housekeeping Practices
One way to minimise waste and pollutants at their source is to see what you are releasing down the drain. Cooking oil and fats should not be thrown down the drain. Used tea leaves, solid food remains, sanitary towels etc. should be thrown in the dustbin, not in the drain. Chemicals like paints, insecticides, medicines may kill microbes that help purify water.

13.6 Sanitation and Disease
Poor sanitation and contaminated drinking water is the cause of a large number of diseases. A vast number of our people still live without sewerage facilities. Untreated human excreta is a health hazard. It may cause water pollution and soil pollution. Both the surface water and groundwater get polluted, and it becomes the most common route for waterborne diseases such as cholera, typhoid, polio, meningitis, hepatitis and dysentery.

13.7 Alternative Arrangement for Sewage Disposal
To improve sanitation, low-cost on-site sewage disposal systems are being encouraged. Examples are septic tanks, chemical toilets, composting pits. Some organisations offer hygienic on-site human waste disposal technology using biogas plants.

Vermi-processing toilets use earthworms to treat human excreta. The operation is simple and hygienic; excreta is turned into a resource needed for soil.

13.8 Sanitation at Public Places
Large public places generate large amounts of waste. It must be disposed of properly, otherwise epidemics could break out. The government has laid down certain standards of sanitation, but they are not strictly enforced. Everyone can help maintain sanitation at public places. Do not scatter litter; if no dustbin is available, carry the litter home.

Conclusion
Everyone has a role to play in keeping our environment clean and healthy. Good sanitation practices should be a way of life. Collective action can make a great difference in maintaining clean water sources and a clean environment.", Explain the function of bar screens in a wastewater treatment plant.,"Bar screens are used to remove large objects such as rags, sticks, cans, plastic packets, and sanitary napkins from the incoming sewage, preventing blockages and protecting subsequent treatment processes."
"All of us use water in our homes and make it dirty. Rich in lather, mixed with oil, black-brown water that goes down the drains from sinks, showers, toilets, laundries is dirty. It is called wastewater. This used water should not be wasted. We must clean it up by removing pollutants. Have you ever thought where the wastewater goes and what happens to it?

13.1 Water, Our Lifeline
Clean water is a basic need of human beings. Clean water that is fit for use is unfortunately not available to all. It has been reported that more than one billion people have no access to safe drinking water. This accounts for a large number of water-related diseases and even deaths. People, even children, walk for several kilometres to collect clean water. Is it not a serious matter for human dignity?

The increasing scarcity of fresh water is due to population growth, pollution, industrial development, mismanagement, and other factors. The United Nations declared 2005-2015 as the International Decade for action on “Water for Life”, aiming to reduce by half the number of people who do not have access to safe drinking water.

Cleaning of water is a process of removing pollutants before it enters a water body or is reused. This process of wastewater treatment is commonly known as “Sewage Treatment”. It takes place in several stages.

13.2 What is Sewage?
Sewage is wastewater released by homes, industries, hospitals, offices, and other users. It also includes rainwater that has run down the street during a storm or heavy rain. The water that washes off roads and rooftops carries harmful substances with it. Sewage is a liquid waste. Most of it is water, which has dissolved and suspended impurities. Sewage is a complex mixture containing suspended solids, organic and inorganic impurities, nutrients, saprophytes, and disease causing bacteria and other microbes.

13.3 Water Freshens Up — An Eventful Journey
In a home or a public building, generally one set of pipes brings clean water and another set of pipes takes away wastewater. Underground, we would see a network of big and small pipes, called sewers, forming the sewerage. Manholes are located at intervals, at the junction of two or more sewers and at points where there is a change in direction.

If there is no sewerage system in your locality, sewage has to be disposed of in other ways.

13.4 Wastewater Treatment Plant (WWTP)
Treatment of wastewater involves physical, chemical, and biological processes, which remove physical, chemical and biological matter that contaminates the wastewater.

Wastewater is passed through bar screens. Large objects like rags, sticks, cans, plastic packets, napkins are removed.

Water then goes to a grit and sand removal tank. The speed of the incoming wastewater is decreased to allow sand, grit and pebbles to settle down.

The water is then allowed to settle in a large tank. Solids like faeces settle at the bottom and are removed as sludge. A skimmer removes floatable solids like oil and grease. Water so cleared is called clarified water.

The sludge is transferred to a separate tank where it is decomposed by anaerobic bacteria. The biogas produced in the process can be used as fuel or to produce electricity.

Air is pumped into the clarified water to help aerobic bacteria to grow. Bacteria consume human waste, food waste, soaps and other unwanted matter still remaining. After several hours, the suspended microbes settle at the bottom as activated sludge. The water is then removed from the top.

The activated sludge is about 97% water. The water is removed by sand drying beds or machines. Dried sludge is used as manure, returning organic matter and nutrients to the soil.

The treated water has a very low level of organic material and suspended matter. It is discharged into a sea, a river or into the ground. Nature cleans it up further. Sometimes it may be necessary to disinfect water with chemicals like chlorine and ozone before releasing it into the distribution system.

13.5 Better Housekeeping Practices
One way to minimise waste and pollutants at their source is to see what you are releasing down the drain. Cooking oil and fats should not be thrown down the drain. Used tea leaves, solid food remains, sanitary towels etc. should be thrown in the dustbin, not in the drain. Chemicals like paints, insecticides, medicines may kill microbes that help purify water.

13.6 Sanitation and Disease
Poor sanitation and contaminated drinking water is the cause of a large number of diseases. A vast number of our people still live without sewerage facilities. Untreated human excreta is a health hazard. It may cause water pollution and soil pollution. Both the surface water and groundwater get polluted, and it becomes the most common route for waterborne diseases such as cholera, typhoid, polio, meningitis, hepatitis and dysentery.

13.7 Alternative Arrangement for Sewage Disposal
To improve sanitation, low-cost on-site sewage disposal systems are being encouraged. Examples are septic tanks, chemical toilets, composting pits. Some organisations offer hygienic on-site human waste disposal technology using biogas plants.

Vermi-processing toilets use earthworms to treat human excreta. The operation is simple and hygienic; excreta is turned into a resource needed for soil.

13.8 Sanitation at Public Places
Large public places generate large amounts of waste. It must be disposed of properly, otherwise epidemics could break out. The government has laid down certain standards of sanitation, but they are not strictly enforced. Everyone can help maintain sanitation at public places. Do not scatter litter; if no dustbin is available, carry the litter home.

Conclusion
Everyone has a role to play in keeping our environment clean and healthy. Good sanitation practices should be a way of life. Collective action can make a great difference in maintaining clean water sources and a clean environment.", Explain the relationship between sanitation and disease.,"Sanitation and disease are closely linked. A lack of sanitation leads to illness and the spread of disease, while good sanitation practices help prevent diseases and promote public health."
"All of us use water in our homes and make it dirty. Rich in lather, mixed with oil, black-brown water that goes down the drains from sinks, showers, toilets, laundries is dirty. It is called wastewater. This used water should not be wasted. We must clean it up by removing pollutants. Have you ever thought where the wastewater goes and what happens to it?

13.1 Water, Our Lifeline
Clean water is a basic need of human beings. Clean water that is fit for use is unfortunately not available to all. It has been reported that more than one billion people have no access to safe drinking water. This accounts for a large number of water-related diseases and even deaths. People, even children, walk for several kilometres to collect clean water. Is it not a serious matter for human dignity?

The increasing scarcity of fresh water is due to population growth, pollution, industrial development, mismanagement, and other factors. The United Nations declared 2005-2015 as the International Decade for action on “Water for Life”, aiming to reduce by half the number of people who do not have access to safe drinking water.

Cleaning of water is a process of removing pollutants before it enters a water body or is reused. This process of wastewater treatment is commonly known as “Sewage Treatment”. It takes place in several stages.

13.2 What is Sewage?
Sewage is wastewater released by homes, industries, hospitals, offices, and other users. It also includes rainwater that has run down the street during a storm or heavy rain. The water that washes off roads and rooftops carries harmful substances with it. Sewage is a liquid waste. Most of it is water, which has dissolved and suspended impurities. Sewage is a complex mixture containing suspended solids, organic and inorganic impurities, nutrients, saprophytes, and disease causing bacteria and other microbes.

13.3 Water Freshens Up — An Eventful Journey
In a home or a public building, generally one set of pipes brings clean water and another set of pipes takes away wastewater. Underground, we would see a network of big and small pipes, called sewers, forming the sewerage. Manholes are located at intervals, at the junction of two or more sewers and at points where there is a change in direction.

If there is no sewerage system in your locality, sewage has to be disposed of in other ways.

13.4 Wastewater Treatment Plant (WWTP)
Treatment of wastewater involves physical, chemical, and biological processes, which remove physical, chemical and biological matter that contaminates the wastewater.

Wastewater is passed through bar screens. Large objects like rags, sticks, cans, plastic packets, napkins are removed.

Water then goes to a grit and sand removal tank. The speed of the incoming wastewater is decreased to allow sand, grit and pebbles to settle down.

The water is then allowed to settle in a large tank. Solids like faeces settle at the bottom and are removed as sludge. A skimmer removes floatable solids like oil and grease. Water so cleared is called clarified water.

The sludge is transferred to a separate tank where it is decomposed by anaerobic bacteria. The biogas produced in the process can be used as fuel or to produce electricity.

Air is pumped into the clarified water to help aerobic bacteria to grow. Bacteria consume human waste, food waste, soaps and other unwanted matter still remaining. After several hours, the suspended microbes settle at the bottom as activated sludge. The water is then removed from the top.

The activated sludge is about 97% water. The water is removed by sand drying beds or machines. Dried sludge is used as manure, returning organic matter and nutrients to the soil.

The treated water has a very low level of organic material and suspended matter. It is discharged into a sea, a river or into the ground. Nature cleans it up further. Sometimes it may be necessary to disinfect water with chemicals like chlorine and ozone before releasing it into the distribution system.

13.5 Better Housekeeping Practices
One way to minimise waste and pollutants at their source is to see what you are releasing down the drain. Cooking oil and fats should not be thrown down the drain. Used tea leaves, solid food remains, sanitary towels etc. should be thrown in the dustbin, not in the drain. Chemicals like paints, insecticides, medicines may kill microbes that help purify water.

13.6 Sanitation and Disease
Poor sanitation and contaminated drinking water is the cause of a large number of diseases. A vast number of our people still live without sewerage facilities. Untreated human excreta is a health hazard. It may cause water pollution and soil pollution. Both the surface water and groundwater get polluted, and it becomes the most common route for waterborne diseases such as cholera, typhoid, polio, meningitis, hepatitis and dysentery.

13.7 Alternative Arrangement for Sewage Disposal
To improve sanitation, low-cost on-site sewage disposal systems are being encouraged. Examples are septic tanks, chemical toilets, composting pits. Some organisations offer hygienic on-site human waste disposal technology using biogas plants.

Vermi-processing toilets use earthworms to treat human excreta. The operation is simple and hygienic; excreta is turned into a resource needed for soil.

13.8 Sanitation at Public Places
Large public places generate large amounts of waste. It must be disposed of properly, otherwise epidemics could break out. The government has laid down certain standards of sanitation, but they are not strictly enforced. Everyone can help maintain sanitation at public places. Do not scatter litter; if no dustbin is available, carry the litter home.

Conclusion
Everyone has a role to play in keeping our environment clean and healthy. Good sanitation practices should be a way of life. Collective action can make a great difference in maintaining clean water sources and a clean environment.",Outline your role as an active citizen in relation to sanitation.,"Keep your surroundings clean.

Ensure that the sewage system in your house is properly managed.

Immediately report any leakages or problems in sewage pipes to the concerned authorities.

Practice and promote responsible waste disposal and hygiene in your community."